o 
v 1.2000092267990112 -0.002099963603541255 -0.0010499992640689015
v 1.2057734727859497 0.02411484904587269 -0.053377874195575714
v 1.2228446006774902 0.04940294101834297 -0.10365447402000427
v 1.2505667209625244 0.07279250770807266 -0.14994768798351288
v 1.287874460220337 0.09338469803333282 -0.19047848880290985
v 1.3333340883255005 0.11038816720247269 -0.22368931770324707
v 1.3851984739303589 0.12314947694540024 -0.24830389022827148
v 1.4414746761322021 0.13117823004722595 -0.26337626576423645
v 1.5 0.13416586816310883 -0.2683272659778595
v 1.5585253238677979 0.13199758529663086 -0.2629665732383728
v 1.6148015260696411 0.12475672364234924 -0.2475002557039261
v 1.6666659116744995 0.1127215176820755 -0.22252261638641357
v 1.712125539779663 0.09635449200868607 -0.18899355828762054
v 1.7494332790374756 0.07628461718559265 -0.1482015997171402
v 1.7771553993225098 0.053283169865608215 -0.10171432793140411
v 1.7942265272140503 0.028234075754880905 -0.051318228244781494
v 1.7999907732009888 0.002099963603541255 0.0010499992640689015
v 1.7942265272140503 -0.02411484904587269 0.053377874195575714
v 1.7771553993225098 -0.04940294101834297 0.10365447402000427
v 1.7494332790374756 -0.07279250770807266 0.14994768798351288
v 1.712125539779663 -0.09338469803333282 0.19047848880290985
v 1.6666659116744995 -0.11038816720247269 0.22368931770324707
v 1.6148015260696411 -0.12314947694540024 0.24830389022827148
v 1.5585253238677979 -0.13117823004722595 0.26337626576423645
v 1.5 -0.13416586816310883 0.2683272659778595
v 1.4414746761322021 -0.13199758529663086 0.2629665732383728
v 1.3851984739303589 -0.12475672364234924 0.2475002557039261
v 1.3333340883255005 -0.1127215176820755 0.22252261638641357
v 1.287874460220337 -0.09635449200868607 0.18899355828762054
v 1.2505667209625244 -0.07628461718559265 0.1482015997171402
v 1.2228446006774902 -0.053283169865608215 0.10171432793140411
v 1.2057734727859497 -0.028234075754880905 0.051318228244781494
v 1.2000092267990112 -0.002099963603541255 -0.0010499992640689015
v 1.191296935081482 0.1033635213971138 0.051738958805799484
v 1.1969767808914185 0.13047713041305542 -0.0001382104674121365
v 1.2138171195983887 0.15820631384849548 -0.04919068515300751
v 1.2411707639694214 0.18548543751239777 -0.09353340417146683
v 1.2779865264892578 0.2112661898136139 -0.13146230578422546
v 1.3228496313095093 0.2345578372478485 -0.16151979565620422
v 1.3740359544754028 0.2544652819633484 -0.18255078792572021
v 1.429578423500061 0.2702235281467438 -0.19374705851078033
v 1.4873427152633667 0.2812269330024719 -0.19467836618423462
v 1.5451087951660156 0.2870526909828186 -0.18530890345573425
v 1.6006568670272827 0.28747689723968506 -0.16599874198436737
v 1.6518521308898926 0.2824832797050476 -0.13748995959758759
v 1.6967273950576782 0.27226367592811584 -0.10087812691926956
v 1.733557939529419 0.257210910320282 -0.05757021903991699
v 1.7609283924102783 0.23790337145328522 -0.0092305364087224
v 1.7777870893478394 0.21508309245109558 0.042283255606889725
v 1.7834858894348145 0.189627006649971 0.09499151259660721
v 1.777806043624878 0.16251340508460999 0.14686869084835052
v 1.7609657049179077 0.13478422164916992 0.1959211528301239
v 1.733612060546875 0.10750509798526764 0.24026387929916382
v 1.6967962980270386 0.08172433823347092 0.27819278836250305
v 1.651933193206787 0.058432694524526596 0.3082502782344818
v 1.6007468700408936 0.03852524235844612 0.3292812705039978
v 1.5452044010162354 0.022767018526792526 0.34047752618789673
v 1.4874401092529297 0.011763600632548332 0.3414088487625122
v 1.4296740293502808 0.005937846377491951 0.33203938603401184
v 1.3741259574890137 0.0055136349983513355 0.31272920966148376
v 1.3229305744171143 0.010507268831133842 0.284220427274704
v 1.2780554294586182 0.020726844668388367 0.24760860204696655
v 1.2412248849868774 0.03577962890267372 0.20430070161819458
v 1.213854432106018 0.05508715659379959 0.15596100687980652
v 1.196995735168457 0.07790744304656982 0.10444721579551697
v 1.191296935081482 0.1033635213971138 0.051738958805799484
v 1.1648659706115723 0.20536251366138458 0.10316280275583267
v 1.1702762842178345 0.23354576528072357 0.0518297478556633
v 1.1864386796951294 0.26383838057518005 0.004082642029970884
v 1.2127318382263184 0.2950762212276459 -0.038243617862463
v 1.248145580291748 0.32605886459350586 -0.07352246344089508
v 1.2913187742233276 0.3555956482887268 -0.10039813816547394
v 1.340592384338379 0.38255152106285095 -0.1178378313779831
v 1.3940727710723877 0.4058905243873596 -0.12517134845256805
v 1.449704885482788 0.4247157871723175 -0.12211685627698898
v 1.5053507089614868 0.4383038878440857 -0.10879174619913101
v 1.5588717460632324 0.4461326003074646 -0.08570808917284012
v 1.6082113981246948 0.4479010999202728 -0.05375298112630844
v 1.6514732837677002 0.44354140758514404 -0.014154436998069286
v 1.6869951486587524 0.43322107195854187 0.031565792858600616
v 1.713411808013916 0.41733670234680176 0.08165070414543152
v 1.729707956314087 0.39649873971939087 0.13417556881904602
v 1.735257625579834 0.3715079128742218 0.18712186813354492
v 1.7298471927642822 0.3433246910572052 0.2384549230337143
v 1.7136849164962769 0.3130320608615875 0.2862020432949066
v 1.6873916387557983 0.2817942202091217 0.3285282850265503
v 1.6519780158996582 0.2508115768432617 0.36380714178085327
v 1.6088048219680786 0.22127477824687958 0.39068281650543213
v 1.5595312118530273 0.19431893527507782 0.4081225097179413
v 1.506050705909729 0.17097991704940796 0.41545602679252625
v 1.4504187107086182 0.15215463936328888 0.4124015271663666
v 1.3947728872299194 0.13856655359268188 0.3990764319896698
v 1.3412517309188843 0.13073784112930298 0.3759927749633789
v 1.2919121980667114 0.12896934151649475 0.34403765201568604
v 1.2486501932144165 0.13332903385162354 0.30443912744522095
v 1.2131284475326538 0.14364935457706451 0.258718878030777
v 1.1867117881774902 0.15953372418880463 0.20863397419452667
v 1.1704155206680298 0.1803717166185379 0.15610910952091217
v 1.1648659706115723 0.20536251366138458 0.10316280275583267
v 1.1219773292541504 0.30059126019477844 0.15189440548419952
v 1.1268941164016724 0.3299713432788849 0.10118655860424042
v 1.1419016122817993 0.3628685176372528 0.05480552837252617
v 1.1664232015609741 0.3980185389518738 0.014533701352775097
v 1.1995162963867188 0.4340706467628479 -0.018081296235322952
v 1.2399094104766846 0.4696393311023712 -0.04178608953952789
v 1.2860500812530518 0.5033577680587769 -0.05566971376538277
v 1.336165189743042 0.5339300632476807 -0.05919862911105156
v 1.3883289098739624 0.5601814985275269 -0.05223722755908966
v 1.440536618232727 0.5811031460762024 -0.03505302593111992
v 1.4907819032669067 0.595890998840332 -0.008306402713060379
v 1.537133812904358 0.6039767861366272 0.02697478048503399
v 1.5778112411499023 0.6050497889518738 0.06943468749523163
v 1.6112509965896606 0.5990687608718872 0.11744160950183868
v 1.6361677646636963 0.5862635970115662 0.1691506803035736
v 1.6516042947769165 0.5671262741088867 0.22257472574710846
v 1.6569671630859375 0.5423923134803772 0.2756606936454773
v 1.6520503759384155 0.5130122303962708 0.3263685405254364
v 1.6370428800582886 0.4801150858402252 0.37274956703186035
v 1.6125212907791138 0.44496503472328186 0.41302138566970825
v 1.5794281959533691 0.4089129567146301 0.4456363916397095
v 1.5390350818634033 0.3733442723751068 0.4693411886692047
v 1.4928944110870361 0.33962586522102356 0.4832248091697693
v 1.442779302597046 0.309053510427475 0.4867537319660187
v 1.3906155824661255 0.28280210494995117 0.4797923266887665
v 1.3384078741073608 0.26188045740127563 0.46260812878608704
v 1.2881625890731812 0.2470925897359848 0.4358614981174469
v 1.24181067943573 0.23900678753852844 0.4005803167819977
v 1.2011332511901855 0.23793378472328186 0.3581204116344452
v 1.1676934957504272 0.24391481280326843 0.31011348962783813
v 1.1427767276763916 0.25672000646591187 0.2584044337272644
v 1.1273401975631714 0.2758573293685913 0.20498037338256836
v 1.1219773292541504 0.30059126019477844 0.15189440548419952
v 1.0646443367004395 0.38615313172340393 0.19670367240905762
v 1.0688178539276123 0.41680029034614563 0.14668384194374084
v 1.0821819305419922 0.45225027203559875 0.10170217603445053
v 1.1042227745056152 0.491140753030777 0.06348726898431778
v 1.1340935230255127 0.5319772362709045 0.033507708460092545
v 1.170646071434021 0.5731903314590454 0.0129155945032835
v 1.2124758958816528 0.6131963133811951 0.0025022667832672596
v 1.257975459098816 0.6504577398300171 0.002667904831469059
v 1.3053961992263794 0.6835426688194275 0.013406142592430115
v 1.35291588306427 0.7111796140670776 0.03430431708693504
v 1.3987081050872803 0.7323066592216492 0.06455931812524796
v 1.4410133361816406 0.7461117506027222 0.10300847142934799
v 1.478205680847168 0.7520644068717957 0.1481741964817047
v 1.508855938911438 0.7499359250068665 0.19832079112529755
v 1.5317862033843994 0.7398080229759216 0.25152114033699036
v 1.5461152791976929 0.7220699787139893 0.30573081970214844
v 1.5512925386428833 0.6974033713340759 0.3588665723800659
v 1.547118902206421 0.6667562127113342 0.4088863730430603
v 1.5337549448013306 0.6313062310218811 0.4538680613040924
v 1.511713981628418 0.5924157500267029 0.49208295345306396
v 1.48184335231781 0.5515792965888977 0.5220625400543213
v 1.4452906847000122 0.5103661417961121 0.5426546335220337
v 1.4034608602523804 0.4703601896762848 0.5530679821968079
v 1.3579612970352173 0.43309879302978516 0.552902340888977
v 1.3105405569076538 0.40001386404037476 0.5421640872955322
v 1.2630209922790527 0.37237685918807983 0.5212659239768982
v 1.217228651046753 0.3512498736381531 0.4910109043121338
v 1.1749234199523926 0.3374447822570801 0.45256176590919495
v 1.1377310752868652 0.3314920961856842 0.4073960483074188
v 1.1070808172225952 0.3336206078529358 0.3572494387626648
v 1.0841505527496338 0.3437485098838806 0.3040490746498108
v 1.0698214769363403 0.361486554145813 0.2498394101858139
v 1.0646443367004395 0.38615313172340393 0.19670367240905762
v 0.9954997301101685 0.4597281813621521 0.23650683462619781
v 0.9986735582351685 0.49164479970932007 0.1872127652168274
v 1.0099166631698608 0.5294946432113647 0.14362801611423492
v 1.0287971496582031 0.5718231797218323 0.10742755234241486
v 1.0545892715454102 0.6170037388801575 0.08000252395868301
v 1.0863019227981567 0.6633000373840332 0.06240685656666756
v 1.1227164268493652 0.7089329957962036 0.0553167462348938
v 1.162433385848999 0.7521488666534424 0.05900466442108154
v 1.20392644405365 0.7912870049476624 0.0733288824558258
v 1.2456010580062866 0.8248432874679565 0.09773892909288406
v 1.285855770111084 0.8515281081199646 0.13129673898220062
v 1.3231436014175415 0.8703160881996155 0.17271271347999573
v 1.3560315370559692 0.8804851770401001 0.22039523720741272
v 1.3832557201385498 0.881644606590271 0.27251192927360535
v 1.4037699699401855 0.8737497925758362 0.32705995440483093
v 1.4167859554290771 0.8571040630340576 0.3819430470466614
v 1.42180335521698 0.8323472142219543 0.43505212664604187
v 1.41862952709198 0.8004305958747864 0.4843461811542511
v 1.4073864221572876 0.7625807523727417 0.5279309153556824
v 1.3885059356689453 0.7202522158622742 0.5641313791275024
v 1.3627138137817383 0.675071656703949 0.5915564298629761
v 1.3310011625289917 0.6287753582000732 0.60915207862854
v 1.2945866584777832 0.5831423997879028 0.6162422299385071
v 1.2548696994781494 0.5399265289306641 0.6125543117523193
v 1.2133766412734985 0.5007883906364441 0.5982300639152527
v 1.1717020273208618 0.4672321379184723 0.5738200545310974
v 1.1314473152160645 0.44054728746414185 0.5402622222900391
v 1.094159483909607 0.42175930738449097 0.49884626269340515
v 1.0612715482711792 0.41159021854400635 0.45116370916366577
v 1.0340473651885986 0.41043081879615784 0.39904701709747314
v 1.013533115386963 0.41832566261291504 0.34449902176856995
v 1.0005171298980713 0.43497133255004883 0.2896158993244171
v 0.9954997301101685 0.4597281813621521 0.23650683462619781
v 0.9176198840141296 0.5196970701217651 0.2704170048236847
v 0.919555127620697 0.5528104901313782 0.22185355424880981
v 0.9282407164573669 0.592802107334137 0.17961756885051727
v 0.9433427453041077 0.6381351947784424 0.14533217251300812
v 0.964280903339386 0.6870676279067993 0.12031491845846176
v 0.9902505874633789 0.7377188801765442 0.10552720725536346
v 1.0202537775039673 0.7881424427032471 0.101537324488163
v 1.0531374216079712 0.8364006876945496 0.10849859565496445
v 1.0876379013061523 0.8806389570236206 0.12614351511001587
v 1.1224292516708374 0.9191572666168213 0.15379397571086884
v 1.1561745405197144 0.9504753947257996 0.19038741290569305
v 1.1875770092010498 0.9733896851539612 0.23451752960681915
v 1.2154299020767212 0.9870197176933289 0.2844884693622589
v 1.238662600517273 0.9908415675163269 0.338379830121994
v 1.2563825845718384 0.9847084283828735 0.3941206634044647
v 1.2679086923599243 0.9688559770584106 0.44956880807876587
v 1.2727980613708496 0.9438934326171875 0.502593457698822
v 1.2708628177642822 0.9107800126075745 0.5511568784713745
v 1.2621772289276123 0.8707883954048157 0.5933929085731506
v 1.2470752000808716 0.8254552483558655 0.6276782751083374
v 1.2261370420455933 0.7765228748321533 0.6526955366134644
v 1.2001674175262451 0.7258716225624084 0.6674832701683044
v 1.1701642274856567 0.6754480004310608 0.6714731454849243
v 1.1372805833816528 0.6271898150444031 0.6645118594169617
v 1.1027801036834717 0.582951545715332 0.6468669176101685
v 1.0679887533187866 0.5444332361221313 0.6192165017127991
v 1.0342433452606201 0.5131151080131531 0.5826230645179749
v 1.0028408765792847 0.49020078778266907 0.5384929180145264
v 0.9749881029129028 0.4765707850456238 0.4885219931602478
v 0.9517553448677063 0.47274893522262573 0.4346306025981903
v 0.9340353608131409 0.4788820743560791 0.378889799118042
v 0.9225092530250549 0.494734525680542 0.32344165444374084
v 0.9176198840141296 0.5196970701217651 0.2704170048236847
v 0.8343166708946228 0.5652080178260803 0.2977966070175171
v 0.8348237872123718 0.5993677377700806 0.24992689490318298
v 0.840591549873352 0.6411401629447937 0.20893363654613495
v 0.8513982892036438 0.6889200210571289 0.17639219760894775
v 0.8668286204338074 0.740871250629425 0.15355312824249268
v 0.8862897157669067 0.7949973344802856 0.14129409193992615
v 0.9090335369110107 0.8492182493209839 0.14008623361587524
v 0.9341861605644226 0.9014503359794617 0.1499759554862976
v 0.9607809782028198 0.9496862888336182 0.17058318853378296
v 0.987795889377594 0.9920724630355835 0.20111602544784546
v 1.014192819595337 1.0269800424575806 0.24040110409259796
v 1.0389572381973267 1.0530674457550049 0.2869287133216858
v 1.0611376762390137 1.0693321228027344 0.3389108180999756
v 1.0798814296722412 1.0751491785049438 0.3943498134613037
v 1.0944684743881226 1.070294976234436 0.4511151611804962
v 1.1043380498886108 1.0549559593200684 0.507025420665741
v 1.1091110706329346 1.0297218561172485 0.5599319934844971
v 1.1086039543151855 0.9955621957778931 0.6078017354011536
v 1.1028361320495605 0.9537897706031799 0.648794949054718
v 1.0920294523239136 0.9060098528862 0.6813364028930664
v 1.0765990018844604 0.8540586233139038 0.7041754722595215
v 1.0571379661560059 0.7999325394630432 0.7164345383644104
v 1.0343941450119019 0.745711624622345 0.7176423668861389
v 1.0092415809631348 0.693479597568512 0.7077526450157166
v 0.9826467633247375 0.6452435851097107 0.6871454119682312
v 0.9556317925453186 0.6028574109077454 0.6566125750541687
v 0.9292348623275757 0.5679498910903931 0.6173275113105774
v 0.9044704437255859 0.5418624877929688 0.5707998871803284
v 0.8822900652885437 0.5255977511405945 0.5188177824020386
v 0.8635462522506714 0.5197807550430298 0.46337878704071045
v 0.84895920753479 0.5246349573135376 0.40661343932151794
v 0.839089572429657 0.5399739146232605 0.3507031798362732
v 0.8343166708946228 0.5652080178260803 0.2977966070175171
v 0.7489094734191895 0.596174955368042 0.31831249594688416
v 0.7478877305984497 0.6311557292938232 0.27104780077934265
v 0.7504982352256775 0.6742547750473022 0.23111900687217712
v 0.7566407322883606 0.7238157391548157 0.20006051659584045
v 0.7660791277885437 0.7779340147972107 0.17906589806079865
v 0.7784507274627686 0.8345299959182739 0.16894195973873138
v 0.7932800650596619 0.8914285898208618 0.17007775604724884
v 0.8099972605705261 0.9464432597160339 0.18242965638637543
v 0.8279599547386169 0.9974598288536072 0.20552298426628113
v 0.846477746963501 1.0425177812576294 0.23847024142742157
v 0.8648390769958496 1.079885482788086 0.2800053358078003
v 0.882338285446167 1.1081269979476929 0.32853204011917114
v 0.8983029127120972 1.1261570453643799 0.38218554854393005
v 0.9121195077896118 1.1332826614379883 0.43890395760536194
v 0.9232569932937622 1.12923002243042 0.4965076148509979
v 0.931287407875061 1.1141549348831177 0.5527828335762024
v 0.9359021782875061 1.0886366367340088 0.6055670380592346
v 0.9369239211082458 1.0536558628082275 0.6528317332267761
v 0.9343133568763733 1.0105568170547485 0.6927605271339417
v 0.9281708598136902 0.9609959125518799 0.7238190174102783
v 0.9187324643135071 0.9068775773048401 0.7448136210441589
v 0.906360924243927 0.8502816557884216 0.7549375891685486
v 0.8915315866470337 0.7933830618858337 0.7538017630577087
v 0.8748143315315247 0.7383683919906616 0.7414498925209045
v 0.8568516969680786 0.6873517632484436 0.7183565497398376
v 0.8383338451385498 0.6422938704490662 0.6854093074798584
v 0.819972574710846 0.6049261093139648 0.6438742280006409
v 0.8024733066558838 0.5766845941543579 0.5953474640846252
v 0.7865086793899536 0.5586545467376709 0.5416939854621887
v 0.7726921439170837 0.5515289306640625 0.48497557640075684
v 0.7615546584129333 0.5555815696716309 0.42737191915512085
v 0.7535241842269897 0.5706566572189331 0.371096670627594
v 0.7489094734191895 0.596174955368042 0.31831249594688416
v 0.6644909381866455 0.6131961345672607 0.3319935202598572
v 0.6619781851768494 0.6487082839012146 0.28518298268318176
v 0.6613672375679016 0.6926063299179077 0.24605193734169006
v 0.6626815795898438 0.7432032823562622 0.21610413491725922
v 0.6658706665039062 0.7985547184944153 0.19649043679237366
v 0.6708118915557861 0.8565335273742676 0.18796460330486298
v 0.6773154735565186 0.9149116277694702 0.1908542662858963
v 0.6851314306259155 0.9714455604553223 0.20504839718341827
v 0.6939594149589539 1.0239628553390503 0.2300015091896057
v 0.7034600973129272 1.0704450607299805 0.26475468277931213
v 0.7132684588432312 1.109106183052063 0.30797234177589417
v 0.7230075597763062 1.1384602785110474 0.3579936623573303
v 0.7323031425476074 1.157379388809204 0.41289639472961426
v 0.7407979369163513 1.1651365756988525 0.4705706238746643
v 0.748165488243103 1.161433458328247 0.5287999510765076
v 0.7541227340698242 1.1464124917984009 0.5853466987609863
v 0.7584406137466431 1.1206510066986084 0.6380377411842346
v 0.7609533667564392 1.0851387977600098 0.6848482489585876
v 0.761564314365387 1.0412408113479614 0.7239792943000793
v 0.7602499723434448 0.9906438589096069 0.7539271116256714
v 0.7570608854293823 0.9352924227714539 0.7735407948493958
v 0.7521196603775024 0.8773136138916016 0.7820666432380676
v 0.74561607837677 0.8189355134963989 0.7791769504547119
v 0.737800121307373 0.7624015212059021 0.7649828791618347
v 0.7289721965789795 0.7098842859268188 0.7400297522544861
v 0.7194714546203613 0.6634020209312439 0.705276608467102
v 0.7096630930900574 0.6247409582138062 0.6620588898658752
v 0.6999239921569824 0.595386803150177 0.6120375990867615
v 0.6906284093856812 0.5764676928520203 0.5571348667144775
v 0.6821336150169373 0.5687106251716614 0.4994606375694275
v 0.6747660636901855 0.5724136829376221 0.44123131036758423
v 0.6688088774681091 0.5874346494674683 0.38468456268310547
v 0.6644909381866455 0.6131961345672607 0.3319935202598572
v 0.5836988091468811 0.6173864006996155 0.33928990364074707
v 0.5799353718757629 0.6530934572219849 0.29271212220191956
v 0.5762820243835449 0.6972213983535767 0.2540077269077301
v 0.5728790163993835 0.7480743527412415 0.22466419637203217
v 0.5698571801185608 0.8036981225013733 0.2058091163635254
v 0.5673326849937439 0.8619551062583923 0.1981671154499054
v 0.5654024481773376 0.9206065535545349 0.20203185081481934
v 0.564140796661377 0.9773984551429749 0.21725480258464813
v 0.5635960698127747 1.0301482677459717 0.2432509809732437
v 0.5637892484664917 1.0768290758132935 0.27902135252952576
v 0.5647130012512207 1.1156467199325562 0.3231912851333618
v 0.566331684589386 1.1451096534729004 0.3740633726119995
v 0.5685831308364868 1.1640855073928833 0.42968258261680603
v 0.5713809132575989 1.1718450784683228 0.48791155219078064
v 0.5746173858642578 1.1680902242660522 0.5465125441551208
v 0.5781682729721069 1.1529650688171387 0.6032335162162781
v 0.5818970799446106 1.1270511150360107 0.6558948159217834
v 0.585660457611084 1.0913439989089966 0.7024726271629333
v 0.5893138647079468 1.0472160577774048 0.741176962852478
v 0.5927168726921082 0.99636310338974 0.7705205082893372
v 0.5957387089729309 0.9407393336296082 0.7893756031990051
v 0.5982632040977478 0.8824823498725891 0.7970176339149475
v 0.6001933813095093 0.8238309621810913 0.7931528687477112
v 0.6014550924301147 0.7670390605926514 0.7779299020767212
v 0.601999819278717 0.7142891883850098 0.751933753490448
v 0.6018065810203552 0.6676084399223328 0.7161633968353271
v 0.600882887840271 0.6287907361984253 0.6719934344291687
v 0.5992642045021057 0.5993278622627258 0.621121346950531
v 0.5970126986503601 0.5803520083427429 0.5655021667480469
v 0.5942149758338928 0.5725924372673035 0.5072731971740723
v 0.5909784436225891 0.5763473510742188 0.44867220520973206
v 0.5874276161193848 0.5914723873138428 0.39195120334625244
v 0.5836988091468811 0.6173864006996155 0.33928990364074707
v 0.5084988474845886 0.6101204752922058 0.34112733602523804
v 0.5040092468261719 0.6456656455993652 0.29449009895324707
v 0.4978218972682953 0.6894584894180298 0.2557273209095001
v 0.4901745915412903 0.7398161292076111 0.22632868587970734
v 0.4813612401485443 0.794803261756897 0.20742394030094147
v 0.47172051668167114 0.8523067831993103 0.19973957538604736
v 0.4616229236125946 0.9101169109344482 0.2035709023475647
v 0.4514564573764801 0.9660119414329529 0.21877069771289825
v 0.4416118562221527 1.0178439617156982 0.244754821062088
v 0.43246743083000183 1.0636210441589355 0.28052473068237305
v 0.42437461018562317 1.1015840768814087 0.3247058093547821
v 0.41764435172080994 1.1302740573883057 0.3756002187728882
v 0.41253533959388733 1.1485884189605713 0.43125206232070923
v 0.4092438817024231 1.1558234691619873 0.4895227253437042
v 0.407896488904953 1.1517010927200317 0.5481728911399841
v 0.4085449278354645 1.1363798379898071 0.6049486398696899
v 0.4111642837524414 1.1104482412338257 0.6576681137084961
v 0.41565391421318054 1.0749030113220215 0.7043053507804871
v 0.42184123396873474 1.031110167503357 0.7430680990219116
v 0.42948853969573975 0.9807525873184204 0.772466778755188
v 0.4383018910884857 0.9257654547691345 0.7913715243339539
v 0.4479426145553589 0.8682619333267212 0.7990558743476868
v 0.4580402076244354 0.8104518055915833 0.7952245473861694
v 0.4682066738605499 0.7545567750930786 0.7800247669219971
v 0.4780512750148773 0.7027247548103333 0.7540406584739685
v 0.4871957004070282 0.6569476127624512 0.7182707190513611
v 0.49528852105140686 0.6189846396446228 0.6740896105766296
v 0.5020187497138977 0.5902947187423706 0.623195230960846
v 0.5071278214454651 0.5719802975654602 0.5675433874130249
v 0.5104192495346069 0.5647452473640442 0.5092726945877075
v 0.5117666125297546 0.568867564201355 0.45062255859375
v 0.5111181735992432 0.5841889381408691 0.3938468098640442
v 0.5084988474845886 0.6101204752922058 0.34112733602523804
v 0.43996432423591614 0.5927041172981262 0.3389289081096649
v 0.43565958738327026 0.6277430057525635 0.29189279675483704
v 0.4278844892978668 0.6706990599632263 0.2524849474430084
v 0.41693779826164246 0.719921350479126 0.22221975028514862
v 0.4032402038574219 0.773518443107605 0.20226028561592102
v 0.38731807470321655 0.8294305205345154 0.19337359070777893
v 0.36978334188461304 0.8855089545249939 0.19590117037296295
v 0.35130980610847473 0.9395987391471863 0.2097458839416504
v 0.3326074182987213 0.9896211624145508 0.2343757003545761
v 0.31439489126205444 1.0336538553237915 0.2688440978527069
v 0.29737210273742676 1.0700048208236694 0.3118264973163605
v 0.28219327330589294 1.0972769260406494 0.3616710901260376
v 0.269441694021225 1.11442232131958 0.41646236181259155
v 0.2596074044704437 1.1207818984985352 0.4740947484970093
v 0.25306832790374756 1.116111397743225 0.5323534607887268
v 0.2500757575035095 1.1005902290344238 0.5889996290206909
v 0.25074470043182373 1.074815034866333 0.6418563723564148
v 0.2550494372844696 1.039776086807251 0.6888924837112427
v 0.26282453536987305 0.9968200922012329 0.7283003330230713
v 0.2737712264060974 0.9475977420806885 0.7585655450820923
v 0.287468820810318 0.8940007090568542 0.7785249948501587
v 0.3033909499645233 0.8380885720252991 0.7874116897583008
v 0.32092568278312683 0.7820101380348206 0.7848840951919556
v 0.33939921855926514 0.7279203534126282 0.7710394263267517
v 0.35810160636901855 0.6778979897499084 0.7464095950126648
v 0.3763141334056854 0.633865237236023 0.7119411826133728
v 0.3933369219303131 0.597514271736145 0.6689587831497192
v 0.4085157513618469 0.570242166519165 0.6191142201423645
v 0.4212673306465149 0.5530968308448792 0.5643228888511658
v 0.43110162019729614 0.5467372536659241 0.5066905617713928
v 0.4376406967639923 0.5514077544212341 0.4484318196773529
v 0.44063326716423035 0.5669288635253906 0.3917856514453888
v 0.43996432423591614 0.5927041172981262 0.3389289081096649
v 0.3780052661895752 0.5660316944122314 0.3345157504081726
v 0.3752938508987427 0.6002655625343323 0.28677332401275635
v 0.3674364984035492 0.6420117616653442 0.24610187113285065
v 0.3547351658344269 0.6896659731864929 0.214064359664917
v 0.3376779556274414 0.7413969039916992 0.19189199805259705
v 0.31692036986351013 0.7952165007591248 0.18043681979179382
v 0.2932600975036621 0.8490565419197083 0.18013907968997955
v 0.26760637760162354 0.9008480310440063 0.19101019203662872
v 0.24094511568546295 0.9486005902290344 0.21263238787651062
v 0.21430085599422455 0.9904791116714478 0.2441747635602951
v 0.18869753181934357 1.0248743295669556 0.28442513942718506
v 0.16511905193328857 1.0504642724990845 0.3318367004394531
v 0.14447154104709625 1.0662657022476196 0.38458749651908875
v 0.1275484561920166 1.0716712474822998 0.4406503140926361
v 0.1150001510977745 1.0664732456207275 0.49787068367004395
v 0.10730884969234467 1.05087149143219 0.5540496706962585
v 0.10477012395858765 1.025465488433838 0.6070283055305481
v 0.10748153179883957 0.9912316203117371 0.6547707319259644
v 0.11533888429403305 0.9494854211807251 0.6954421997070312
v 0.12804022431373596 0.9018312096595764 0.7274796962738037
v 0.14509743452072144 0.8501002788543701 0.749652087688446
v 0.1658550351858139 0.7962806820869446 0.7611072659492493
v 0.18951530754566193 0.7424406409263611 0.7614049911499023
v 0.2151689976453781 0.690649151802063 0.7505338788032532
v 0.2418302744626999 0.6428965926170349 0.7289116978645325
v 0.2684745490550995 0.6010180711746216 0.6973692774772644
v 0.29407787322998047 0.5666229128837585 0.6571189165115356
v 0.31765633821487427 0.5410329103469849 0.6097073554992676
v 0.3383038640022278 0.5252315402030945 0.5569565892219543
v 0.35522693395614624 0.5198259353637695 0.500893771648407
v 0.36777523159980774 0.5250239372253418 0.44367340207099915
v 0.37546655535697937 0.5406256914138794 0.38749441504478455
v 0.3780052661895752 0.5660316944122314 0.3345157504081726
v 0.3210022747516632 0.5303941965103149 0.32963132858276367
v 0.32184457778930664 0.5635921359062195 0.28109434247016907
v 0.3160487115383148 0.60393887758255 0.2387009561061859
v 0.3038374185562134 0.6498838663101196 0.204080268740654
v 0.2856799364089966 0.6996614933013916 0.17856277525424957
v 0.2622740566730499 0.7513588070869446 0.1631290763616562
v 0.23451928794384003 0.8029891848564148 0.15837229788303375
v 0.20348219573497772 0.8525684475898743 0.1644752323627472
v 0.17035552859306335 0.8981912732124329 0.18120333552360535
v 0.13641232252120972 0.9381044507026672 0.20791377127170563
v 0.10295699536800385 0.9707741141319275 0.24358005821704865
v 0.07127521932125092 0.9949448108673096 0.2868315875530243
v 0.04258451610803604 1.0096875429153442 0.33600619435310364
v 0.017987439408898354 1.0144360065460205 0.3892141580581665
v -0.0015707516577094793 1.009007453918457 0.44441068172454834
v -0.01533844880759716 0.9936107397079468 0.4994746446609497
v -0.022786566987633705 0.9688373804092407 0.5522899627685547
v -0.023628879338502884 0.9356394410133362 0.6008269190788269
v -0.017833014950156212 0.8952926993370056 0.6432203054428101
v -0.005621707998216152 0.849347710609436 0.6778410077095032
v 0.012535769492387772 0.7995700836181641 0.7033584713935852
v 0.03594163432717323 0.7478727698326111 0.718792200088501
v 0.06369641423225403 0.6962423920631409 0.723548948764801
v 0.09473351389169693 0.6466631293296814 0.7174460291862488
v 0.1278601735830307 0.6010403037071228 0.7007179260253906
v 0.16180337965488434 0.5611271262168884 0.6740074753761292
v 0.1952587068080902 0.5284574627876282 0.6383411884307861
v 0.22694048285484314 0.5042867660522461 0.5950896739959717
v 0.2556311786174774 0.48954397439956665 0.5459150671958923
v 0.28022825717926025 0.48479560017585754 0.49270713329315186
v 0.29978644847869873 0.49022409319877625 0.43751057982444763
v 0.31355413794517517 0.5056208372116089 0.38244661688804626
v 0.3210022747516632 0.5303941965103149 0.32963132858276367
v 0.2655685842037201 0.4857868254184723 0.3246001899242401
v 0.27229034900665283 0.5177885890007019 0.27571916580200195
v 0.2711929976940155 0.5567453503608704 0.23167584836483002
v 0.2623186409473419 0.6011600494384766 0.1941627413034439
v 0.24600836634635925 0.6493257880210876 0.1646214872598648
v 0.22288894653320312 0.6993916034698486 0.1441873162984848
v 0.1938488483428955 0.7494335174560547 0.13364553451538086
v 0.16000406444072723 0.7975284457206726 0.13340121507644653
v 0.1226552426815033 0.8418281078338623 0.14346379041671753
v 0.0832376629114151 0.8806300759315491 0.16344653069972992
v 0.04326612502336502 0.9124432802200317 0.19258151948451996
v 0.004276717081665993 0.9360450506210327 0.22974911332130432
v -0.032232221215963364 0.9505285024642944 0.27352097630500793
v -0.06485767662525177 0.9553369879722595 0.3222150206565857
v -0.09234586358070374 0.9502856731414795 0.37395989894866943
v -0.1136404275894165 0.9355687499046326 0.42676714062690735
v -0.12792304158210754 0.9117518067359924 0.4786073565483093
v -0.13464482128620148 0.8797500133514404 0.5274883508682251
v -0.13354745507240295 0.840793251991272 0.5715317130088806
v -0.12467311322689056 0.7963785529136658 0.6090447902679443
v -0.1083628311753273 0.7482128143310547 0.6385860443115234
v -0.08524341136217117 0.6981469988822937 0.659020185470581
v -0.05620330944657326 0.6481050848960876 0.6695619821548462
v -0.022358527407050133 0.6000101566314697 0.6698063015937805
v 0.014990299008786678 0.55571049451828 0.6597437262535095
v 0.05440787971019745 0.5169085264205933 0.6397610306739807
v 0.09437941014766693 0.485095351934433 0.6106260418891907
v 0.1333688199520111 0.4614935517311096 0.5734584331512451
v 0.1698777675628662 0.4470100998878479 0.5296865701675415
v 0.20250321924686432 0.4422016441822052 0.48099252581596375
v 0.22999140620231628 0.44725292921066284 0.4292476177215576
v 0.25128597021102905 0.46196985244750977 0.3764404058456421
v 0.2655685842037201 0.4857868254184723 0.3246001899242401
v 0.20750287175178528 0.4330581724643707 0.3160310685634613
v 0.22209696471691132 0.463789165019989 0.26805952191352844
v 0.2281559854745865 0.5015395879745483 0.22337348759174347
v 0.22544710338115692 0.5448587536811829 0.18369019031524658
v 0.21407441794872284 0.5920818448066711 0.15053464472293854
v 0.1944749802350998 0.6413941383361816 0.12518098950386047
v 0.1674019694328308 0.6909006237983704 0.10860355198383331
v 0.13389578461647034 0.7386987209320068 0.10143940150737762
v 0.09524407237768173 0.7829516530036926 0.10396385192871094
v 0.05293218046426773 0.8219587802886963 0.1160798892378807
v 0.008586136624217033 0.8542210459709167 0.13732190430164337
v -0.03608986735343933 0.8784986734390259 0.16687355935573578
v -0.07937896251678467 0.8938586711883545 0.2035992294549942
v -0.11961756646633148 0.8997107744216919 0.24608755111694336
v -0.15525932610034943 0.8958300352096558 0.2927057147026062
v -0.1849345713853836 0.8823657035827637 0.3416622281074524
v -0.20750287175178528 0.8598350882530212 0.3910757303237915
v -0.22209696471691132 0.8291040658950806 0.439047247171402
v -0.2281559854745865 0.7913535833358765 0.48373329639434814
v -0.22544710338115692 0.7480344772338867 0.5234165787696838
v -0.21407441794872284 0.7008113861083984 0.5565721392631531
v -0.1944749802350998 0.6514990925788879 0.5819258093833923
v -0.1674019694328308 0.6019926071166992 0.5985032320022583
v -0.13389578461647034 0.5541945099830627 0.6056673526763916
v -0.09524407237768173 0.509941577911377 0.6031429171562195
v -0.05293218046426773 0.4709344506263733 0.5910269021987915
v -0.008586136624217033 0.43867215514183044 0.5697848796844482
v 0.03608986735343933 0.4143945276737213 0.5402331948280334
v 0.07937896251678467 0.3990345299243927 0.5035075545310974
v 0.11961756646633148 0.3931824564933777 0.46101921796798706
v 0.15525932610034943 0.39706316590309143 0.4144010543823242
v 0.1849345713853836 0.4105275571346283 0.365444540977478
v 0.20750287175178528 0.4330581724643707 0.3160310685634613
v 0.14506128430366516 0.37529456615448 0.2959781289100647
v 0.16811862587928772 0.4048614501953125 0.2506702244281769
v 0.18246124684810638 0.4417550563812256 0.2071753889322281
v 0.1875379979610443 0.484557569026947 0.1671651154756546
v 0.18315374851226807 0.5316240787506104 0.1321769803762436
v 0.16947700083255768 0.5811459422111511 0.10355556011199951
v 0.14703334867954254 0.6312199234962463 0.08240073919296265
v 0.11668527871370316 0.6799218058586121 0.06952551007270813
v 0.0795990526676178 0.7253799438476562 0.06542464345693588
v 0.037199877202510834 0.7658474445343018 0.07025574147701263
v -0.008882878348231316 0.7997691631317139 0.08383314311504364
v -0.05687827244400978 0.8258415460586548 0.10563507676124573
v -0.10494187474250793 0.8430625796318054 0.13482370972633362
v -0.15122662484645844 0.8507704734802246 0.17027734220027924
v -0.19395382702350616 0.8486689925193787 0.2106335163116455
v -0.23148149251937866 0.8368390202522278 0.25434133410453796
v -0.26236745715141296 0.8157350420951843 0.2997211813926697
v -0.2854247987270355 0.786168098449707 0.3450290858745575
v -0.2997674345970154 0.749274492263794 0.3885239064693451
v -0.3048441708087921 0.7064720392227173 0.4285341799259186
v -0.30045992136001587 0.6594054698944092 0.4635223150253296
v -0.2867831885814667 0.6098836660385132 0.49214375019073486
v -0.26433953642845154 0.559809684753418 0.5132985711097717
v -0.23399145901203156 0.5111078023910522 0.5261737704277039
v -0.1969052255153656 0.46564963459968567 0.5302746891975403
v -0.15450605750083923 0.4251821041107178 0.5254435539245605
v -0.10842330008745193 0.39126038551330566 0.5118661522865295
v -0.06042790040373802 0.3651880621910095 0.49006423354148865
v -0.012364301830530167 0.3479670286178589 0.46087560057640076
v 0.033920448273420334 0.3402591347694397 0.42542195320129395
v 0.07664764672517776 0.34236058592796326 0.38506579399108887
v 0.11417531222105026 0.3541905879974365 0.3413579761981964
v 0.14506128430366516 0.37529456615448 0.2959781289100647
v 0.08152730017900467 0.3175446391105652 0.2563949227333069
v 0.1118169054389 0.34634584188461304 0.2150224894285202
v 0.13361820578575134 0.3829079568386078 0.17444460093975067
v 0.14609341323375702 0.42582592368125916 0.13622067868709564
v 0.14876307547092438 0.47345036268234253 0.10181961208581924
v 0.14152462780475616 0.5239511728286743 0.07256343960762024
v 0.12465623766183853 0.5753875970840454 0.049576450139284134
v 0.09880614280700684 0.6257829666137695 0.033742018043994904
v 0.06496773660182953 0.6732006072998047 0.025668658316135406
v 0.024441426619887352 0.7158182859420776 0.025666622444987297
v -0.021215390413999557 0.751998245716095 0.033735986799001694
v -0.07024814933538437 0.7803500890731812 0.04956665262579918
v -0.12077254801988602 0.7997843027114868 0.07255025953054428
v -0.17084696888923645 0.8095540404319763 0.10180355608463287
v -0.218547061085701 0.8092838525772095 0.1362023502588272
v -0.26203975081443787 0.7989840507507324 0.17442472279071808
v -0.29965364933013916 0.7790505290031433 0.21500180661678314
v -0.3299432396888733 0.7502493262290955 0.2563742399215698
v -0.35174456238746643 0.7136871814727783 0.29695212841033936
v -0.3642197549343109 0.6707692742347717 0.3351760506629944
v -0.36688941717147827 0.623144805431366 0.3695771098136902
v -0.35965096950531006 0.5726439952850342 0.398833304643631
v -0.342782586812973 0.5212075710296631 0.4218202829360962
v -0.31693246960639954 0.47081220149993896 0.4376547038555145
v -0.2830940783023834 0.4233945608139038 0.445728063583374
v -0.2425677627325058 0.38077688217163086 0.4457301199436188
v -0.19691094756126404 0.3445969223976135 0.43766075372695923
v -0.14787818491458893 0.31624504923820496 0.42183008790016174
v -0.09735379368066788 0.2968108355998993 0.39884647727012634
v -0.04727938026189804 0.2870411276817322 0.36959317326545715
v 0.00042071842472068965 0.2873113453388214 0.3351943790912628
v 0.04391341283917427 0.2976111173629761 0.29697200655937195
v 0.08152730017900467 0.3175446391105652 0.2563949227333069
v 0.021961266174912453 0.2646835744380951 0.19533129036426544
v 0.05723797529935837 0.2933045029640198 0.15798097848892212
v 0.08441127091646194 0.3301160931587219 0.12103277444839478
v 0.10243690013885498 0.3737036883831024 0.08590660244226456
v 0.11062214523553848 0.42239224910736084 0.053952332586050034
v 0.10865245014429092 0.4743106961250305 0.02639794908463955
v 0.09660351276397705 0.5274638533592224 0.00430234894156456
v 0.07493837177753448 0.5798090100288391 -0.011485343798995018
v 0.04448959231376648 0.6293346881866455 -0.020358417183160782
v 0.006427315529435873 0.674137532711029 -0.021975882351398468
v -0.03778574988245964 0.7124958634376526 -0.01627558469772339
v -0.08645052462816238 0.7429355382919312 -0.0034765801392495632
v -0.13769683241844177 0.7642868757247925 0.015929270535707474
v -0.1895553320646286 0.775729238986969 0.04119621217250824
v -0.2400331199169159 0.7768229246139526 0.0713532492518425
v -0.28719034790992737 0.7675259709358215 0.10524147003889084
v -0.32921481132507324 0.7481955885887146 0.14155855774879456
v -0.3644915223121643 0.7195746898651123 0.17890888452529907
v -0.3916648030281067 0.6827630996704102 0.21585707366466522
v -0.4096904397010803 0.6391754746437073 0.25098323822021484
v -0.4178756773471832 0.5904869437217712 0.28293752670288086
v -0.41590598225593567 0.5385684967041016 0.3104919195175171
v -0.4038570523262024 0.48541533946990967 0.33258751034736633
v -0.38219189643859863 0.4330701529979706 0.34837520122528076
v -0.3517431318759918 0.3835445046424866 0.3572482764720917
v -0.31368085741996765 0.33874163031578064 0.35886573791503906
v -0.2694678008556366 0.3003832995891571 0.3531654477119446
v -0.22080302238464355 0.26994362473487854 0.3403664231300354
v -0.16955670714378357 0.2485923171043396 0.3209605813026428
v -0.11769820749759674 0.23714996874332428 0.29569363594055176
v -0.06722042709589005 0.23605625331401825 0.2655366063117981
v -0.020063193514943123 0.24535322189331055 0.23164838552474976
v 0.021961266174912453 0.2646835744380951 0.19533129036426544
v -0.03203999623656273 0.21971745789051056 0.11723513156175613
v 0.006029227748513222 0.2486274391412735 0.08297733217477798
v 0.03637230768799782 0.28607597947120667 0.049279361963272095
v 0.05782318115234375 0.330623984336853 0.017436223104596138
v 0.06955749541521072 0.3805594742298126 -0.011328374966979027
v 0.07112430781126022 0.43396347761154175 -0.0359090231359005
v 0.062463413923978806 0.48878368735313416 -0.055361103266477585
v 0.04390764236450195 0.5429133772850037 -0.06893708556890488
v 0.01617007702589035 0.5942724347114563 -0.07611524313688278
v -0.019683334976434708 0.6408870816230774 -0.07661972939968109
v -0.06227477267384529 0.6809660196304321 -0.07043115794658661
v -0.10996747016906738 0.7129690051078796 -0.057787347584962845
v -0.1609286218881607 0.7356661558151245 -0.03917419910430908
v -0.21319982409477234 0.7481852769851685 -0.01530700083822012
v -0.26477232575416565 0.7500452399253845 0.01289704255759716
v -0.31366419792175293 0.741174578666687 0.044354066252708435
v -0.3579965829849243 0.7219141721725464 0.0778551921248436
v -0.3960658013820648 0.6930041909217834 0.11211299151182175
v -0.42640888690948486 0.6555556058883667 0.14581096172332764
v -0.4478597640991211 0.6110076308250427 0.17765410244464874
v -0.45959407091140747 0.5610721707344055 0.2064186930656433
v -0.46116089820861816 0.507668137550354 0.23099935054779053
v -0.45250001549720764 0.452847957611084 0.2504514157772064
v -0.4339442253112793 0.3987182378768921 0.2640274167060852
v -0.4062066674232483 0.34735918045043945 0.2712055742740631
v -0.37035325169563293 0.30074450373649597 0.27171003818511963
v -0.32776179909706116 0.2606655955314636 0.26552146673202515
v -0.28006911277770996 0.2286626100540161 0.25287768244743347
v -0.22910796105861664 0.20596545934677124 0.2342645227909088
v -0.176836758852005 0.1934463381767273 0.21039731800556183
v -0.1252642720937729 0.19158639013767242 0.18219327926635742
v -0.07637238502502441 0.20045705139636993 0.1507362574338913
v -0.03203999623656273 0.21971745789051056 0.11723513156175613
v -0.08322949707508087 0.1833372265100479 0.02930997684597969
v -0.04403305798768997 0.21262533962726593 -0.003316615941002965
v -0.012213114649057388 0.250708669424057 -0.034872930496931076
v 0.011007504537701607 0.2961236834526062 -0.06414628028869629
v 0.024736445397138596 0.3471251130104065 -0.09001169353723526
v 0.02844610996544361 0.4017530083656311 -0.11147519201040268
v 0.02199394255876541 0.457908034324646 -0.1277119368314743
v 0.005627891514450312 0.5134322047233582 -0.13809797167778015
v -0.020023101940751076 0.5661917328834534 -0.14223414659500122
v -0.05397328361868858 0.614159107208252 -0.13996152579784393
v -0.09491797536611557 0.6554909944534302 -0.13136744499206543
v -0.14128367602825165 0.6885989904403687 -0.11678215861320496
v -0.19128860533237457 0.7122107744216919 -0.09676617383956909
v -0.24301108717918396 0.7254190444946289 -0.07208870351314545
v -0.29446345567703247 0.7277160882949829 -0.043698083609342575
v -0.3436684012413025 0.7190137505531311 -0.012685350142419338
v -0.3887350559234619 0.6996463537216187 0.019757697358727455
v -0.4279314875602722 0.6703582406044006 0.05238429084420204
v -0.4597514271736145 0.6322749257087708 0.08394060283899307
v -0.48297205567359924 0.5868598818778992 0.11321394890546799
v -0.4967010021209717 0.5358584523200989 0.13907937705516815
v -0.5004106760025024 0.48123058676719666 0.16054287552833557
v -0.4939585030078888 0.42507556080818176 0.1767796128988266
v -0.47759243845939636 0.3695513904094696 0.18716564774513245
v -0.45194146037101746 0.3167918622493744 0.19130182266235352
v -0.4179912805557251 0.2688244581222534 0.18902920186519623
v -0.3770465850830078 0.22749260067939758 0.18043512105941772
v -0.33068087697029114 0.1943845897912979 0.16584983468055725
v -0.2806759476661682 0.17077277600765228 0.1458338499069214
v -0.22895348072052002 0.15756455063819885 0.12115637958049774
v -0.1775011122226715 0.15526747703552246 0.09276575595140457
v -0.1282961517572403 0.16396984457969666 0.06175302341580391
v -0.08322949707508087 0.1833372265100479 0.02930997684597969
v -0.13650374114513397 0.15407028794288635 -0.060834791511297226
v -0.09730834513902664 0.1832960695028305 -0.09351848065853119
v -0.06509996950626373 0.22153128683567047 -0.12449167668819427
v -0.04111636430025101 0.2673065662384033 -0.15256409347057343
v -0.026279211044311523 0.31886276602745056 -0.17665693163871765
v -0.021158693358302116 0.3742186427116394 -0.19584432244300842
v -0.02595158852636814 0.43124690651893616 -0.20938889682292938
v -0.040473710745573044 0.48775598406791687 -0.21677014231681824
v -0.06416697800159454 0.541574239730835 -0.2177044004201889
v -0.09612087905406952 0.5906335115432739 -0.2121557742357254
v -0.13510742783546448 0.633048415184021 -0.2003374993801117
v -0.1796284168958664 0.6671890616416931 -0.18270373344421387
v -0.22797290980815887 0.6917433738708496 -0.15993213653564453
v -0.2782830595970154 0.7057677507400513 -0.13289780914783478
v -0.32862547039985657 0.708723247051239 -0.10263966768980026
v -0.3770655393600464 0.7004963159561157 -0.0703205093741417
v -0.42174169421195984 0.6814031004905701 -0.03718234971165657
v -0.46093711256980896 0.6521772742271423 -0.004498662427067757
v -0.49314549565315247 0.6139420866966248 0.02647453360259533
v -0.5171290636062622 0.5681667923927307 0.05454695597290993
v -0.5319662690162659 0.5166106224060059 0.07863979786634445
v -0.5370867848396301 0.46125471591949463 0.09782718122005463
v -0.5322938561439514 0.4042264521121979 0.11137175559997559
v -0.5177717208862305 0.34771737456321716 0.11875300109386444
v -0.49407848715782166 0.2938991189002991 0.11968725919723511
v -0.4621245861053467 0.2448398619890213 0.1141386330127716
v -0.4231380224227905 0.20242492854595184 0.1023203581571579
v -0.3786170482635498 0.1682843118906021 0.08468659222126007
v -0.3302725553512573 0.14372999966144562 0.061914995312690735
v -0.2799623906612396 0.12970562279224396 0.03488066792488098
v -0.22961997985839844 0.12675011157989502 0.004622525069862604
v -0.18117991089820862 0.1349770575761795 -0.027696629986166954
v -0.13650374114513397 0.15407028794288635 -0.060834791511297226
v -0.19657108187675476 0.12886027991771698 -0.1456158608198166
v -0.1581302136182785 0.15695719420909882 -0.1801341474056244
v -0.12616747617721558 0.19432063400745392 -0.21239879727363586
v -0.10191120952367783 0.23951475322246552 -0.24116985499858856
v -0.0862935408949852 0.2908027768135071 -0.26534169912338257
v -0.07991466671228409 0.346213698387146 -0.2839854061603546
v -0.08301971107721329 0.4036181569099426 -0.2963845133781433
v -0.09548935294151306 0.4608100950717926 -0.3020625114440918
v -0.11684439331293106 0.5155916810035706 -0.30080121755599976
v -0.14626416563987732 0.5658576488494873 -0.29264912009239197
v -0.18261808156967163 0.6096763610839844 -0.2779194414615631
v -0.2245091050863266 0.6453638672828674 -0.25717827677726746
v -0.2703273594379425 0.6715486645698547 -0.2312227189540863
v -0.3183120787143707 0.6872245669364929 -0.20105017721652985
v -0.3666192293167114 0.6917891502380371 -0.16782018542289734
v -0.41339242458343506 0.6850669384002686 -0.13280975818634033
v -0.45683416724205017 0.6673163175582886 -0.09736432880163193
v -0.4952750504016876 0.6392194032669067 -0.06284602731466293
v -0.5272377729415894 0.601855993270874 -0.030581390485167503
v -0.5514940619468689 0.55666184425354 -0.0018103219335898757
v -0.5671117305755615 0.5053738355636597 0.022361520677804947
v -0.573490560054779 0.44996291399002075 0.041005223989486694
v -0.5703855156898499 0.3925584554672241 0.05340432748198509
v -0.5579159259796143 0.33536651730537415 0.059082332998514175
v -0.5365608930587769 0.2805849611759186 0.05782104283571243
v -0.50714111328125 0.23031896352767944 0.04966892674565315
v -0.4707871675491333 0.18650025129318237 0.03493926674127579
v -0.4288961589336395 0.1508127599954605 0.01419811137020588
v -0.3830779194831848 0.12462792545557022 -0.011757463216781616
v -0.3350932002067566 0.10895202308893204 -0.041930001229047775
v -0.2867860198020935 0.10438746213912964 -0.07515998929738998
v -0.24001282453536987 0.111109659075737 -0.11017041653394699
v -0.19657108187675476 0.12886027991771698 -0.1456158608198166
v -0.2661300599575043 0.10434075444936752 -0.21745893359184265
v -0.22903302311897278 0.1295616179704666 -0.2554900646209717
v -0.19775547087192535 0.1644245982170105 -0.2910560369491577
v -0.17349939048290253 0.20758992433547974 -0.3227900266647339
v -0.15719692409038544 0.257398784160614 -0.3494725227355957
v -0.14947456121444702 0.3119370639324188 -0.3700781464576721
v -0.15062905848026276 0.3691088557243347 -0.38381505012512207
v -0.16061608493328094 0.4267171025276184 -0.39015528559684753
v -0.17905180156230927 0.48254796862602234 -0.3888552188873291
v -0.20522776246070862 0.5344558358192444 -0.3799648582935333
v -0.23813803493976593 0.5804460048675537 -0.36382579803466797
v -0.2765178978443146 0.618751049041748 -0.34105825424194336
v -0.3188924193382263 0.6478989124298096 -0.31253719329833984
v -0.3636331856250763 0.6667695045471191 -0.2793586850166321
v -0.4090208113193512 0.6746376156806946 -0.24279770255088806
v -0.45331111550331116 0.6712008714675903 -0.20425930619239807
v -0.4948020279407501 0.6565913558006287 -0.16522449254989624
v -0.5318990349769592 0.631370484828949 -0.1271933615207672
v -0.5631766319274902 0.5965074896812439 -0.09162740409374237
v -0.5874326825141907 0.5533421635627747 -0.0598934143781662
v -0.6037351489067078 0.5035333037376404 -0.03321090713143349
v -0.6114575266838074 0.44899502396583557 -0.012605281546711922
v -0.6103030443191528 0.3918232321739197 0.0011316045420244336
v -0.6003159880638123 0.334214985370636 0.0074718487448990345
v -0.5818802714347839 0.27838411927223206 0.006171798799186945
v -0.5557042956352234 0.22647623717784882 -0.002718584379181266
v -0.5227940678596497 0.18048608303070068 -0.018857648596167564
v -0.4844141900539398 0.14218103885650635 -0.04162517935037613
v -0.4420396685600281 0.11303316056728363 -0.07014623284339905
v -0.3972989022731781 0.09416258335113525 -0.1033247634768486
v -0.3519112467765808 0.08629447966814041 -0.13988572359085083
v -0.30762097239494324 0.08973123133182526 -0.17842411994934082
v -0.2661300599575043 0.10434075444936752 -0.21745893359184265
v -0.34430041909217834 0.07879724353551865 -0.26992174983024597
v -0.30916881561279297 0.09887693077325821 -0.3125975430011749
v -0.27912235260009766 0.12908075749874115 -0.3531387746334076
v -0.25531578063964844 0.1682480275630951 -0.38998737931251526
v -0.23866389691829681 0.2148735523223877 -0.42172735929489136
v -0.22980666160583496 0.26716554164886475 -0.4471389055252075
v -0.22908446192741394 0.32311442494392395 -0.4652455151081085
v -0.2365250140428543 0.3805701434612274 -0.47535133361816406
v -0.2518424093723297 0.4373247027397156 -0.4770680069923401
v -0.2744480073451996 0.49119704961776733 -0.4703295826911926
v -0.3034730851650238 0.5401169061660767 -0.4553949534893036
v -0.3378022313117981 0.582204282283783 -0.4328381419181824
v -0.37611618638038635 0.6158418655395508 -0.4035259187221527
v -0.4169425666332245 0.6397368907928467 -0.3685847520828247
v -0.4587124288082123 0.652971088886261 -0.32935741543769836
v -0.4998205900192261 0.6550359129905701 -0.28735142946243286
v -0.5386872887611389 0.6458520293235779 -0.24418100714683533
v -0.5738189220428467 0.6257723569869995 -0.20150518417358398
v -0.603865385055542 0.5955685377120972 -0.1609639823436737
v -0.6276719570159912 0.556401252746582 -0.12411535531282425
v -0.6443238258361816 0.5097757577896118 -0.09237539023160934
v -0.6531810760498047 0.45748376846313477 -0.06696382910013199
v -0.6539032459259033 0.40153488516807556 -0.048857226967811584
v -0.6464626789093018 0.3440791666507721 -0.038751404732465744
v -0.6311452984809875 0.28732460737228394 -0.03703473135828972
v -0.6085397005081177 0.23345224559307098 -0.04377317428588867
v -0.5795146226882935 0.18453238904476166 -0.05870777741074562
v -0.5451855063438416 0.14244499802589417 -0.08126461505889893
v -0.5068715214729309 0.10880745202302933 -0.11057683825492859
v -0.46604517102241516 0.08491243422031403 -0.1455179899930954
v -0.42427530884742737 0.07167820632457733 -0.18474531173706055
v -0.3831671178340912 0.06961335986852646 -0.22675131261348724
v -0.34430041909217834 0.07879724353551865 -0.26992174983024597
v -0.4259953200817108 0.05332889035344124 -0.3009575307369232
v -0.3934973478317261 0.06617885082960129 -0.3482588231563568
v -0.3654804229736328 0.0895838662981987 -0.39436638355255127
v -0.3430212736129761 0.12264449149370193 -0.43750837445259094
v -0.32698291540145874 0.16409023106098175 -0.47602683305740356
v -0.3179817497730255 0.21232832968235016 -0.5084415674209595
v -0.316363662481308 0.2655050456523895 -0.5335068106651306
v -0.3221908509731293 0.3215768337249756 -0.5502594113349915
v -0.33523938059806824 0.3783888518810272 -0.5580555200576782
v -0.35500776767730713 0.43375787138938904 -0.5565956234931946
v -0.3807363510131836 0.48555609583854675 -0.5459356904029846
v -0.41143640875816345 0.531792938709259 -0.5264854431152344
v -0.4459281265735626 0.5706915259361267 -0.498992383480072
v -0.48288601636886597 0.6007570624351501 -0.46451300382614136
v -0.5208898186683655 0.6208340525627136 -0.4243723154067993
v -0.5584790706634521 0.630151093006134 -0.3801129460334778
v -0.5942091941833496 0.6283499598503113 -0.3334357440471649
v -0.6267071962356567 0.6155000329017639 -0.2861344814300537
v -0.6547240614891052 0.5920950174331665 -0.24002690613269806
v -0.6771832704544067 0.5590343475341797 -0.19688493013381958
v -0.6932215690612793 0.5175886154174805 -0.15836645662784576
v -0.7022227644920349 0.46935054659843445 -0.12595175206661224
v -0.7038408517837524 0.4161738157272339 -0.10088646411895752
v -0.6980136632919312 0.3601020276546478 -0.08413387089967728
v -0.6849651336669922 0.3032900094985962 -0.07633773982524872
v -0.6651967763900757 0.24792098999023438 -0.07779768854379654
v -0.6394681930541992 0.19612278044223785 -0.08845759928226471
v -0.608768105506897 0.14988593757152557 -0.10790782421827316
v -0.5742763876914978 0.11098732799291611 -0.1354009062051773
v -0.5373185276985168 0.08092181384563446 -0.16988028585910797
v -0.49931469559669495 0.060844786465168 -0.21002095937728882
v -0.4617254436016083 0.05152779817581177 -0.25428032875061035
v -0.4259953200817108 0.05332889035344124 -0.3009575307369232
v -0.5042533278465271 0.02966214157640934 -0.31562796235084534
v -0.4747982621192932 0.03442982956767082 -0.3663065731525421
v -0.44960859417915344 0.04990709573030472 -0.41714537143707275
v -0.42965230345726013 0.07549915462732315 -0.4661906659603119
v -0.41569629311561584 0.11022251844406128 -0.5115576982498169
v -0.40827691555023193 0.15274278819561005 -0.55150306224823
v -0.4076792597770691 0.2014259397983551 -0.5844915509223938
v -0.4139263331890106 0.2544010877609253 -0.6092556118965149
v -0.42677801847457886 0.30963245034217834 -0.624843418598175
v -0.4457404315471649 0.3649975061416626 -0.6306560635566711
v -0.47008490562438965 0.4183686077594757 -0.6264700889587402
v -0.49887585639953613 0.4676947295665741 -0.6124464273452759
v -0.5310068726539612 0.511080265045166 -0.5891239047050476
v -0.5652432441711426 0.546858012676239 -0.5573989152908325
v -0.6002691388130188 0.573652982711792 -0.5184904932975769
v -0.6347386837005615 0.5904355049133301 -0.4738939702510834
v -0.6673271059989929 0.5965606570243835 -0.42532315850257874
v -0.696782112121582 0.5917929410934448 -0.37464454770088196
v -0.7219718098640442 0.576315701007843 -0.3238057494163513
v -0.7419281005859375 0.5507236123085022 -0.2747604548931122
v -0.7558841109275818 0.5160002708435059 -0.22939340770244598
v -0.7633035182952881 0.4734799861907959 -0.18944808840751648
v -0.7639011144638062 0.42479684948921204 -0.15645955502986908
v -0.757654070854187 0.37182167172431946 -0.13169552385807037
v -0.7448024153709412 0.3165903389453888 -0.11610767990350723
v -0.7258399724960327 0.26122528314590454 -0.11029505729675293
v -0.7014954686164856 0.20785418152809143 -0.11448101699352264
v -0.6727045178413391 0.15852805972099304 -0.1285047084093094
v -0.6405735015869141 0.11514248698949814 -0.15182720124721527
v -0.6063371896743774 0.07936474680900574 -0.18355223536491394
v -0.5713112354278564 0.052569761872291565 -0.22246062755584717
v -0.5368417501449585 0.035787247121334076 -0.2670571506023407
v -0.5042533278465271 0.02966214157640934 -0.31562796235084534
v -0.574802041053772 0.006533677224069834 -0.32279154658317566
v -0.5482383966445923 0.003990993835031986 -0.3751991391181946
v -0.5262479186058044 0.011916054412722588 -0.4291645288467407
v -0.5096756815910339 0.03000430390238762 -0.48261380195617676
v -0.49915850162506104 0.057560618966817856 -0.533492922782898
v -0.49510058760643005 0.09352602809667587 -0.5798467397689819
v -0.4976578652858734 0.13651840388774872 -0.6198937892913818
v -0.5067321062088013 0.18488556146621704 -0.6520950794219971
v -0.521974503993988 0.23676879703998566 -0.6752132177352905
v -0.5427994132041931 0.2901742458343506 -0.6883597373962402
v -0.5684064626693726 0.3430495858192444 -0.69102942943573
v -0.5978116393089294 0.393362820148468 -0.6831197142601013
v -0.6298848390579224 0.43918049335479736 -0.6649345755577087
v -0.6633936166763306 0.4787417948246002 -0.6371728181838989
v -0.697050154209137 0.5105264186859131 -0.6009013056755066
v -0.7295610904693604 0.533312976360321 -0.5575138926506042
v -0.7596770524978638 0.5462256669998169 -0.5086780786514282
v -0.7862406969070435 0.5487683415412903 -0.4562704563140869
v -0.8082311749458313 0.5408433079719543 -0.40230509638786316
v -0.8248034119606018 0.5227550268173218 -0.3488558232784271
v -0.8353205919265747 0.49519872665405273 -0.29797667264938354
v -0.8393785357475281 0.4592333137989044 -0.25162288546562195
v -0.8368212580680847 0.416240930557251 -0.21157585084438324
v -0.8277469873428345 0.36787378787994385 -0.17937451601028442
v -0.8125045895576477 0.31599053740501404 -0.15625639259815216
v -0.7916796803474426 0.2625851035118103 -0.14310985803604126
v -0.7660726308822632 0.2097097635269165 -0.14044015109539032
v -0.7366675138473511 0.15939651429653168 -0.14834988117218018
v -0.7045942544937134 0.11357885599136353 -0.16653504967689514
v -0.67108553647995 0.07401754707098007 -0.19429682195186615
v -0.6374289393424988 0.042232904583215714 -0.23056833446025848
v -0.6049180030822754 0.019446391612291336 -0.27395570278167725
v -0.574802041053772 0.006533677224069834 -0.32279154658317566
v -0.6376370787620544 -0.01997722126543522 -0.32858139276504517
v -0.6133737564086914 -0.028121842071413994 -0.3815304934978485
v -0.594451904296875 -0.02641506865620613 -0.43718746304512024
v -0.5815986394882202 -0.01492249220609665 -0.4934134781360626
v -0.5753080248832703 0.0059142340905964375 -0.5480477809906006
v -0.5758216381072998 0.035294365137815475 -0.5989908576011658
v -0.5831198692321777 0.07208884507417679 -0.6442849040031433
v -0.5969222187995911 0.1148836687207222 -0.6821893453598022
v -0.6166982650756836 0.162034273147583 -0.7112475633621216
v -0.6416879892349243 0.21172867715358734 -0.7303428053855896
v -0.6709311008453369 0.2620571553707123 -0.7387412786483765
v -0.7033037543296814 0.31108561158180237 -0.7361202836036682
v -0.7375620007514954 0.3569298982620239 -0.7225804924964905
v -0.7723891735076904 0.39782825112342834 -0.6986421942710876
v -0.80644690990448 0.43220898509025574 -0.6652253866195679
v -0.8384264707565308 0.4587508738040924 -0.6236142516136169
v -0.867098867893219 0.4764338731765747 -0.575407862663269
v -0.891362190246582 0.4845784902572632 -0.5224587917327881
v -0.9102840423583984 0.48287174105644226 -0.46680182218551636
v -0.9231373071670532 0.4713791608810425 -0.410575807094574
v -0.929427981376648 0.4505424201488495 -0.355941504240036
v -0.9289143085479736 0.42116230726242065 -0.3049984574317932
v -0.9216160774230957 0.38436782360076904 -0.2597043812274933
v -0.9078137278556824 0.34157299995422363 -0.22179993987083435
v -0.8880377411842346 0.2944223880767822 -0.1927417367696762
v -0.8630479574203491 0.2447279840707779 -0.173646479845047
v -0.8338048458099365 0.19439950585365295 -0.16524799168109894
v -0.801432192325592 0.14537106454372406 -0.16786901652812958
v -0.7671740055084229 0.0995267704129219 -0.1814088225364685
v -0.7323468327522278 0.05862840265035629 -0.20534709095954895
v -0.6982890367507935 0.02424767054617405 -0.23876388370990753
v -0.6663094758987427 -0.0022942018695175648 -0.28037503361701965
v -0.6376370787620544 -0.01997722126543522 -0.32858139276504517
v -0.6946256160736084 -0.05363713204860687 -0.3344614803791046
v -0.6719797253608704 -0.06560474634170532 -0.38740095496177673
v -0.6557304859161377 -0.06864216178655624 -0.4438401758670807
v -0.6465023756027222 -0.06263265013694763 -0.5016102194786072
v -0.6446499824523926 -0.047807153314352036 -0.5584909915924072
v -0.6502445340156555 -0.024735402315855026 -0.6122965812683105
v -0.6630709767341614 0.0056959642097353935 -0.6609593629837036
v -0.6826364994049072 0.04231748729944229 -0.702609121799469
v -0.7081891298294067 0.083721823990345 -0.7356454133987427
v -0.7387468814849854 0.12831781804561615 -0.7587985396385193
v -0.7731354832649231 0.17439168691635132 -0.7711788415908813
v -0.8100334405899048 0.22017283737659454 -0.7723104953765869
v -0.8480226397514343 0.26390188932418823 -0.7621500492095947
v -0.8856433629989624 0.303898423910141 -0.7410879135131836
v -0.9214497208595276 0.33862534165382385 -0.7099335789680481
v -0.95406574010849 0.3667481243610382 -0.669884204864502
v -0.9822379946708679 0.38718605041503906 -0.6224788427352905
v -1.004883885383606 0.3991536498069763 -0.5695393681526184
v -1.0211331844329834 0.40219107270240784 -0.5131001472473145
v -1.030361294746399 0.39618155360221863 -0.45533013343811035
v -1.0322136878967285 0.38135606050491333 -0.3984493613243103
v -1.0266190767288208 0.3582843244075775 -0.3446437120437622
v -1.013792634010315 0.32785293459892273 -0.2959809899330139
v -0.9942271113395691 0.2912314236164093 -0.25433120131492615
v -0.9686744809150696 0.2498270869255066 -0.22129493951797485
v -0.938116729259491 0.20523108541965485 -0.19814178347587585
v -0.9037281274795532 0.15915721654891968 -0.185761496424675
v -0.8668302297592163 0.11337608098983765 -0.18462982773780823
v -0.828840970993042 0.06964700669050217 -0.1947902888059616
v -0.7912203073501587 0.0296504907310009 -0.21585240960121155
v -0.7554138898849487 -0.005076430272310972 -0.24700677394866943
v -0.7227978706359863 -0.03319921717047691 -0.2870561480522156
v -0.6946256160736084 -0.05363713204860687 -0.3344614803791046
v -0.747093141078949 -0.09681671112775803 -0.3392264246940613
v -0.7255145311355591 -0.11117555946111679 -0.3920169174671173
v -0.7114934325218201 -0.11777159571647644 -0.4487491846084595
v -0.7055686116218567 -0.11635133624076843 -0.5072430372238159
v -0.7079677581787109 -0.10696937143802643 -0.56525057554245
v -0.7185986638069153 -0.08998623490333557 -0.620542585849762
v -0.7370527982711792 -0.0660545825958252 -0.670994222164154
v -0.7626210451126099 -0.03609409183263779 -0.7146666646003723
v -0.7943207621574402 -0.0012561321491375566 -0.7498816847801208
v -0.8309337496757507 0.03712049499154091 -0.7752858400344849
v -0.8710529804229736 0.07756099849939346 -0.7899029850959778
v -0.9131367206573486 0.11851127445697784 -0.7931714057922363
v -0.9555677175521851 0.1583976298570633 -0.7849653363227844
v -0.9967153668403625 0.19568723440170288 -0.765600323677063
v -1.0349984169006348 0.22894708812236786 -0.7358204126358032
v -1.0689456462860107 0.25689902901649475 -0.6967701315879822
v -1.097252368927002 0.27846887707710266 -0.6499500870704651
v -1.1188310384750366 0.2928277254104614 -0.5971595644950867
v -1.1328520774841309 0.29942378401756287 -0.5404273271560669
v -1.1387768983840942 0.29800352454185486 -0.48193347454071045
v -1.1363778114318848 0.28862154483795166 -0.4239259660243988
v -1.1257468461990356 0.271638423204422 -0.3686339557170868
v -1.107292652130127 0.24770675599575043 -0.3181822896003723
v -1.0817245244979858 0.21774627268314362 -0.27450981736183167
v -1.0500247478485107 0.1829083114862442 -0.2392948418855667
v -1.0134117603302002 0.14453168213367462 -0.21389064192771912
v -0.9732925295829773 0.10409117490053177 -0.1992734968662262
v -0.9312087893486023 0.06314090639352798 -0.19600513577461243
v -0.8887777924537659 0.023254556581377983 -0.20421114563941956
v -0.8476301431655884 -0.014035055413842201 -0.22357618808746338
v -0.8093470931053162 -0.04729491099715233 -0.25335606932640076
v -0.775399923324585 -0.07524685561656952 -0.2924063801765442
v -0.747093141078949 -0.09681671112775803 -0.3392264246940613
v -0.7950336933135986 -0.1506645530462265 -0.3409748673439026
v -0.7741584777832031 -0.16639383137226105 -0.3936575651168823
v -0.7619622945785522 -0.1757286638021469 -0.45042693614959717
v -0.7589137554168701 -0.178310364484787 -0.509101390838623
v -0.7651299834251404 -0.17403967678546906 -0.5674260854721069
v -0.7803722023963928 -0.16308075189590454 -0.6231595873832703
v -0.8040545582771301 -0.14585472643375397 -0.6741601824760437
v -0.8352669477462769 -0.12302358448505402 -0.7184678912162781
v -0.8728100061416626 -0.09546472132205963 -0.7543799877166748
v -0.9152408838272095 -0.06423719227313995 -0.7805164456367493
v -0.9609289765357971 -0.03054106794297695 -0.7958727478981018
v -1.0081185102462769 0.0043287319131195545 -0.7998588681221008
v -1.054996132850647 0.03903218358755112 -0.7923215627670288
v -1.0997602939605713 0.07223564386367798 -0.7735505104064941
v -1.1406906843185425 0.10266313701868057 -0.7442671060562134
v -1.1762144565582275 0.12914533913135529 -0.7055966258049011
v -1.2049663066864014 0.1506645530462265 -0.6590251326560974
v -1.2258415222167969 0.16639383137226105 -0.6063424348831177
v -1.2380377054214478 0.1757286638021469 -0.5495730638504028
v -1.2410862445831299 0.178310364484787 -0.49089860916137695
v -1.2348699569702148 0.17403967678546906 -0.43257391452789307
v -1.219627857208252 0.16308075189590454 -0.37684038281440735
v -1.1959455013275146 0.14585472643375397 -0.3258397877216339
v -1.1647330522537231 0.12302358448505402 -0.2815321087837219
v -1.1271899938583374 0.09546472132205963 -0.2456199824810028
v -1.0847591161727905 0.06423719227313995 -0.21948356926441193
v -1.0390710830688477 0.03054106794297695 -0.2041272222995758
v -0.9918814301490784 -0.0043287319131195545 -0.20014111697673798
v -0.9450038075447083 -0.03903218358755112 -0.2076784074306488
v -0.9002397060394287 -0.07223564386367798 -0.22644945979118347
v -0.8593093156814575 -0.10266313701868057 -0.255732923746109
v -0.8237856030464172 -0.12914533913135529 -0.29440340399742126
v -0.7950336933135986 -0.1506645530462265 -0.3409748673439026
v -0.8372575640678406 -0.21543331444263458 -0.33800745010375977
v -0.8168774843215942 -0.231857568025589 -0.39067190885543823
v -0.8061555027961731 -0.2434147447347641 -0.4473298192024231
v -0.8055035471916199 -0.24966073036193848 -0.5058038830757141
v -0.8149468302726746 -0.25035548210144043 -0.5638468861579895
v -0.8341223001480103 -0.24547231197357178 -0.6192283034324646
v -0.8622931241989136 -0.23519887030124664 -0.6698199510574341
v -0.8983767032623291 -0.21992994844913483 -0.7136774659156799
v -0.9409863948822021 -0.20025233924388885 -0.749115526676178
v -0.9884846806526184 -0.1769222468137741 -0.7747722864151001
v -1.039046287536621 -0.15083621442317963 -0.789661705493927
v -1.0907280445098877 -0.12299671769142151 -0.7932115793228149
v -1.141543984413147 -0.09447362273931503 -0.7852855920791626
v -1.1895413398742676 -0.06636305153369904 -0.7661882042884827
v -1.2328753471374512 -0.039745282381772995 -0.7366534471511841
v -1.2698808908462524 -0.015643209218978882 -0.6978161931037903
v -1.2991358041763306 0.005016929004341364 -0.6511690616607666
v -1.3195158243179321 0.021441178396344185 -0.5985046029090881
v -1.330237865447998 0.03299836441874504 -0.5418466925621033
v -1.3308898210525513 0.03924435004591942 -0.48337265849113464
v -1.3214465379714966 0.03993910551071167 -0.42532962560653687
v -1.3022711277008057 0.03505592793226242 -0.3699481785297394
v -1.2741003036499023 0.024782484397292137 -0.3193565607070923
v -1.2380167245864868 0.009513569064438343 -0.27549901604652405
v -1.1954070329666138 -0.01016403827816248 -0.240060955286026
v -1.1479086875915527 -0.03349413722753525 -0.21440422534942627
v -1.0973471403121948 -0.05958016961812973 -0.19951480627059937
v -1.0456652641296387 -0.08741965889930725 -0.19596490263938904
v -0.9948493242263794 -0.11594275385141373 -0.20389091968536377
v -0.9468520879745483 -0.14405332505702972 -0.2229882776737213
v -0.90351802110672 -0.17067110538482666 -0.2525230646133423
v -0.8665125370025635 -0.19477316737174988 -0.2913602888584137
v -0.8372575640678406 -0.21543331444263458 -0.33800745010375977
v -0.8718032240867615 -0.29061201214790344 -0.32909202575683594
v -0.851813793182373 -0.3073173463344574 -0.3818177878856659
v -0.8422512412071228 -0.32079797983169556 -0.4382578432559967
v -0.8434829711914062 -0.3305359184741974 -0.4962432086467743
v -0.8554617762565613 -0.3361569344997406 -0.5535455942153931
v -0.8777272701263428 -0.3374449908733368 -0.6079628467559814
v -0.9094237685203552 -0.3343505859375 -0.657403826713562
v -0.9493331909179688 -0.3269926607608795 -0.6999683976173401
v -0.9959219098091125 -0.3156539797782898 -0.734021008014679
v -1.0473995208740234 -0.30077025294303894 -0.7582528591156006
v -1.1017876863479614 -0.282913476228714 -0.7717328667640686
v -1.1569963693618774 -0.262769877910614 -0.7739429473876953
v -1.2109038829803467 -0.24111352860927582 -0.7647981643676758
v -1.2614387273788452 -0.21877670288085938 -0.7446499466896057
v -1.3066587448120117 -0.19661779701709747 -0.7142726182937622
v -1.3448262214660645 -0.17548835277557373 -0.6748335361480713
v -1.374474287033081 -0.1562003493309021 -0.6278483271598816
v -1.3944636583328247 -0.13949504494667053 -0.5751225352287292
v -1.4040262699127197 -0.12601439654827118 -0.5186824798583984
v -1.4027944803237915 -0.11627645045518875 -0.46069711446762085
v -1.3908157348632812 -0.11065544933080673 -0.40339475870132446
v -1.368550181388855 -0.10936738550662994 -0.3489774763584137
v -1.3368537425994873 -0.11246178299188614 -0.2995365262031555
v -1.296944260597229 -0.11981970071792603 -0.25697192549705505
v -1.25035560131073 -0.13115839660167694 -0.22291935980319977
v -1.1988780498504639 -0.1460421234369278 -0.19868746399879456
v -1.1444898843765259 -0.16389890015125275 -0.18520747125148773
v -1.0892812013626099 -0.18404251337051392 -0.18299739062786102
v -1.035373568534851 -0.20569884777069092 -0.19214215874671936
v -0.9848387837409973 -0.22803567349910736 -0.21229036152362823
v -0.9396187663078308 -0.25019457936286926 -0.24266770482063293
v -0.9014513492584229 -0.2713240385055542 -0.28210681676864624
v -0.8718032240867615 -0.29061201214790344 -0.32909202575683594
v -0.8963605165481567 -0.37495511770248413 -0.3134922385215759
v -0.8767133355140686 -0.3917183578014374 -0.3663281500339508
v -0.8680108189582825 -0.406968355178833 -0.42245617508888245
v -0.8705874681472778 -0.420119047164917 -0.479719340801239
v -0.884344220161438 -0.4306650459766388 -0.5359170436859131
v -0.9087523221969604 -0.4382011294364929 -0.5888896584510803
v -0.9428739547729492 -0.44243761897087097 -0.6366015076637268
v -0.9853976964950562 -0.44321179389953613 -0.6772189736366272
v -1.0346894264221191 -0.4404938220977783 -0.7091812491416931
v -1.0888549089431763 -0.4343881905078888 -0.7312599420547485
v -1.1458126306533813 -0.4251295328140259 -0.7426066398620605
v -1.203373670578003 -0.41307368874549866 -0.7427852749824524
v -1.2593259811401367 -0.3986838757991791 -0.7317889928817749
v -1.3115195035934448 -0.382513165473938 -0.7100403904914856
v -1.3579481840133667 -0.36518293619155884 -0.678375244140625
v -1.396828055381775 -0.34735921025276184 -0.6380103826522827
v -1.42666494846344 -0.3297269344329834 -0.5904970169067383
v -1.4463120698928833 -0.31296369433403015 -0.5376611351966858
v -1.4550145864486694 -0.2977136969566345 -0.48153311014175415
v -1.4524378776550293 -0.28456300497055054 -0.42426997423171997
v -1.4386812448501587 -0.27401700615882874 -0.3680722415447235
v -1.4142730236053467 -0.2664809226989746 -0.3150995969772339
v -1.3801515102386475 -0.26224440336227417 -0.2673877775669098
v -1.337627649307251 -0.2614702582359314 -0.2267702966928482
v -1.288335919380188 -0.2641882300376892 -0.19480805099010468
v -1.2341704368591309 -0.27029386162757874 -0.17272934317588806
v -1.1772127151489258 -0.27955248951911926 -0.16138264536857605
v -1.1196516752243042 -0.29160836338996887 -0.161203995347023
v -1.0636993646621704 -0.30599817633628845 -0.1722002774477005
v -1.0115059614181519 -0.32216888666152954 -0.193948894739151
v -0.9650771617889404 -0.3394991159439087 -0.22561407089233398
v -0.9261972904205322 -0.3573228418827057 -0.26597893238067627
v -0.8963605165481567 -0.37495511770248413 -0.3134922385215759
v -0.9086413383483887 -0.4665132164955139 -0.2909262180328369
v -0.8893067240715027 -0.48324719071388245 -0.3438865542411804
v -0.8811632990837097 -0.5002017617225647 -0.39960798621177673
v -0.8845239281654358 -0.5167253017425537 -0.45594915747642517
v -0.8992594480514526 -0.5321829319000244 -0.5107449293136597
v -0.9248037338256836 -0.5459805727005005 -0.5618894696235657
v -0.9601749777793884 -0.5575879812240601 -0.6074174046516418
v -1.0040138959884644 -0.5665590763092041 -0.6455790400505066
v -1.0546358823776245 -0.5725491642951965 -0.674907922744751
v -1.110095500946045 -0.57532799243927 -0.6942769289016724
v -1.1682615280151367 -0.5747888088226318 -0.7029417157173157
v -1.2268985509872437 -0.570952296257019 -0.7005693316459656
v -1.2837532758712769 -0.563965916633606 -0.6872508525848389
v -1.3366408348083496 -0.5540981888771057 -0.6634982228279114
v -1.3835285902023315 -0.5417281985282898 -0.6302241683006287
v -1.4226149320602417 -0.5273314714431763 -0.5887073874473572
v -1.4523977041244507 -0.5114611387252808 -0.5405433773994446
v -1.471732258796692 -0.4947271943092346 -0.4875830411911011
v -1.4798758029937744 -0.47777265310287476 -0.43186163902282715
v -1.4765151739120483 -0.46124908328056335 -0.3755204677581787
v -1.4617795944213867 -0.44579145312309265 -0.3207247257232666
v -1.4362353086471558 -0.4319938123226166 -0.2695801556110382
v -1.4008640050888062 -0.420386403799057 -0.22405222058296204
v -1.357025146484375 -0.4114152789115906 -0.1858905553817749
v -1.3064031600952148 -0.40542522072792053 -0.15656167268753052
v -1.2509435415267944 -0.40264636278152466 -0.13719266653060913
v -1.1927775144577026 -0.40318557620048523 -0.12852787971496582
v -1.1341404914855957 -0.40702205896377563 -0.1309002935886383
v -1.0772857666015625 -0.4140084385871887 -0.14421872794628143
v -1.0243982076644897 -0.42387622594833374 -0.1679713875055313
v -0.977510392665863 -0.4362461566925049 -0.20124545693397522
v -0.9384240508079529 -0.4506429135799408 -0.2427622228860855
v -0.9086413383483887 -0.4665132164955139 -0.2909262180328369
v -0.906683087348938 -0.5627113580703735 -0.2615092098712921
v -0.8876230120658875 -0.5794220566749573 -0.31457629799842834
v -0.8797239065170288 -0.5980642437934875 -0.36979153752326965
v -0.8832894563674927 -0.6179214715957642 -0.4250330626964569
v -0.8981825113296509 -0.6382306218147278 -0.4781779944896698
v -0.9238308668136597 -0.6582112908363342 -0.5271839499473572
v -0.9592487812042236 -0.6770955920219421 -0.5701677203178406
v -1.003075122833252 -0.6941578388214111 -0.6054773926734924
v -1.0536258220672607 -0.7087423205375671 -0.6317561268806458
v -1.1089582443237305 -0.7202885150909424 -0.6479939818382263
v -1.1669458150863647 -0.7283527851104736 -0.6535669565200806
v -1.2253601551055908 -0.7326252460479736 -0.6482608914375305
v -1.2819565534591675 -0.7329415678977966 -0.6322796940803528
v -1.3345599174499512 -0.7292897701263428 -0.6062374711036682
v -1.3811488151550293 -0.7218100428581238 -0.5711351037025452
v -1.4199328422546387 -0.7107899188995361 -0.5283214449882507
v -1.4494215250015259 -0.6966528296470642 -0.47944191098213196
v -1.4684816598892212 -0.6799421310424805 -0.4263748228549957
v -1.476380705833435 -0.6612999439239502 -0.3711595833301544
v -1.4728152751922607 -0.6414427161216736 -0.31591805815696716
v -1.457922101020813 -0.6211335062980652 -0.2627731263637543
v -1.4322738647460938 -0.6011528372764587 -0.2137671709060669
v -1.3968558311462402 -0.5822685360908508 -0.1707834005355835
v -1.353029489517212 -0.5652063488960266 -0.13547369837760925
v -1.3024787902832031 -0.5506218671798706 -0.10919499397277832
v -1.247146487236023 -0.5390756130218506 -0.09295714646577835
v -1.1891589164733887 -0.5310113430023193 -0.0873841792345047
v -1.130744457244873 -0.5267389416694641 -0.09269025176763535
v -1.0741480588912964 -0.5264225602149963 -0.10867145657539368
v -1.0215446949005127 -0.530074417591095 -0.13471364974975586
v -0.9749557971954346 -0.537554144859314 -0.1698160469532013
v -0.9361717700958252 -0.5485742688179016 -0.21262966096401215
v -0.906683087348938 -0.5627113580703735 -0.2615092098712921
v -0.8890811204910278 -0.6604816317558289 -0.22569508850574493
v -0.8702311515808105 -0.677233874797821 -0.2788240611553192
v -0.8622415661811829 -0.6975626945495605 -0.33342769742012024
v -0.8654193878173828 -0.7206867933273315 -0.3874075710773468
v -0.8796425461769104 -0.7457175254821777 -0.43868929147720337
v -0.9043644070625305 -0.7716929912567139 -0.4853020906448364
v -0.9386349320411682 -0.7976149916648865 -0.5254546999931335
v -0.9811370968818665 -0.8224872946739197 -0.5576040744781494
v -1.0302375555038452 -0.8453541398048401 -0.5805147290229797
v -1.0840494632720947 -0.8653367161750793 -0.5933062434196472
v -1.1405049562454224 -0.8816671371459961 -0.5954869985580444
v -1.1974341869354248 -0.8937178254127502 -0.5869731903076172
v -1.2526496648788452 -0.901025652885437 -0.5680920481681824
v -1.3040293455123901 -0.9033098220825195 -0.5395691394805908
v -1.3495988845825195 -0.9004825353622437 -0.5025005340576172
v -1.3876068592071533 -0.8926524519920349 -0.4583108425140381
v -1.4165928363800049 -0.8801204562187195 -0.4086982011795044
v -1.4354428052902222 -0.8633681535720825 -0.3555692136287689
v -1.443432331085205 -0.8430393934249878 -0.3009655773639679
v -1.44025456905365 -0.8199152946472168 -0.24698570370674133
v -1.4260313510894775 -0.7948845624923706 -0.19570399820804596
v -1.4013094902038574 -0.7689090967178345 -0.1490911841392517
v -1.3670389652252197 -0.7429870963096619 -0.1089385598897934
v -1.3245368003845215 -0.7181147933006287 -0.07678918540477753
v -1.275436282157898 -0.6952479481697083 -0.0538785345852375
v -1.2216243743896484 -0.675265371799469 -0.04108704626560211
v -1.1651690006256104 -0.6589349508285522 -0.03890629857778549
v -1.1082396507263184 -0.6468842625617981 -0.047420091927051544
v -1.0530242919921875 -0.6395764350891113 -0.06630124896764755
v -1.001644492149353 -0.6372922658920288 -0.0948241725564003
v -0.9560750722885132 -0.6401195526123047 -0.13189274072647095
v -0.9180670380592346 -0.6479496359825134 -0.17608244717121124
v -0.8890811204910278 -0.6604816317558289 -0.22569508850574493
v -0.8551496863365173 -0.7564401030540466 -0.18422013521194458
v -0.8364090323448181 -0.7733290195465088 -0.23734451830387115
v -0.8279719948768616 -0.7953342199325562 -0.29122623801231384
v -0.830162763595581 -0.8216099739074707 -0.3437946140766144
v -0.8428972363471985 -0.8511465191841125 -0.39302951097488403
v -0.8656859993934631 -0.8828088045120239 -0.4370388388633728
v -0.8976532816886902 -0.91538006067276 -0.47413134574890137
v -0.9375706315040588 -0.9476086497306824 -0.5028815865516663
v -0.9839040040969849 -0.9782559275627136 -0.5221847295761108
v -1.0348727703094482 -1.0061442852020264 -0.5312989354133606
v -1.088518500328064 -1.03020179271698 -0.5298739671707153
v -1.1427792310714722 -1.0495041608810425 -0.5179645419120789
v -1.1955701112747192 -1.0633094310760498 -0.49602842330932617
v -1.2448621988296509 -1.071087121963501 -0.46490854024887085
v -1.2887612581253052 -1.0725383758544922 -0.42580080032348633
v -1.3255802392959595 -1.0676074028015137 -0.3802081346511841
v -1.353904366493225 -1.0564837455749512 -0.3298826217651367
v -1.3726450204849243 -1.0395947694778442 -0.27675822377204895
v -1.3810821771621704 -1.0175896883010864 -0.22287651896476746
v -1.3788913488388062 -0.9913138747215271 -0.17030812799930573
v -1.366156816482544 -0.9617773294448853 -0.12107323855161667
v -1.3433680534362793 -0.9301150441169739 -0.0770639106631279
v -1.3114007711410522 -0.8975437879562378 -0.039971400052309036
v -1.2714834213256836 -0.8653151988983154 -0.011221149004995823
v -1.2251501083374023 -0.8346679210662842 0.008081983774900436
v -1.1741812229156494 -0.8067796230316162 0.017196189612150192
v -1.1205356121063232 -0.7827220559120178 0.01577121578156948
v -1.066274881362915 -0.7634196877479553 0.003861823817715049
v -1.013484001159668 -0.749614417552948 -0.018074316903948784
v -0.9641919136047363 -0.7418367266654968 -0.04919421300292015
v -0.920292854309082 -0.7403854727745056 -0.08830194175243378
v -0.883473813533783 -0.7453163862228394 -0.13389462232589722
v -0.8551496863365173 -0.7564401030540466 -0.18422013521194458
v -0.8050127625465393 -0.847091794013977 -0.1380496770143509
v -0.7862401008605957 -0.8642187118530273 -0.1910865306854248
v -0.7769790887832642 -0.8878604769706726 -0.24413318932056427
v -0.777585506439209 -0.9171086549758911 -0.29515111446380615
v -0.7880361080169678 -0.9508391618728638 -0.34217968583106995
v -0.8079292178153992 -0.9877557754516602 -0.3834116458892822
v -0.8365004062652588 -1.026439905166626 -0.417262464761734
v -0.8726517558097839 -1.0654047727584839 -0.4424312710762024
v -0.9149938821792603 -1.103153109550476 -0.4579508602619171
v -0.9618996381759644 -1.138234257698059 -0.4632247984409332
v -1.011566400527954 -1.1692999601364136 -0.4580504298210144
v -1.062085747718811 -1.1951565742492676 -0.44262656569480896
v -1.1115158796310425 -1.2148102521896362 -0.41754600405693054
v -1.1579575538635254 -1.2275058031082153 -0.38377252221107483
v -1.199625849723816 -1.2327553033828735 -0.34260404109954834
v -1.234919548034668 -1.230357050895691 -0.2956226170063019
v -1.2624822854995728 -1.2204031944274902 -0.244633749127388
v -1.2812548875808716 -1.2032763957977295 -0.1915968954563141
v -1.2905160188674927 -1.1796345710754395 -0.13855023682117462
v -1.2899096012115479 -1.1503864526748657 -0.08753232657909393
v -1.279458999633789 -1.1166558265686035 -0.04050375148653984
v -1.259565830230713 -1.0797392129898071 0.000728207582142204
v -1.2309945821762085 -1.0410552024841309 0.03457902744412422
v -1.1948432922363281 -1.0020902156829834 0.059747837483882904
v -1.1525012254714966 -0.964341938495636 0.07526741921901703
v -1.1055954694747925 -0.929260790348053 0.08054135739803314
v -1.0559285879135132 -0.8981950879096985 0.07536698877811432
v -1.0054093599319458 -0.8723385334014893 0.059943147003650665
v -0.9559791088104248 -0.8526848554611206 0.03486257418990135
v -0.9095374941825867 -0.8399893045425415 0.0010890935081988573
v -0.8678691983222961 -0.8347397446632385 -0.04007939249277115
v -0.8325755000114441 -0.8371379971504211 -0.08706080913543701
v -0.8050127625465393 -0.847091794013977 -0.1380496770143509
v -0.7396259903907776 -0.9290468692779541 -0.08832670003175735
v -0.720641553401947 -0.9464989900588989 -0.1411818265914917
v -0.7101670503616333 -0.9716920852661133 -0.1932802051305771
v -0.7086049318313599 -1.0036579370498657 -0.24261973798274994
v -0.7160152792930603 -1.0411683320999146 -0.2873043119907379
v -0.7321133613586426 -1.0827815532684326 -0.3256167471408844
v -0.7562804818153381 -1.1268984079360962 -0.3560847043991089
v -0.7875878810882568 -1.1718237400054932 -0.377537339925766
v -0.824832558631897 -1.2158308029174805 -0.3891502022743225
v -0.8665830492973328 -1.2572287321090698 -0.3904770612716675
v -0.9112350940704346 -1.2944263219833374 -0.3814668655395508
v -0.9570725560188293 -1.3259943723678589 -0.3624659478664398
v -1.0023339986801147 -1.3507195711135864 -0.33420443534851074
v -1.0452802181243896 -1.3676517009735107 -0.2977684438228607
v -1.0842604637145996 -1.3761402368545532 -0.25455814599990845
v -1.1177771091461182 -1.3758587837219238 -0.2062341570854187
v -1.14454185962677 -1.3668183088302612 -0.15465347468852997
v -1.1635262966156006 -1.3493661880493164 -0.10179835557937622
v -1.174000859260559 -1.324173092842102 -0.04969997704029083
v -1.1755629777908325 -1.2922072410583496 -0.0003604487283155322
v -1.1681525707244873 -1.2546968460083008 0.044324133545160294
v -1.1520545482635498 -1.2130837440490723 0.08263657242059708
v -1.1278873682022095 -1.1689667701721191 0.11310452967882156
v -1.0965800285339355 -1.1240414381027222 0.13455715775489807
v -1.0593353509902954 -1.0800343751907349 0.1461700201034546
v -1.0175848007202148 -1.038636565208435 0.14749686419963837
v -0.9729328155517578 -1.001438856124878 0.13848669826984406
v -0.9270952939987183 -0.9698708653450012 0.1194857582449913
v -0.8818338513374329 -0.9451456665992737 0.09122425317764282
v -0.8388876914978027 -0.9282134771347046 0.0547882542014122
v -0.799907386302948 -0.9197250008583069 0.011577979661524296
v -0.7663908004760742 -0.9200063943862915 -0.03674602508544922
v -0.7396259903907776 -0.9290468692779541 -0.08832670003175735
v -0.6607365608215332 -0.9992313385009766 -0.03632218390703201
v -0.6413280963897705 -1.0170655250549316 -0.0888950303196907
v -0.6292476654052734 -1.0436667203903198 -0.13993506133556366
v -0.6249595880508423 -1.0780129432678223 -0.1874808520078659
v -0.628628671169281 -1.1187841892242432 -0.22970521450042725
v -0.640113890171051 -1.164413571357727 -0.26498550176620483
v -0.6589738130569458 -1.213147521018982 -0.29196593165397644
v -0.6844837665557861 -1.2631134986877441 -0.30960965156555176
v -0.7156633138656616 -1.3123910427093506 -0.31723859906196594
v -0.7513143420219421 -1.3590866327285767 -0.3145596385002136
v -0.7900667786598206 -1.4014058113098145 -0.3016756772994995
v -0.8304312825202942 -1.437722086906433 -0.27908188104629517
v -0.8708568215370178 -1.4666398763656616 -0.2476464807987213
v -0.9097898006439209 -1.4870480298995972 -0.20857754349708557
v -0.9457340240478516 -1.4981622695922852 -0.16337645053863525
v -0.9773081541061401 -1.499555230140686 -0.11378027498722076
v -1.0032988786697388 -1.4911737442016602 -0.06169495731592178
v -1.0227073431015015 -1.473339557647705 -0.009122108109295368
v -1.0347877740859985 -1.446738362312317 0.04191792756319046
v -1.0390758514404297 -1.4123921394348145 0.08946371078491211
v -1.0354068279266357 -1.3716208934783936 0.13168807327747345
v -1.0239216089248657 -1.3259915113449097 0.16696837544441223
v -1.0050616264343262 -1.2772575616836548 0.19394880533218384
v -0.9795517325401306 -1.2272915840148926 0.21159251034259796
v -0.9483721256256104 -1.1780140399932861 0.21922145783901215
v -0.9127210974693298 -1.13131844997406 0.21654249727725983
v -0.8739687204360962 -1.0889992713928223 0.20365853607654572
v -0.8336041569709778 -1.0526829957962036 0.18106472492218018
v -0.7931786775588989 -1.023765206336975 0.14962933957576752
v -0.7542456984519958 -1.0033570528030396 0.11056039482355118
v -0.7183014750480652 -0.9922428727149963 0.06535931676626205
v -0.6867272853851318 -0.9908497929573059 0.015763135626912117
v -0.6607365608215332 -0.9992313385009766 -0.03632218390703201
v -0.5707857608795166 -1.0550787448883057 0.0166135486215353
v -0.5507187843322754 -1.0733083486557007 -0.03557500243186951
v -0.5366503596305847 -1.1011086702346802 -0.08545360714197159
v -0.5291211605072021 -1.137411117553711 -0.1311054527759552
v -0.5284204483032227 -1.1808207035064697 -0.17077617347240448
v -0.5345752239227295 -1.229669213294983 -0.20294122397899628
v -0.5473489165306091 -1.2820794582366943 -0.22636455297470093
v -0.5662506222724915 -1.336037278175354 -0.2401459962129593
v -0.5905540585517883 -1.3894691467285156 -0.24375593662261963
v -0.6193251609802246 -1.440321683883667 -0.23705564439296722
v -0.6514582633972168 -1.4866405725479126 -0.22030262649059296
v -0.6857185959815979 -1.5266460180282593 -0.19414067268371582
v -0.7207894921302795 -1.558800458908081 -0.1595751941204071
v -0.7553232312202454 -1.581868290901184 -0.11793449521064758
v -0.7879926562309265 -1.5949629545211792 -0.07081881910562515
v -0.817542314529419 -1.597581386566162 -0.020038796588778496
v -0.8428366780281067 -1.5896227359771729 0.032454125583171844
v -0.8629035949707031 -1.5713931322097778 0.0846426784992218
v -0.8769720196723938 -1.5435928106307983 0.1345212757587433
v -0.8845012187957764 -1.5072903633117676 0.1801731288433075
v -0.8852019309997559 -1.4638807773590088 0.21984384953975677
v -0.879047155380249 -1.4150322675704956 0.25200891494750977
v -0.8662734627723694 -1.3626220226287842 0.2754322290420532
v -0.8473717570304871 -1.3086642026901245 0.2892136573791504
v -0.8230683207511902 -1.255232334136963 0.2928236126899719
v -0.7942972183227539 -1.2043797969818115 0.2861233353614807
v -0.7621641159057617 -1.158060908317566 0.26937028765678406
v -0.7279037833213806 -1.1180554628372192 0.24320834875106812
v -0.692832887172699 -1.0859010219573975 0.2086428552865982
v -0.6582991480827332 -1.0628331899642944 0.16700217127799988
v -0.625629723072052 -1.0497385263442993 0.11988649517297745
v -0.5960800647735596 -1.0471200942993164 0.06910647451877594
v -0.5707857608795166 -1.0550787448883057 0.0166135486215353
v -0.4727645814418793 -1.0946877002716064 0.06909891963005066
v -0.45179593563079834 -1.1132750511169434 0.017393235117197037
v -0.4353832006454468 -1.1419949531555176 -0.031232258304953575
v -0.4241570830345154 -1.179743766784668 -0.07490890473127365
v -0.4185490310192108 -1.225070834159851 -0.11195824295282364
v -0.4187745749950409 -1.2762342691421509 -0.14095647633075714
v -0.4248250126838684 -1.3312679529190063 -0.16078923642635345
v -0.43646782636642456 -1.3880568742752075 -0.17069433629512787
v -0.4532555937767029 -1.4444187879562378 -0.17029115557670593
v -0.4745432138442993 -1.49818754196167 -0.15959517657756805
v -0.49951255321502686 -1.5472970008850098 -0.13901743292808533
v -0.5272040963172913 -1.5898598432540894 -0.10934871435165405
v -0.5565536618232727 -1.6242403984069824 -0.07172919064760208
v -0.5864333510398865 -1.6491174697875977 -0.027604540809988976
v -0.6156948804855347 -1.6635351181030273 0.02132953703403473
v -0.6432138085365295 -1.66693913936615 0.0731925368309021
v -0.6679325699806213 -1.6591987609863281 0.12599140405654907
v -0.6889011859893799 -1.6406115293502808 0.177697092294693
v -0.7053139805793762 -1.6118916273117065 0.22632257640361786
v -0.7165400385856628 -1.5741428136825562 0.269999235868454
v -0.7221481204032898 -1.5288156270980835 0.3070485591888428
v -0.7219225764274597 -1.4776521921157837 0.33604681491851807
v -0.7158721685409546 -1.4226185083389282 0.355879545211792
v -0.7042292952537537 -1.365829586982727 0.3657846748828888
v -0.6874415278434753 -1.3094677925109863 0.36538147926330566
v -0.6661539673805237 -1.2556989192962646 0.3546854853630066
v -0.6411845684051514 -1.2065894603729248 0.33410775661468506
v -0.6134930849075317 -1.1640266180038452 0.3044390380382538
v -0.5841435194015503 -1.1296460628509521 0.2668195068836212
v -0.5542638301849365 -1.104768991470337 0.22269485890865326
v -0.5250022411346436 -1.0903513431549072 0.173760786652565
v -0.49748334288597107 -1.0869473218917847 0.12189777940511703
v -0.4727645814418793 -1.0946877002716064 0.06909891963005066
v -0.3700332045555115 -1.1169381141662598 0.11976902186870575
v -0.34792646765708923 -1.135789394378662 0.06863612681627274
v -0.32885628938674927 -1.1650800704956055 0.02133883722126484
v -0.313555508852005 -1.2036845684051514 -0.020305251702666283
v -0.3026121258735657 -1.2501192092895508 -0.05469577759504318
v -0.29644668102264404 -1.3025997877120972 -0.08051113039255142
v -0.2952961325645447 -1.3591092824935913 -0.09675923734903336
v -0.2992047071456909 -1.4174761772155762 -0.10281570255756378
v -0.308022141456604 -1.4754574298858643 -0.0984477773308754
v -0.3214096426963806 -1.5308247804641724 -0.0838233083486557
v -0.3388527035713196 -1.5814505815505981 -0.05950431525707245
v -0.35968101024627686 -1.6253893375396729 -0.026425357908010483
v -0.3830941617488861 -1.6609524488449097 0.014142352156341076
v -0.40819236636161804 -1.6867733001708984 0.06063982471823692
v -0.4340111315250397 -1.7018595933914185 0.11128018796443939
v -0.45955824851989746 -1.7056314945220947 0.16411735117435455
v -0.48385196924209595 -1.6979440450668335 0.21712084114551544
v -0.5059587359428406 -1.6790927648544312 0.26825371384620667
v -0.5250288844108582 -1.6498020887374878 0.3155510127544403
v -0.5403296947479248 -1.6111977100372314 0.357195109128952
v -0.5512730479240417 -1.5647629499435425 0.3915856182575226
v -0.5574384927749634 -1.512282371520996 0.417400985956192
v -0.5585890412330627 -1.455772876739502 0.43364909291267395
v -0.5546804666519165 -1.397405982017517 0.4397055506706238
v -0.5458630323410034 -1.3394248485565186 0.435337632894516
v -0.5324755311012268 -1.284057378768921 0.4207131564617157
v -0.5150324702262878 -1.2334315776824951 0.39639416337013245
v -0.49420416355133057 -1.1894928216934204 0.363315224647522
v -0.4707910120487213 -1.1539297103881836 0.32274749875068665
v -0.4456928074359894 -1.1281088590621948 0.27625003457069397
v -0.41987404227256775 -1.1130225658416748 0.2256096601486206
v -0.39432692527770996 -1.1092506647109985 0.17277249693870544
v -0.3700332045555115 -1.1169381141662598 0.11976902186870575
v -0.26611605286598206 -1.1215541362762451 0.16732364892959595
v -0.24265921115875244 -1.1405212879180908 0.11683925986289978
v -0.22068028151988983 -1.169970154762268 0.07092255353927612
v -0.2010239213705063 -1.2087689638137817 0.031338099390268326
v -0.18444550037384033 -1.2554267644882202 -0.00039290799759328365
v -0.1715821474790573 -1.3081504106521606 -0.023051060736179352
v -0.16292816400527954 -1.3649139404296875 -0.035765618085861206
v -0.1588161289691925 -1.423535943031311 -0.03804796561598778
v -0.15940406918525696 -1.481763482093811 -0.02981039322912693
v -0.16466939449310303 -1.5373589992523193 -0.01136947050690651
v -0.17440974712371826 -1.5881859064102173 0.01656613126397133
v -0.1882508099079132 -1.6322909593582153 0.05292285978794098
v -0.20566070079803467 -1.66797935962677 0.0963035523891449
v -0.2259703427553177 -1.6938796043395996 0.1450411081314087
v -0.2483992725610733 -1.7089961767196655 0.19726257026195526
v -0.2720855176448822 -1.7127482891082764 0.2509610950946808
v -0.2961188852787018 -1.7049918174743652 0.3040730953216553
v -0.3195757269859314 -1.6860246658325195 0.35455748438835144
v -0.3415546715259552 -1.6565757989883423 0.4004741907119751
v -0.36121103167533875 -1.6177769899368286 0.4400586485862732
v -0.3777894377708435 -1.5711191892623901 0.4717896580696106
v -0.3906528055667877 -1.5183955430984497 0.49444779753685
v -0.3993067741394043 -1.4616320133209229 0.50716233253479
v -0.40341880917549133 -1.4030100107192993 0.5094447135925293
v -0.4028308689594269 -1.3447824716567993 0.5012071132659912
v -0.3975655436515808 -1.289186954498291 0.48276621103286743
v -0.3878251910209656 -1.238360047340393 0.4548306167125702
v -0.37398412823677063 -1.194254994392395 0.41847386956214905
v -0.35657423734664917 -1.1585665941238403 0.3750931918621063
v -0.33626461029052734 -1.1326663494110107 0.32635563611984253
v -0.31383568048477173 -1.1175497770309448 0.27413415908813477
v -0.29014942049980164 -1.113797664642334 0.22043563425540924
v -0.26611605286598206 -1.1215541362762451 0.16732364892959595
v -0.16448825597763062 -1.1091126203536987 0.21057596802711487
v -0.13951195776462555 -1.1279996633529663 0.16079531610012054
v -0.11445378512144089 -1.1571418046951294 0.11628159135580063
v -0.09027670323848724 -1.195419192314148 0.07874542474746704
v -0.06790981441736221 -1.2413606643676758 0.04962931200861931
v -0.04821266978979111 -1.293200969696045 0.030052166432142258
v -0.0319422222673893 -1.3489476442337036 0.020766327157616615
v -0.019723737612366676 -1.4064584970474243 0.022128645330667496
v -0.012026762589812279 -1.463523507118225 0.034086767584085464
v -0.00914708711206913 -1.5179495811462402 0.05618114769458771
v -0.011195376515388489 -1.5676450729370117 0.08756271749734879
v -0.018092915415763855 -1.6107004880905151 0.12702548503875732
v -0.029574638232588768 -1.6454609632492065 0.17305293679237366
v -0.045199304819107056 -1.670590877532959 0.22387626767158508
v -0.06436646729707718 -1.6851242780685425 0.2775423228740692
v -0.0863395482301712 -1.6885029077529907 0.3319888114929199
v -0.11027412861585617 -1.6805967092514038 0.3851233422756195
v -0.13525041937828064 -1.6617096662521362 0.43490397930145264
v -0.1603085994720459 -1.6325674057006836 0.47941771149635315
v -0.18448568880558014 -1.5942901372909546 0.5169538855552673
v -0.20685257017612457 -1.5483485460281372 0.5460699796676636
v -0.22654971480369568 -1.4965083599090576 0.5656471252441406
v -0.2428201586008072 -1.440761685371399 0.5749329924583435
v -0.25503864884376526 -1.3832508325576782 0.5735706686973572
v -0.26273563504219055 -1.3261858224868774 0.5616125464439392
v -0.2656152844429016 -1.2717597484588623 0.5395181775093079
v -0.2635670006275177 -1.2220642566680908 0.5081365704536438
v -0.25666946172714233 -1.1790088415145874 0.46867382526397705
v -0.24518774449825287 -1.144248366355896 0.4226463735103607
v -0.22956308722496033 -1.1191184520721436 0.3718230426311493
v -0.2103959172964096 -1.10458505153656 0.3181569576263428
v -0.18842284381389618 -1.1012064218521118 0.26371049880981445
v -0.16448825597763062 -1.1091126203536987 0.21057596802711487
v -0.06836732476949692 -1.080991268157959 0.24850213527679443
v -0.04176383092999458 -1.0995675325393677 0.19945292174816132
v -0.0135553739964962 -1.1279042959213257 0.15632571280002594
v 0.01517400797456503 -1.1649127006530762 0.12077784538269043
v 0.04332026094198227 -1.2091704607009888 0.09417541325092316
v 0.06980174034833908 -1.2589768171310425 0.07754073292016983
v 0.09360077977180481 -1.3124176263809204 0.07151306420564651
v 0.11380279064178467 -1.3674392700195312 0.07632405310869217
v 0.1296314299106598 -1.4219273328781128 0.09178879857063293
v 0.14047840237617493 -1.473787784576416 0.11731301993131638
v 0.14592686295509338 -1.521027684211731 0.15191581845283508
v 0.1457674354314804 -1.5618317127227783 0.19426743686199188
v 0.14000625908374786 -1.5946316719055176 0.24274033308029175
v 0.12886472046375275 -1.6181670427322388 0.2954716980457306
v 0.11277096718549728 -1.6315336227416992 0.35043513774871826
v 0.09234350174665451 -1.6342175006866455 0.40551838278770447
v 0.06836732476949692 -1.6261155605316162 0.4586046636104584
v 0.04176383092999458 -1.6075392961502075 0.5076538324356079
v 0.0135553739964962 -1.57920241355896 0.5507810711860657
v -0.01517400797456503 -1.5421940088272095 0.58632892370224
v -0.04332026094198227 -1.4979362487792969 0.6129313707351685
v -0.06980174034833908 -1.4481300115585327 0.6295660734176636
v -0.09360077977180481 -1.3946892023086548 0.6355937123298645
v -0.11380279064178467 -1.3396674394607544 0.6307827234268188
v -0.1296314299106598 -1.2851794958114624 0.6153180003166199
v -0.14047840237617493 -1.2333190441131592 0.5897937417030334
v -0.14592686295509338 -1.1860791444778442 0.5551909804344177
v -0.1457674354314804 -1.1452751159667969 0.5128393173217773
v -0.14000625908374786 -1.1124751567840576 0.46436643600463867
v -0.12886472046375275 -1.0889396667480469 0.41163507103919983
v -0.11277096718549728 -1.075573205947876 0.35667166113853455
v -0.09234350174665451 -1.0728893280029297 0.30158838629722595
v -0.06836732476949692 -1.080991268157959 0.24850213527679443
v 0.019472582265734673 -1.0392593145370483 0.28029242157936096
v 0.04773102328181267 -1.0572795867919922 0.23196664452552795
v 0.07904385030269623 -1.084304690361023 0.19015994668006897
v 0.11220774054527283 -1.1192960739135742 0.1564789116382599
v 0.14594821631908417 -1.1609089374542236 0.1322178840637207
v 0.1789686381816864 -1.207544207572937 0.11830920726060867
v 0.21000008285045624 -1.2574098110198975 0.11528738588094711
v 0.23784999549388885 -1.308589220046997 0.12326853722333908
v 0.2614481449127197 -1.359115719795227 0.1419459581375122
v 0.2798876464366913 -1.4070476293563843 0.17060187458992004
v 0.2924598753452301 -1.4505430459976196 0.20813508331775665
v 0.29868173599243164 -1.4879302978515625 0.2531031668186188
v 0.29831406474113464 -1.5177727937698364 0.3037780523300171
v 0.29137101769447327 -1.5389235019683838 0.35821232199668884
v 0.27811944484710693 -1.550569772720337 0.4143140912055969
v 0.2590685188770294 -1.5522639751434326 0.46992743015289307
v 0.23495043814182281 -1.5439409017562866 0.5229151248931885
v 0.20669199526309967 -1.5259206295013428 0.5712409019470215
v 0.1753791719675064 -1.498895525932312 0.6130475997924805
v 0.1422152817249298 -1.4639042615890503 0.6467286348342896
v 0.10847481340169907 -1.4222912788391113 0.6709896326065063
v 0.07545438408851624 -1.375656008720398 0.684898316860199
v 0.044422946870326996 -1.325790524482727 0.6879201531410217
v 0.01657303050160408 -1.2746111154556274 0.6799389719963074
v -0.0070251114666461945 -1.2240846157073975 0.6612615585327148
v -0.0254646148532629 -1.1761525869369507 0.6326056718826294
v -0.03803686052560806 -1.1326572895050049 0.5950724482536316
v -0.04425870254635811 -1.0952699184417725 0.5501043796539307
v -0.04389104247093201 -1.065427541732788 0.49942949414253235
v -0.036948006600141525 -1.0442768335342407 0.4449952244758606
v -0.0236964114010334 -1.0326305627822876 0.3888934254646301
v -0.004645509645342827 -1.030936360359192 0.333280086517334
v 0.019472582265734673 -1.0392593145370483 0.28029242157936096
v 0.09684807807207108 -0.9865134954452515 0.3054044544696808
v 0.12669141590595245 -1.0037471055984497 0.25774914026260376
v 0.16093038022518158 -1.0289819240570068 0.2171345353126526
v 0.19824916124343872 -1.0612483024597168 0.18512144684791565
v 0.2372136265039444 -1.0993062257766724 0.1629400998353958
v 0.27632641792297363 -1.1416932344436646 0.15144294500350952
v 0.31408441066741943 -1.186780333518982 0.15107177197933197
v 0.3490366041660309 -1.232834815979004 0.16184088587760925
v 0.37983983755111694 -1.2780869007110596 0.18333639204502106
v 0.4053103029727936 -1.3207976818084717 0.21473227441310883
v 0.4244692325592041 -1.3593255281448364 0.2548219859600067
v 0.4365803301334381 -1.3921900987625122 0.3020648658275604
v 0.44117817282676697 -1.418128252029419 0.3546454608440399
v 0.4380860924720764 -1.436143398284912 0.4105431139469147
v 0.4274229109287262 -1.4455430507659912 0.4676096737384796
v 0.40959838032722473 -1.4459660053253174 0.5236521363258362
v 0.3852975070476532 -1.4373960494995117 0.5765168070793152
v 0.3554541766643524 -1.4201624393463135 0.6241720914840698
v 0.3212152123451233 -1.3949276208877563 0.664786696434021
v 0.28389641642570496 -1.3626612424850464 0.6967998147010803
v 0.24493195116519928 -1.3246033191680908 0.718981146812439
v 0.20581917464733124 -1.2822163105010986 0.7304783463478088
v 0.16806118190288544 -1.2371292114257812 0.7308495044708252
v 0.1331089735031128 -1.1910747289657593 0.7200803756713867
v 0.10230575501918793 -1.1458226442337036 0.6985848546028137
v 0.0768352821469307 -1.1031118631362915 0.6671890020370483
v 0.05767635628581047 -1.0645840167999268 0.6270992755889893
v 0.04556525871157646 -1.031719446182251 0.5798563957214355
v 0.04096740484237671 -1.0057812929153442 0.527275800704956
v 0.04405948892235756 -0.9877661466598511 0.4713781476020813
v 0.05472268536686897 -0.9783665537834167 0.41431158781051636
v 0.07254721224308014 -0.9779435396194458 0.3582691252231598
v 0.09684807807207108 -0.9865134954452515 0.3054044544696808
v 0.16225872933864594 -0.9256630539894104 0.3236192464828491
v 0.19350236654281616 -0.9419331550598145 0.2765260934829712
v 0.23034439980983734 -0.9649745225906372 0.23689767718315125
v 0.27136898040771484 -0.9939016103744507 0.2062569409608841
v 0.3149995505809784 -1.0276029109954834 0.1857813596725464
v 0.35955944657325745 -1.0647830963134766 0.17625780403614044
v 0.40333622694015503 -1.104013442993164 0.17805227637290955
v 0.44464758038520813 -1.1437864303588867 0.19109579920768738
v 0.4819059371948242 -1.1825734376907349 0.2148871272802353
v 0.5136795043945312 -1.2188841104507446 0.24851197004318237
v 0.5387471914291382 -1.251322865486145 0.29067814350128174
v 0.5561456680297852 -1.278643250465393 0.3397652208805084
v 0.5652063488960266 -1.299795150756836 0.3938868045806885
v 0.5655810832977295 -1.313965916633606 0.4509630501270294
v 0.5572553277015686 -1.3206110000610352 0.5088005661964417
v 0.5405492186546326 -1.3194748163223267 0.5651766657829285
v 0.5161045789718628 -1.3106011152267456 0.6179248094558716
v 0.48486095666885376 -1.2943309545516968 0.6650179624557495
v 0.4480189085006714 -1.271289587020874 0.7046464085578918
v 0.4069943428039551 -1.2423624992370605 0.7352871298789978
v 0.36336377263069153 -1.2086613178253174 0.7557626962661743
v 0.3188038766384125 -1.1714811325073242 0.7652862668037415
v 0.2750270962715149 -1.1322506666183472 0.7634918093681335
v 0.2337157428264618 -1.092477798461914 0.7504482865333557
v 0.1964573711156845 -1.0536906719207764 0.7266569137573242
v 0.16468383371829987 -1.0173799991607666 0.6930320858955383
v 0.13961613178253174 -0.9849412441253662 0.650865912437439
v 0.12221764028072357 -0.9576209187507629 0.6017788648605347
v 0.11315694451332092 -0.9364689588546753 0.5476572513580322
v 0.11278224736452103 -0.9222981929779053 0.4905810058116913
v 0.12110795825719833 -0.9156532287597656 0.43274351954460144
v 0.13781411945819855 -0.9167893528938293 0.3763674199581146
v 0.16225872933864594 -0.9256630539894104 0.3236192464828491
v 0.2149088829755783 -0.8596731424331665 0.33509954810142517
v 0.24723757803440094 -0.8749104142189026 0.28839483857154846
v 0.286205917596817 -0.8954928517341614 0.24945279955863953
v 0.33031633496284485 -0.9206293821334839 0.2197699397802353
v 0.3778737485408783 -0.9493541121482849 0.2004869431257248
v 0.42705053091049194 -0.9805631041526794 0.19234487414360046
v 0.47595682740211487 -1.013056993484497 0.19565661251544952
v 0.5227131843566895 -1.045587182044983 0.21029488742351532
v 0.5655228495597839 -1.0769034624099731 0.2356971651315689
v 0.6027405858039856 -1.1058024168014526 0.27088722586631775
v 0.6329362392425537 -1.1311733722686768 0.31451278924942017
v 0.6549493074417114 -1.1520414352416992 0.36489731073379517
v 0.6679338812828064 -1.1676045656204224 0.4201045334339142
v 0.671390950679779 -1.1772648096084595 0.47801288962364197
v 0.6651877164840698 -1.1806508302688599 0.5363969802856445
v 0.6495624780654907 -1.177632451057434 0.5930131673812866
v 0.6251158118247986 -1.1683259010314941 0.6456857323646545
v 0.5927871465682983 -1.1530885696411133 0.6923904418945312
v 0.5538187623023987 -1.1325061321258545 0.7313324809074402
v 0.5097083449363708 -1.1073696613311768 0.7610153555870056
v 0.4621509313583374 -1.078644871711731 0.7802983522415161
v 0.41297417879104614 -1.0474358797073364 0.7884404063224792
v 0.3640678822994232 -1.014941930770874 0.785128653049469
v 0.31731149554252625 -0.982411801815033 0.7704904079437256
v 0.27450186014175415 -0.9510955214500427 0.7450881004333496
v 0.2372840940952301 -0.922196626663208 0.709898054599762
v 0.20708848536014557 -0.8968256711959839 0.6662725210189819
v 0.18507541716098785 -0.8759576678276062 0.6158879995346069
v 0.17209084331989288 -0.8603944778442383 0.5606807470321655
v 0.16863374412059784 -0.8507342338562012 0.5027723908424377
v 0.17483699321746826 -0.8473482131958008 0.4443882703781128
v 0.19046220183372498 -0.8503665328025818 0.3877720832824707
v 0.2149088829755783 -0.8596731424331665 0.33509954810142517
v 0.2546485364437103 -0.7912717461585999 0.3404487669467926
v 0.28759974241256714 -0.8055843114852905 0.29388678073883057
v 0.3280586004257202 -0.8236619830131531 0.25522246956825256
v 0.3744702935218811 -0.8448100090026855 0.22594165802001953
v 0.4250512719154358 -0.8682156801223755 0.20716962218284607
v 0.47785770893096924 -0.8929795622825623 0.19962775707244873
v 0.5308603048324585 -0.9181499481201172 0.20360587537288666
v 0.5820221900939941 -0.9427595734596252 0.21895110607147217
v 0.6293772459030151 -0.9658627510070801 0.24507373571395874
v 0.6711056232452393 -0.9865715503692627 0.28096991777420044
v 0.7056037783622742 -1.0040901899337769 0.32526013255119324
v 0.7315459251403809 -1.0177454948425293 0.37624236941337585
v 0.7479351162910461 -1.027012586593628 0.4319573938846588
v 0.7541415095329285 -1.0315355062484741 0.4902641177177429
v 0.7499266862869263 -1.0311402082443237 0.5489218235015869
v 0.7354525327682495 -1.0258420705795288 0.6056763529777527
v 0.7112752795219421 -1.0158445835113525 0.6583467125892639
v 0.6783241033554077 -1.001531958580017 0.7049086689949036
v 0.6378652453422546 -0.9834543466567993 0.743573009967804
v 0.5914535522460938 -0.9623063802719116 0.7728537917137146
v 0.5408725738525391 -0.9389007091522217 0.7916258573532104
v 0.4880661070346832 -0.9141368269920349 0.7991676926612854
v 0.43506351113319397 -0.88896644115448 0.7951895594596863
v 0.3839016258716583 -0.8643567562103271 0.779844343662262
v 0.33654657006263733 -0.8412536382675171 0.7537217140197754
v 0.2948181629180908 -0.8205447793006897 0.7178255319595337
v 0.2603200376033783 -0.8030261397361755 0.6735353469848633
v 0.2343778908252716 -0.7893708348274231 0.6225531101226807
v 0.21798869967460632 -0.7801037430763245 0.5668380260467529
v 0.2117822766304016 -0.775580883026123 0.5085313320159912
v 0.2159971445798874 -0.7759761214256287 0.4498736262321472
v 0.23047131299972534 -0.7812743186950684 0.39311906695365906
v 0.2546485364437103 -0.7912717461585999 0.3404487669467926
v 0.28183528780937195 -0.7226213812828064 0.3407590389251709
v 0.31477972865104675 -0.7363861203193665 0.2940273880958557
v 0.35593122243881226 -0.7522388696670532 0.25511863827705383
v 0.40370842814445496 -0.7695704698562622 0.22552800178527832
v 0.45627522468566895 -0.7877148985862732 0.20639266073703766
v 0.5116115212440491 -0.8059747815132141 0.19844794273376465
v 0.5675908327102661 -0.8236484527587891 0.20199920237064362
v 0.6220617890357971 -0.8400567173957825 0.21690991520881653
v 0.6729311943054199 -0.8545690178871155 0.24260711669921875
v 0.7182441353797913 -0.8666276931762695 0.2781032621860504
v 0.7562592625617981 -0.8757692575454712 0.32203423976898193
v 0.7855157256126404 -0.8816424608230591 0.37271180748939514
v 0.8048890829086304 -0.8840215802192688 0.4281884729862213
v 0.813634991645813 -0.8828151822090149 0.4863322973251343
v 0.8114172220230103 -0.8780696392059326 0.5449088215827942
v 0.7983210682868958 -0.8699673414230347 0.601667046546936
v 0.7748497724533081 -0.8588196039199829 0.6544256806373596
v 0.7419053316116333 -0.8450548648834229 0.7011573314666748
v 0.7007538080215454 -0.8292020559310913 0.7400661110877991
v 0.6529766321182251 -0.8118704557418823 0.7696567177772522
v 0.6004098057746887 -0.7937260866165161 0.788792073726654
v 0.5450735092163086 -0.7754662036895752 0.7967367768287659
v 0.48909425735473633 -0.7577924728393555 0.7931855320930481
v 0.43462327122688293 -0.7413842082023621 0.7782748341560364
v 0.38375386595726013 -0.726871907711029 0.7525776028633118
v 0.3384409248828888 -0.7148132920265198 0.7170814871788025
v 0.30042576789855957 -0.7056716680526733 0.6731504797935486
v 0.27116936445236206 -0.6997984647750854 0.6224729418754578
v 0.2517959475517273 -0.6974194049835205 0.5669962763786316
v 0.24305009841918945 -0.6986257433891296 0.5088524222373962
v 0.245267853140831 -0.7033712863922119 0.45027589797973633
v 0.2583640217781067 -0.7114736437797546 0.39351770281791687
v 0.28183528780937195 -0.7226213812828064 0.3407590389251709
v 0.2971518933773041 -0.6549475789070129 0.3376082479953766
v 0.3292689025402069 -0.668920636177063 0.2903652489185333
v 0.3701498210430145 -0.6832848191261292 0.2506025433540344
v 0.4182235896587372 -0.6974880695343018 0.21984821557998657
v 0.47164279222488403 -0.7109845280647278 0.1992841213941574
v 0.5283545851707458 -0.7232556343078613 0.18970052897930145
v 0.5861794948577881 -0.7338297367095947 0.19146573543548584
v 0.6428954005241394 -0.7423005104064941 0.20451189577579498
v 0.6963227391242981 -0.7483424544334412 0.22833766043186188
v 0.7444082498550415 -0.7517232894897461 0.26202741265296936
v 0.7853041291236877 -0.7523131966590881 0.30428647994995117
v 0.8174387812614441 -0.7500894069671631 0.3534908592700958
v 0.8395771980285645 -0.7451375126838684 0.40774965286254883
v 0.8508686423301697 -0.7376476526260376 0.4649777412414551
v 0.8508792519569397 -0.7279077768325806 0.5229758620262146
v 0.8396085500717163 -0.716292142868042 0.5795152187347412
v 0.8174896836280823 -0.7032471299171448 0.6324230432510376
v 0.7853726744651794 -0.68927401304245 0.6796659827232361
v 0.7444917559623718 -0.6749098896980286 0.7194287180900574
v 0.6964179873466492 -0.660706639289856 0.7501830458641052
v 0.6429987549781799 -0.6472101211547852 0.7707471251487732
v 0.5862870216369629 -0.6349390149116516 0.7803307175636292
v 0.5284620523452759 -0.6243649125099182 0.778565526008606
v 0.47174617648124695 -0.6158941388130188 0.765519380569458
v 0.41831886768341064 -0.6098522543907166 0.7416936159133911
v 0.37023332715034485 -0.6064713597297668 0.7080038189888
v 0.3293374180793762 -0.6058815121650696 0.6657447814941406
v 0.29720282554626465 -0.6081052422523499 0.6165403723716736
v 0.2750644087791443 -0.6130571961402893 0.562281608581543
v 0.2637729346752167 -0.6205469965934753 0.5050535202026367
v 0.26376235485076904 -0.6302869319915771 0.4470553696155548
v 0.27503302693367004 -0.6419025659561157 0.3905160129070282
v 0.2971518933773041 -0.6549475789070129 0.3376082479953766
v 0.3014813959598541 -0.5881187915802002 0.33287540078163147
v 0.3317340612411499 -0.6035408973693848 0.28485891222953796
v 0.3712126314640045 -0.6177435517311096 0.24364754557609558
v 0.41839995980262756 -0.6301809549331665 0.21082501113414764
v 0.47148263454437256 -0.640375018119812 0.18765269219875336
v 0.5284208059310913 -0.6479341387748718 0.17502106726169586
v 0.5870262384414673 -0.6525677442550659 0.17341555655002594
v 0.6450468897819519 -0.6540977954864502 0.1828978806734085
v 0.7002530097961426 -0.6524655222892761 0.20310361683368683
v 0.750523030757904 -0.6477335691452026 0.2332562953233719
v 0.7939251065254211 -0.6400838494300842 0.2721971273422241
v 0.8287913203239441 -0.6298102736473083 0.3184296786785126
v 0.8537818789482117 -0.6173077821731567 0.3701772689819336
v 0.8679362535476685 -0.6030566692352295 0.4254511892795563
v 0.8707106113433838 -0.5876047015190125 0.4821273684501648
v 0.8619983196258545 -0.5715456604957581 0.5380277633666992
v 0.8421341180801392 -0.5554967522621155 0.5910041332244873
v 0.811881422996521 -0.5400745868682861 0.6390206217765808
v 0.7724028825759888 -0.5258719325065613 0.6802319884300232
v 0.7252155542373657 -0.5134345889091492 0.7130545377731323
v 0.6721328496932983 -0.5032404661178589 0.7362268567085266
v 0.6151947379112244 -0.49568137526512146 0.7488584518432617
v 0.5565892457962036 -0.491047739982605 0.7504639625549316
v 0.4985686242580414 -0.4895176887512207 0.7409816384315491
v 0.4433625340461731 -0.49114999175071716 0.7207759022712708
v 0.3930925130844116 -0.49588194489479065 0.6906232237815857
v 0.34969040751457214 -0.5035316944122314 0.6516823768615723
v 0.3148241639137268 -0.5138052105903625 0.6054498553276062
v 0.289833664894104 -0.5263077616691589 0.5537022948265076
v 0.27567926049232483 -0.5405588150024414 0.4984283447265625
v 0.2729049026966095 -0.5560107827186584 0.441752165555954
v 0.2816172242164612 -0.5720698237419128 0.38585177063941956
v 0.3014813959598541 -0.5881187915802002 0.33287540078163147
v 0.29603224992752075 -0.5202829241752625 0.3280380666255951
v 0.3231797516345978 -0.5388892292976379 0.2792992889881134
v 0.35997793078422546 -0.5548990368843079 0.2363082319498062
v 0.4050126373767853 -0.5676969289779663 0.2007169872522354
v 0.45655325055122375 -0.5767912268638611 0.17389331758022308
v 0.5126190781593323 -0.5818323493003845 0.15686804056167603
v 0.57105553150177 -0.5826266407966614 0.1502954363822937
v 0.629616916179657 -0.5791435241699219 0.15442806482315063
v 0.6860527992248535 -0.5715168714523315 0.169107124209404
v 0.7381944060325623 -0.5600398182868958 0.19376851618289948
v 0.7840378284454346 -0.5451533198356628 0.227464497089386
v 0.8218214511871338 -0.5274295210838318 0.26890015602111816
v 0.8500932455062866 -0.507549524307251 0.31648316979408264
v 0.8677667379379272 -0.486277312040329 0.3683849275112152
v 0.8741626739501953 -0.4644303619861603 0.4226108491420746
v 0.8690354228019714 -0.44284823536872864 0.47707709670066833
v 0.8525818586349487 -0.4223603308200836 0.5296905636787415
v 0.8254343867301941 -0.40375399589538574 0.5784293413162231
v 0.7886362075805664 -0.3877442181110382 0.6214203834533691
v 0.7436014413833618 -0.3749462962150574 0.6570116281509399
v 0.6920608878135681 -0.3658519983291626 0.6838352680206299
v 0.6359950304031372 -0.36081087589263916 0.7008605599403381
v 0.5775585770606995 -0.3600165843963623 0.7074331641197205
v 0.5189971923828125 -0.3634997010231018 0.7033005356788635
v 0.4625612795352936 -0.37112635374069214 0.688621461391449
v 0.4104197323322296 -0.3826034367084503 0.6639600992202759
v 0.3645762801170349 -0.3974899351596832 0.6302641034126282
v 0.3267926573753357 -0.4152137339115143 0.588828444480896
v 0.29852086305618286 -0.4350937008857727 0.5412454605102539
v 0.2808474004268646 -0.4563659131526947 0.48934370279312134
v 0.2744514048099518 -0.4782128632068634 0.4351177513599396
v 0.27957871556282043 -0.49979498982429504 0.3806515038013458
v 0.29603224992752075 -0.5202829241752625 0.3280380666255951
v 0.28283703327178955 -0.44814199209213257 0.3224516212940216
v 0.30560046434402466 -0.47187554836273193 0.273695170879364
v 0.33843737840652466 -0.4920532703399658 0.2292739301919937
v 0.38008588552474976 -0.5078996419906616 0.19089500606060028
v 0.42894548177719116 -0.518805742263794 0.16003325581550598
v 0.4831385016441345 -0.524352490901947 0.13787470757961273
v 0.5405822992324829 -0.5243266224861145 0.12527090311050415
v 0.5990694165229797 -0.5187292695045471 0.12270616739988327
v 0.656352162361145 -0.5077754259109497 0.13027909398078918
v 0.710229218006134 -0.49188610911369324 0.14769864082336426
v 0.7586301565170288 -0.4716718792915344 0.17429539561271667
v 0.7996948957443237 -0.4479096233844757 0.20904724299907684
v 0.8318453431129456 -0.4215124547481537 0.25061872601509094
v 0.85384601354599 -0.3934948146343231 0.2974122166633606
v 0.8648514151573181 -0.36493343114852905 0.34762951731681824
v 0.8644385933876038 -0.3369258642196655 0.39934080839157104
v 0.852623462677002 -0.31054845452308655 0.4505588114261627
v 0.8298600316047668 -0.2868148684501648 0.4993152916431427
v 0.7970231175422668 -0.2666371762752533 0.5437365174293518
v 0.7553746104240417 -0.2507908046245575 0.5821154713630676
v 0.7065150141716003 -0.23988468945026398 0.6129772067070007
v 0.652321994304657 -0.2343379706144333 0.6351357102394104
v 0.5948781967163086 -0.23436379432678223 0.6477395296096802
v 0.5363910794258118 -0.239961177110672 0.6503042578697205
v 0.4791083037853241 -0.250914990901947 0.6427313685417175
v 0.4252312481403351 -0.2668043375015259 0.6253117918968201
v 0.3768303394317627 -0.2870185375213623 0.59871506690979
v 0.3357656002044678 -0.3107808232307434 0.5639631748199463
v 0.30361515283584595 -0.33717799186706543 0.5223917365074158
v 0.2816144824028015 -0.365195631980896 0.47559821605682373
v 0.2706090807914734 -0.39375701546669006 0.4253809154033661
v 0.27102190256118774 -0.4217645823955536 0.37366965413093567
v 0.28283703327178955 -0.44814199209213257 0.3224516212940216
v 0.26509666442871094 -0.36911410093307495 0.3110902011394501
v 0.2826308012008667 -0.39937976002693176 0.2638123631477356
v 0.31063929200172424 -0.42570164799690247 0.21930019557476044
v 0.3480457365512848 -0.4470682144165039 0.17926426231861115
v 0.39341267943382263 -0.4626583456993103 0.1452431082725525
v 0.4449966549873352 -0.4718729555606842 0.11854416877031326
v 0.5008153319358826 -0.4743579030036926 0.10019345581531525
v 0.5587236285209656 -0.470017671585083 0.09089618176221848
v 0.616496205329895 -0.45901912450790405 0.09100963920354843
v 0.6719128489494324 -0.4417848587036133 0.10052945464849472
v 0.7228438854217529 -0.4189772307872772 0.11908980458974838
v 0.7673321962356567 -0.3914726674556732 0.1459774225950241
v 0.8036679625511169 -0.36032822728157043 0.18015901744365692
v 0.83045494556427 -0.32674071192741394 0.22032101452350616
v 0.8466636538505554 -0.2920008897781372 0.26492002606391907
v 0.8516712784767151 -0.25744378566741943 0.3122421205043793
v 0.8452852964401245 -0.2243974357843399 0.3604687452316284
v 0.8277511596679688 -0.1941317617893219 0.4077465832233429
v 0.7997426986694336 -0.1678098887205124 0.45225876569747925
v 0.762336254119873 -0.14644332230091095 0.49229469895362854
v 0.7169693112373352 -0.13085317611694336 0.5263158679008484
v 0.6653853058815002 -0.12163858115673065 0.5530148148536682
v 0.6095666289329529 -0.11915364116430283 0.571365475654602
v 0.5516583323478699 -0.12349385023117065 0.5806627869606018
v 0.49388575553894043 -0.1344924122095108 0.5805492997169495
v 0.43846914172172546 -0.15172666311264038 0.5710294842720032
v 0.3875380754470825 -0.17453430593013763 0.5524691343307495
v 0.3430497944355011 -0.20203885436058044 0.5255815386772156
v 0.3067139983177185 -0.23318332433700562 0.49139994382858276
v 0.27992701530456543 -0.2667708396911621 0.4512379467487335
v 0.26371830701828003 -0.30151066184043884 0.4066389203071594
v 0.25871071219444275 -0.33606773614883423 0.3593168258666992
v 0.26509666442871094 -0.36911410093307495 0.3110902011394501
v 0.2462460994720459 -0.2850415110588074 0.2852104604244232
v 0.25874000787734985 -0.32190772891044617 0.24112607538700104
v 0.2820345461368561 -0.35499560832977295 0.1984504610300064
v 0.3152344822883606 -0.3830335736274719 0.1588236540555954
v 0.35706400871276855 -0.40494418144226074 0.12376845628023148
v 0.40591561794281006 -0.4198853671550751 0.09463202953338623
v 0.459911972284317 -0.42728301882743835 0.07253407686948776
v 0.5169780254364014 -0.4268527626991272 0.05832381173968315
v 0.5749207139015198 -0.41861119866371155 0.05254731699824333
v 0.6315134167671204 -0.40287503600120544 0.05542658269405365
v 0.6845812201499939 -0.3802489936351776 0.06685096770524979
v 0.7320848703384399 -0.35160255432128906 0.08638142794370651
v 0.7721986770629883 -0.31803664565086365 0.1132674291729927
v 0.8033812642097473 -0.2808411419391632 0.14647574722766876
v 0.8244341611862183 -0.24144543707370758 0.18473021686077118
v 0.8345483541488647 -0.20136351883411407 0.22656072676181793
v 0.8333352208137512 -0.16213569045066833 0.27035975456237793
v 0.8208413124084473 -0.12526947259902954 0.3144441545009613
v 0.7975467443466187 -0.09218160808086395 0.35711976885795593
v 0.7643468379974365 -0.06414362788200378 0.39674657583236694
v 0.7225173115730286 -0.04223303869366646 0.43180176615715027
v 0.6736657023429871 -0.027291839942336082 0.4609382152557373
v 0.6196693181991577 -0.01989421434700489 0.4830361604690552
v 0.5626032948493958 -0.020324451848864555 0.4972464144229889
v 0.5046606063842773 -0.028566015884280205 0.5030229091644287
v 0.44806790351867676 -0.044302187860012054 0.5001436471939087
v 0.39500007033348083 -0.06692823767662048 0.48871925473213196
v 0.3474964499473572 -0.09557466208934784 0.4691888093948364
v 0.30738261342048645 -0.12914058566093445 0.44230279326438904
v 0.2762000560760498 -0.1663360893726349 0.4090944826602936
v 0.25514715909957886 -0.20573177933692932 0.37084001302719116
v 0.24503295123577118 -0.24581369757652283 0.3290095031261444
v 0.2462460994720459 -0.2850415110588074 0.2852104604244232
v 0.22857747972011566 -0.20246396958827972 0.2383064329624176
v 0.23730263113975525 -0.24470166862010956 0.19832521677017212
v 0.25706109404563904 -0.28364887833595276 0.15893781185150146
v 0.2870935797691345 -0.3178088665008545 0.12165787070989609
v 0.3262459337711334 -0.34586891531944275 0.08791803568601608
v 0.37301355600357056 -0.36675068736076355 0.05901490896940231
v 0.42559921741485596 -0.37965166568756104 0.03605922684073448
v 0.4819820523262024 -0.3840761184692383 0.01993316039443016
v 0.5399953126907349 -0.3798540234565735 0.011256424710154533
v 0.5974095463752747 -0.3671475946903229 0.010362462140619755
v 0.6520184278488159 -0.34644514322280884 0.017285626381635666
v 0.7017233371734619 -0.3185422718524933 0.03175986558198929
v 0.7446140646934509 -0.2845112681388855 0.053228940814733505
v 0.7790424823760986 -0.24565990269184113 0.08086781203746796
v 0.8036854267120361 -0.20348122715950012 0.11361432820558548
v 0.817595899105072 -0.15959614515304565 0.15021006762981415
v 0.8202393651008606 -0.11569114029407501 0.18924865126609802
v 0.8115141987800598 -0.07345344871282578 0.2292298823595047
v 0.791755735874176 -0.03450624272227287 0.26861727237701416
v 0.7617232799530029 -0.0003462436725385487 0.30589723587036133
v 0.7225708961486816 0.027713801711797714 0.33963707089424133
v 0.6758033037185669 0.04859555885195732 0.3685401976108551
v 0.6232176423072815 0.0614965558052063 0.39149585366249084
v 0.5668348073959351 0.06592101603746414 0.40762192010879517
v 0.5088215470314026 0.061698902398347855 0.41629865765571594
v 0.4514072835445404 0.048992473632097244 0.41719263792037964
v 0.39679843187332153 0.028290031477808952 0.41026946902275085
v 0.3470935523509979 0.00038715830305591226 0.39579522609710693
v 0.30420276522636414 -0.033643852919340134 0.3743261396884918
v 0.2697743773460388 -0.07249521464109421 0.34668728709220886
v 0.24513141810894012 -0.11467388272285461 0.31394076347351074
v 0.23122093081474304 -0.15855896472930908 0.27734503149986267
v 0.22857747972011566 -0.20246396958827972 0.2383064329624176
v 0.21370896697044373 -0.1273169368505478 0.17085938155651093
v 0.2203318476676941 -0.1732052117586136 0.13467854261398315
v 0.23814448714256287 -0.2163473218679428 0.09889981150627136
v 0.26646238565444946 -0.2550853490829468 0.06489815562963486
v 0.3041972517967224 -0.28793060779571533 0.033980242908000946
v 0.3498989939689636 -0.3136208653450012 0.007334224414080381
v 0.4018113315105438 -0.33116888999938965 -0.014015904627740383
v 0.4579392671585083 -0.33990028500556946 -0.02924967184662819
v 0.5161258578300476 -0.3394795060157776 -0.03778165206313133
v 0.5741350054740906 -0.32992276549339294 -0.03928396478295326
v 0.6297374367713928 -0.3115972876548767 -0.033698879182338715
v 0.6807964444160461 -0.2852073311805725 -0.021241025999188423
v 0.7253497838973999 -0.25176700949668884 -0.0023891536984592676
v 0.7616853713989258 -0.2125614732503891 0.02213227190077305
v 0.7884067893028259 -0.16909731924533844 0.051380906254053116
v 0.8044872283935547 -0.12304487824440002 0.08423274010419846
v 0.8093085885047913 -0.07617390900850296 0.11942528933286667
v 0.8026857376098633 -0.030285637825727463 0.15560613572597504
v 0.7848730683326721 0.012856473214924335 0.19138486683368683
v 0.7565551996231079 0.05159449577331543 0.22538651525974274
v 0.718820333480835 0.08443975448608398 0.25630444288253784
v 0.6731185913085938 0.11013001948595047 0.2829504609107971
v 0.6212062239646912 0.1276780366897583 0.30430057644844055
v 0.5650783181190491 0.1364094316959381 0.3195343613624573
v 0.5068917274475098 0.13598866760730743 0.32806631922721863
v 0.4488825798034668 0.1264319121837616 0.32956865429878235
v 0.39328011870384216 0.10810644179582596 0.3239835500717163
v 0.34222114086151123 0.08171647787094116 0.31152570247650146
v 0.2976677715778351 0.04827617108821869 0.29267382621765137
v 0.2613321840763092 0.0090706218034029 0.2681524157524109
v 0.23461076617240906 -0.03439352661371231 0.23890377581119537
v 0.21853035688400269 -0.08044596761465073 0.20605194568634033
v 0.21370896697044373 -0.1273169368505478 0.17085938155651093
v 0.20357640087604523 -0.06073186174035072 0.08864180743694305
v 0.209433913230896 -0.1086864024400711 0.05510523542761803
v 0.2265721708536148 -0.15436793863773346 0.022270385175943375
v 0.2543325424194336 -0.1960209459066391 -0.008600916713476181
v 0.2916482090950012 -0.2320447564125061 -0.03632230684161186
v 0.33708518743515015 -0.26105496287345886 -0.059828463941812515
v 0.3888973295688629 -0.28193673491477966 -0.0782160609960556
v 0.4450935125350952 -0.29388758540153503 -0.09077847748994827
v 0.5035141706466675 -0.2964482605457306 -0.09703294187784195
v 0.5619142651557922 -0.28952035307884216 -0.09673909842967987
v 0.6180494427680969 -0.27337008714675903 -0.08990824222564697
v 0.6697624921798706 -0.24861812591552734 -0.07680287212133408
v 0.7150660753250122 -0.21621567010879517 -0.05792663246393204
v 0.7522192597389221 -0.17740792036056519 -0.03400491923093796
v 0.7797942757606506 -0.13368624448776245 -0.005957029759883881
v 0.7967313528060913 -0.08673083782196045 0.02513916976749897
v 0.8023796677589417 -0.03834616392850876 0.058088671416044235
v 0.7965222001075745 0.009608371183276176 0.09162524342536926
v 0.7793839573860168 0.05528990551829338 0.12446008622646332
v 0.7516235709190369 0.09694292396306992 0.15533138811588287
v 0.7143079042434692 0.13296672701835632 0.18305277824401855
v 0.6688709259033203 0.16197693347930908 0.2065589427947998
v 0.6170587539672852 0.18285870552062988 0.2249465435743332
v 0.5608626008033752 0.19480955600738525 0.23750895261764526
v 0.502441942691803 0.1973702311515808 0.24376341700553894
v 0.4440418481826782 0.19044232368469238 0.24346956610679626
v 0.38790667057037354 0.17429205775260925 0.23663870990276337
v 0.33619362115859985 0.14954011142253876 0.22353334724903107
v 0.29089000821113586 0.11713764816522598 0.20465710759162903
v 0.25373682379722595 0.078329898416996 0.18073539435863495
v 0.22616182267665863 0.03460821881890297 0.15268750488758087
v 0.20922473073005676 -0.012347191572189331 0.12159130722284317
v 0.20357640087604523 -0.06073186174035072 0.08864180743694305
v 0.2000018060207367 0.0005769032868556678 -0.0008652395335957408
v 0.20576618611812592 -0.048129670321941376 -0.03331660106778145
v 0.22283780574798584 -0.09498664736747742 -0.06448762863874435
v 0.25056061148643494 -0.13819333910942078 -0.09318042546510696
v 0.28786924481391907 -0.176089346408844 -0.11829236149787903
v 0.3333299458026886 -0.20721833407878876 -0.1388583779335022
v 0.38519567251205444 -0.23038403689861298 -0.15408815443515778
v 0.44147324562072754 -0.2446962147951126 -0.16339640319347382
v 0.5 -0.24960485100746155 -0.166425421833992
v 0.5585267543792725 -0.24492131173610687 -0.163058802485466
v 0.6148043274879456 -0.23082558810710907 -0.153425931930542
v 0.6666700839996338 -0.2078593522310257 -0.13789696991443634
v 0.7121307849884033 -0.17690521478652954 -0.11706872284412384
v 0.7494393587112427 -0.13915270566940308 -0.09174159169197083
v 0.7771621942520142 -0.0960526317358017 -0.06288887560367584
v 0.7942337989807129 -0.04926130920648575 -0.031619373708963394
v 0.7999982237815857 -0.0005769032868556678 0.0008652395335957408
v 0.7942337989807129 0.048129670321941376 0.03331660106778145
v 0.7771621942520142 0.09498664736747742 0.06448762863874435
v 0.7494393587112427 0.13819333910942078 0.09318042546510696
v 0.7121307849884033 0.176089346408844 0.11829236149787903
v 0.6666700839996338 0.20721833407878876 0.1388583779335022
v 0.6148043274879456 0.23038403689861298 0.15408815443515778
v 0.5585267543792725 0.2446962147951126 0.16339640319347382
v 0.5 0.24960485100746155 0.166425421833992
v 0.44147324562072754 0.24492131173610687 0.163058802485466
v 0.38519567251205444 0.23082558810710907 0.153425931930542
v 0.3333299458026886 0.2078593522310257 0.13789696991443634
v 0.28786924481391907 0.17690521478652954 0.11706872284412384
v 0.25056061148643494 0.13915270566940308 0.09174159169197083
v 0.22283780574798584 0.0960526317358017 0.06288887560367584
v 0.20576618611812592 0.04926130920648575 0.031619373708963394
v 0.2000018060207367 0.0005769032868556678 -0.0008652395335957408
v 0.203704372048378 0.06204051151871681 -0.09006794542074203
v 0.2093127965927124 0.013751920312643051 -0.12316488474607468
v 0.22620661556720734 -0.03316139057278633 -0.15434804558753967
v 0.25373658537864685 -0.07689657807350159 -0.182419091463089
v 0.29084479808807373 -0.11577291041612625 -0.20629924535751343
v 0.3361051380634308 -0.14829640090465546 -0.22507083415985107
v 0.3877783417701721 -0.17321717739105225 -0.23801244795322418
v 0.4438785910606384 -0.18957757949829102 -0.24462677538394928
v 0.5022500157356262 -0.19674885272979736 -0.24465960264205933
v 0.5606493949890137 -0.19445541501045227 -0.23810969293117523
v 0.6168324947357178 -0.18278542160987854 -0.22522874176502228
v 0.6686402559280396 -0.16218732297420502 -0.20651176571846008
v 0.7140817046165466 -0.13345269858837128 -0.18267804384231567
v 0.7514105439186096 -0.097685806453228 -0.1546434909105301
v 0.7791922688484192 -0.05626114830374718 -0.12348546087741852
v 0.7963592410087585 -0.010770647786557674 -0.09040133655071259
v 0.8022516965866089 0.03703751787543297 -0.05666252598166466
v 0.7966433167457581 0.08532610535621643 -0.023565592244267464
v 0.7797495126724243 0.1322394162416458 0.007617570925503969
v 0.7522194981575012 0.17597460746765137 0.0356886088848114
v 0.7151113152503967 0.21485093235969543 0.05956877022981644
v 0.6698509454727173 0.24737443029880524 0.07834035158157349
v 0.6181777715682983 0.272295206785202 0.09128197282552719
v 0.562077522277832 0.2886556088924408 0.09789629280567169
v 0.5037060976028442 0.29582688212394714 0.09792912751436234
v 0.4453067183494568 0.29353344440460205 0.09137921780347824
v 0.3891236186027527 0.2818634510040283 0.07849827408790588
v 0.3373158574104309 0.2612653374671936 0.05978129431605339
v 0.29187440872192383 0.23253072798252106 0.03594757243990898
v 0.25454556941986084 0.19676382839679718 0.007913018576800823
v 0.22676384449005127 0.15533918142318726 -0.023245012387633324
v 0.20959687232971191 0.10984867811203003 -0.05632913485169411
v 0.203704372048378 0.06204051151871681 -0.09006794542074203
v 0.21390143036842346 0.12898972630500793 -0.17136472463607788
v 0.2185719758272171 0.08234912902116776 -0.20688217878341675
v 0.23449990153312683 0.036453913897275925 -0.24002701044082642
v 0.26107314229011536 -0.006932186894118786 -0.2695254683494568
v 0.2972704768180847 -0.046141866594552994 -0.2942439615726471
v 0.34170085191726685 -0.0796683207154274 -0.31323257088661194
v 0.3926568627357483 -0.10622314363718033 -0.3257615566253662
v 0.44818028807640076 -0.12478585541248322 -0.3313494324684143
v 0.5061374306678772 -0.134643092751503 -0.32978150248527527
v 0.5643009543418884 -0.13541606068611145 -0.32111796736717224
v 0.6204356551170349 -0.12707504630088806 -0.30569180846214294
v 0.6723844408988953 -0.10994057357311249 -0.28409579396247864
v 0.718150794506073 -0.08467113971710205 -0.25715988874435425
v 0.7559760808944702 -0.052237819880247116 -0.2259192317724228
v 0.7844066023826599 -0.013887008652091026 -0.1915743499994278
v 0.8023498058319092 0.028907490894198418 -0.15544511377811432
v 0.8091161251068115 0.07450111210346222 -0.11891994625329971
v 0.8044455647468567 0.121141716837883 -0.08340249210596085
v 0.7885176539421082 0.16703693568706512 -0.050257664173841476
v 0.7619444131851196 0.2104230374097824 -0.020759200677275658
v 0.7257471084594727 0.24963271617889404 0.003959286957979202
v 0.6813167333602905 0.28315916657447815 0.022947883233428
v 0.6303606629371643 0.3097139894962311 0.035476867109537125
v 0.5748372673988342 0.32827669382095337 0.041064757853746414
v 0.5168801546096802 0.33813393115997314 0.039496809244155884
v 0.45871663093566895 0.3389069139957428 0.0308332871645689
v 0.4025819003582001 0.3305658996105194 0.015407117083668709
v 0.3506331443786621 0.31343141198158264 -0.006188876926898956
v 0.304866760969162 0.2881619930267334 -0.03312477469444275
v 0.26704150438308716 0.25572866201400757 -0.0643654465675354
v 0.23861098289489746 0.21737785637378693 -0.0987103283405304
v 0.2206677794456482 0.17458336055278778 -0.13483956456184387
v 0.21390143036842346 0.12898972630500793 -0.17136472463607788
v 0.22878706455230713 0.20438973605632782 -0.2373320758342743
v 0.23111508786678314 0.16088056564331055 -0.2768312096595764
v 0.24471420049667358 0.11730211228132248 -0.3139072358608246
v 0.269061803817749 0.07532905787229538 -0.3471353352069855
v 0.30322226881980896 0.03657441586256027 -0.3752385675907135
v 0.34588274359703064 0.0025274991057813168 -0.397136926651001
v 0.3954038918018341 -0.025503287091851234 -0.41198891401290894
v 0.4498825967311859 -0.0464407354593277 -0.41922372579574585
v 0.5072253346443176 -0.059480227530002594 -0.4185633659362793
v 0.5652283430099487 -0.06412067264318466 -0.4100332260131836
v 0.6216626763343811 -0.060183729976415634 -0.3939610421657562
v 0.6743596196174622 -0.04782069846987724 -0.37096455693244934
v 0.7212939858436584 -0.027506684884428978 -0.3419274389743805
v 0.7606621980667114 -0.00002234435305581428 -0.30796557664871216
v 0.7909512519836426 0.0335761159658432 -0.27038413286209106
v 0.8109972476959229 0.07199753075838089 -0.23062734305858612
v 0.8200297951698303 0.11376537382602692 -0.19022302329540253
v 0.8177017569541931 0.1572745442390442 -0.1507238894701004
v 0.8041026592254639 0.20085300505161285 -0.11364786326885223
v 0.7797550559043884 0.24282605946063995 -0.08041976392269135
v 0.7455946207046509 0.28158068656921387 -0.052316535264253616
v 0.7029340863227844 0.3156276047229767 -0.030418163165450096
v 0.653412938117981 0.3436583876609802 -0.015566186979413033
v 0.5989342331886292 0.36459586024284363 -0.008331363089382648
v 0.5415915250778198 0.37763532996177673 -0.008991720154881477
v 0.4835885167121887 0.38227578997612 -0.01752188242971897
v 0.42715415358543396 0.37833884358406067 -0.0335940383374691
v 0.3744572401046753 0.36597582697868347 -0.056590545922517776
v 0.3275228440761566 0.34566178917884827 -0.08562766015529633
v 0.288154661655426 0.3181774616241455 -0.11958950757980347
v 0.2578656077384949 0.28457900881767273 -0.15717095136642456
v 0.2378196120262146 0.24615758657455444 -0.1969277411699295
v 0.22878706455230713 0.20438973605632782 -0.2373320758342743
v 0.24652689695358276 0.2866259813308716 -0.28254520893096924
v 0.24483339488506317 0.24796976149082184 -0.3268338143825531
v 0.254474937915802 0.20837658643722534 -0.36923748254776
v 0.27508100867271423 0.16936799883842468 -0.40812668204307556
v 0.3058597147464752 0.13244308531284332 -0.442006915807724
v 0.3456282317638397 0.09902084618806839 -0.46957623958587646
v 0.3928583264350891 0.07038567215204239 -0.4897750914096832
v 0.4457349479198456 0.047638002783060074 -0.5018272995948792
v 0.5022261142730713 0.03165201470255852 -0.5052697062492371
v 0.5601608157157898 0.023042043671011925 -0.499970018863678
v 0.6173127293586731 0.022138964384794235 -0.486131876707077
v 0.6714854836463928 0.02897748164832592 -0.46428707242012024
v 0.7205972671508789 0.043294794857501984 -0.435275137424469
v 0.7627608180046082 0.06454069912433624 -0.4002109169960022
v 0.7963557243347168 0.09189872443675995 -0.3604419529438019
v 0.8200909495353699 0.12431751936674118 -0.31749650835990906
v 0.8330544233322144 0.1605512499809265 -0.2730250060558319
v 0.8347479104995728 0.19920746982097626 -0.22873643040657043
v 0.8251063823699951 0.23880062997341156 -0.18633276224136353
v 0.8045003414154053 0.277809202671051 -0.14744356274604797
v 0.7737216353416443 0.3147341310977936 -0.11356330662965775
v 0.733953058719635 0.3481563627719879 -0.08599400520324707
v 0.686722993850708 0.3767915368080139 -0.06579513102769852
v 0.6338463425636292 0.3995392322540283 -0.0537429116666317
v 0.5773552060127258 0.4155251979827881 -0.05030050873756409
v 0.5194205045700073 0.4241351783275604 -0.05560021102428436
v 0.4622686207294464 0.42503824830055237 -0.06943835318088531
v 0.4080958366394043 0.418199747800827 -0.0912831500172615
v 0.3589840233325958 0.4038824141025543 -0.12029510736465454
v 0.31682050228118896 0.38263651728630066 -0.15535932779312134
v 0.2832255959510803 0.35527849197387695 -0.19512829184532166
v 0.25949037075042725 0.3228597044944763 -0.2380737066268921
v 0.24652689695358276 0.2866259813308716 -0.28254520893096924
v 0.2655465006828308 0.36949798464775085 -0.3072376847267151
v 0.2585984468460083 0.33713141083717346 -0.355846107006073
v 0.26304829120635986 0.3032132089138031 -0.4036833941936493
v 0.2787249982357025 0.2690468430519104 -0.4489111602306366
v 0.3050261437892914 0.23594534397125244 -0.4897913336753845
v 0.34094101190567017 0.20518073439598083 -0.5247529149055481
v 0.38508936762809753 0.17793531715869904 -0.5524523258209229
v 0.43577462434768677 0.15525609254837036 -0.5718252062797546
v 0.49104899168014526 0.13801462948322296 -0.5821269154548645
v 0.54878830909729 0.12687349319458008 -0.5829616189002991
v 0.6067736744880676 0.12226083129644394 -0.574297308921814
v 0.6627767086029053 0.12435391545295715 -0.556466817855835
v 0.7146453261375427 0.13307231664657593 -0.5301554799079895
v 0.7603862285614014 0.1480809599161148 -0.4963743984699249
v 0.7982415556907654 0.1688031107187271 -0.45642173290252686
v 0.8267565369606018 0.19444240629673004 -0.4118328392505646
v 0.8448354601860046 0.224013552069664 -0.3643212616443634
v 0.8517835140228271 0.2563801407814026 -0.3157128393650055
v 0.8473336696624756 0.29029831290245056 -0.2678755819797516
v 0.8316569924354553 0.32446467876434326 -0.2226478010416031
v 0.8053558468818665 0.3575661778450012 -0.18176762759685516
v 0.7694409489631653 0.3883307874202728 -0.1468060463666916
v 0.7252926230430603 0.4155762195587158 -0.11910659819841385
v 0.6746073365211487 0.4382554292678833 -0.09973377734422684
v 0.6193329691886902 0.4554969072341919 -0.08943205326795578
v 0.5615936517715454 0.46663805842399597 -0.08859732747077942
v 0.5036083459854126 0.4712507128715515 -0.09726166725158691
v 0.4476052522659302 0.4691576063632965 -0.11509211361408234
v 0.3957366347312927 0.4604392349720001 -0.1414034515619278
v 0.34999576210975647 0.44543057680130005 -0.17518456280231476
v 0.31214043498039246 0.42470842599868774 -0.21513722836971283
v 0.28362542390823364 0.3990691304206848 -0.2597261071205139
v 0.2655465006828308 0.36949798464775085 -0.3072376847267151
v 0.2834548354148865 0.44683799147605896 -0.31844478845596313
v 0.2711181938648224 0.4211139380931854 -0.36987173557281494
v 0.27018019556999207 0.3937847316265106 -0.42193788290023804
v 0.28067687153816223 0.36590060591697693 -0.4726423919200897
v 0.30220484733581543 0.3385331630706787 -0.5200366973876953
v 0.3339368402957916 0.31273412704467773 -0.5622994303703308
v 0.37465333938598633 0.2894948720932007 -0.5978065133094788
v 0.42278969287872314 0.2697085440158844 -0.6251934170722961
v 0.47649604082107544 0.25413548946380615 -0.6434076428413391
v 0.5337084531784058 0.24337418377399445 -0.6517492532730103
v 0.5922282934188843 0.23783814907073975 -0.6498976945877075
v 0.6498067378997803 0.2377401739358902 -0.6379241347312927
v 0.7042309641838074 0.24308398365974426 -0.6162886619567871
v 0.7534096240997314 0.2536642253398895 -0.5858227610588074
v 0.7954526543617249 0.26907435059547424 -0.547697126865387
v 0.8287444710731506 0.28872209787368774 -0.5033770799636841
v 0.852005660533905 0.31185245513916016 -0.4545656442642212
v 0.8643422722816467 0.3375765085220337 -0.4031387269496918
v 0.865280270576477 0.3649057149887085 -0.3510725796222687
v 0.8547835946083069 0.3927898406982422 -0.300368070602417
v 0.8332556486129761 0.4201572835445404 -0.2529737949371338
v 0.8015236854553223 0.4459563195705414 -0.2107110321521759
v 0.7608071565628052 0.46919554471969604 -0.17520394921302795
v 0.7126708030700684 0.48898187279701233 -0.14781706035137177
v 0.6589644551277161 0.5045549273490906 -0.1296028196811676
v 0.6017520427703857 0.5153162479400635 -0.12126119434833527
v 0.5432321429252625 0.520852267742157 -0.123112753033638
v 0.48565375804901123 0.5209502577781677 -0.13508634269237518
v 0.43122950196266174 0.5156064629554749 -0.1567218005657196
v 0.38205090165138245 0.5050262212753296 -0.18718771636486053
v 0.34000784158706665 0.4896160960197449 -0.22531329095363617
v 0.30671602487564087 0.46996834874153137 -0.26963338255882263
v 0.2834548354148865 0.44683799147605896 -0.31844478845596313
v 0.2967734634876251 0.5174599885940552 -0.3247184455394745
v 0.2799147069454193 0.4974946975708008 -0.37740451097488403
v 0.2743692696094513 0.47652360796928406 -0.4320681095123291
v 0.2803502678871155 0.45535263419151306 -0.486608624458313
v 0.29762789607048035 0.4347953200340271 -0.5389300584793091
v 0.32553809881210327 0.4156416952610016 -0.5870217084884644
v 0.36300837993621826 0.39862778782844543 -0.6290354132652283
v 0.40859875082969666 0.38440749049186707 -0.6633567214012146
v 0.460557222366333 0.37352725863456726 -0.688666582107544
v 0.5168870091438293 0.3664052188396454 -0.7039924263954163
v 0.5754234194755554 0.36331504583358765 -0.7087452411651611
v 0.6339169144630432 0.364375501871109 -0.702742338180542
v 0.6901196241378784 0.3695458173751831 -0.6862145066261292
v 0.7418717741966248 0.37862735986709595 -0.6597968339920044
v 0.787184476852417 0.39127105474472046 -0.624504566192627
v 0.8243164420127869 0.40699106454849243 -0.5816939473152161
v 0.851840615272522 0.4251832664012909 -0.5330101847648621
v 0.8686994314193726 0.4451485276222229 -0.4803241193294525
v 0.8742448687553406 0.4661196172237396 -0.42566049098968506
v 0.868263840675354 0.487290620803833 -0.37112000584602356
v 0.8509862422943115 0.5078479051589966 -0.31879857182502747
v 0.8230760097503662 0.5270015597343445 -0.2707069218158722
v 0.7856057286262512 0.5440154671669006 -0.2286931723356247
v 0.7400153279304504 0.558235764503479 -0.19437187910079956
v 0.6880568861961365 0.5691159963607788 -0.16906200349330902
v 0.6317270994186401 0.5762380361557007 -0.1537361890077591
v 0.5731906890869141 0.579328179359436 -0.14898338913917542
v 0.5146971940994263 0.5782677531242371 -0.15498624742031097
v 0.4584944546222687 0.5730974078178406 -0.171514093875885
v 0.4067423343658447 0.5640158653259277 -0.19793176651000977
v 0.3614296317100525 0.5513721704483032 -0.2332240492105484
v 0.324297696352005 0.5356521606445312 -0.2760346829891205
v 0.2967734634876251 0.5174599885940552 -0.3247184455394745
v 0.30239370465278625 0.5842734575271606 -0.3305598795413971
v 0.28225070238113403 0.5685917735099792 -0.3835409879684448
v 0.2732352316379547 0.553033709526062 -0.43953487277030945
v 0.27569371461868286 0.5381971597671509 -0.496389776468277
v 0.2895317077636719 0.5246521830558777 -0.5519208312034607
v 0.3142174184322357 0.5129194259643555 -0.6039938926696777
v 0.3488021790981293 0.5034496784210205 -0.6506079435348511
v 0.3919568955898285 0.49660685658454895 -0.6899715662002563
v 0.44202321767807007 0.492654025554657 -0.7205720543861389
v 0.4970770478248596 0.4917429983615875 -0.7412334680557251
v 0.555002748966217 0.4939088225364685 -0.7511617541313171
v 0.6135742664337158 0.4990682601928711 -0.7499753832817078
v 0.6705407500267029 0.50702303647995 -0.7377200126647949
v 0.7237129211425781 0.5174674391746521 -0.7148665189743042
v 0.7710474729537964 0.5300001502037048 -0.6822932362556458
v 0.8107253909111023 0.5441394448280334 -0.6412518620491028
v 0.841221809387207 0.5593420267105103 -0.5933196544647217
v 0.8613647818565369 0.5750237107276917 -0.5403385758399963
v 0.8703802824020386 0.5905817747116089 -0.4843446612358093
v 0.867921769618988 0.6054183840751648 -0.4274897277355194
v 0.854083776473999 0.6189633011817932 -0.37195873260498047
v 0.8293980956077576 0.6306961178779602 -0.31988564133644104
v 0.794813334941864 0.6401658654212952 -0.2732715904712677
v 0.7516586184501648 0.6470086574554443 -0.23390796780586243
v 0.7015923261642456 0.6509615182876587 -0.20330747961997986
v 0.6465384364128113 0.6518725156784058 -0.18264609575271606
v 0.5886127352714539 0.6497067213058472 -0.17271779477596283
v 0.5300412178039551 0.6445472836494446 -0.17390413582324982
v 0.4730747938156128 0.6365925073623657 -0.18615953624248505
v 0.41990259289741516 0.6261480450630188 -0.20901300013065338
v 0.3725680112838745 0.6136153936386108 -0.24158629775047302
v 0.332890123128891 0.5994760394096375 -0.282627671957016
v 0.30239370465278625 0.5842734575271606 -0.3305598795413971
v 0.2983621656894684 0.6505677700042725 -0.33626583218574524
v 0.27606886625289917 0.6377602219581604 -0.3891584277153015
v 0.26458391547203064 0.6265413165092468 -0.44573476910591125
v 0.26434868574142456 0.6173420548439026 -0.5038205981254578
v 0.2753722071647644 0.6105160117149353 -0.5611838102340698
v 0.2972308397293091 0.6063255071640015 -0.615619957447052
v 0.3290846049785614 0.604931652545929 -0.6650369763374329
v 0.3697093427181244 0.6063878536224365 -0.7075359225273132
v 0.417543888092041 0.6106383204460144 -0.7414835095405579
v 0.47074997425079346 0.6175195574760437 -0.7655751705169678
v 0.5272829532623291 0.6267672181129456 -0.7788851261138916
v 0.584970235824585 0.6380259394645691 -0.7809018492698669
v 0.6415950059890747 0.6508629322052002 -0.771547794342041
v 0.6949810981750488 0.6647850275039673 -0.751182496547699
v 0.7430770397186279 0.6792570948600769 -0.7205885052680969
v 0.7840344905853271 0.6937230229377747 -0.680941641330719
v 0.816279411315918 0.7076269388198853 -0.6337653994560242
v 0.8385726809501648 0.7204344272613525 -0.5808728337287903
v 0.8500576615333557 0.7316533923149109 -0.5242965221405029
v 0.8502929210662842 0.7408526539802551 -0.46621063351631165
v 0.8392693996429443 0.7476786375045776 -0.4088474214076996
v 0.8174107074737549 0.7518691420555115 -0.3544113337993622
v 0.785556972026825 0.7532630562782288 -0.30499428510665894
v 0.744932234287262 0.7518067955970764 -0.26249533891677856
v 0.6970977187156677 0.7475563883781433 -0.22854773700237274
v 0.6438915729522705 0.740675151348114 -0.20445606112480164
v 0.5873586535453796 0.7314274311065674 -0.191146120429039
v 0.529671311378479 0.7201687693595886 -0.18912942707538605
v 0.47304660081863403 0.7073317170143127 -0.19848346710205078
v 0.41966044902801514 0.6934096813201904 -0.21884877979755402
v 0.3715645372867584 0.6789376139640808 -0.24944274127483368
v 0.3306071162223816 0.6644716262817383 -0.2890896201133728
v 0.2983621656894684 0.6505677700042725 -0.33626583218574524
v 0.28346845507621765 0.7180852890014648 -0.3402366638183594
v 0.2598996162414551 0.7070833444595337 -0.3929824233055115
v 0.24664689600467682 0.6992955207824707 -0.44974830746650696
v 0.2442195862531662 0.6950211524963379 -0.5083528161048889
v 0.2527109384536743 0.6944244503974915 -0.5665437579154968
v 0.2717946767807007 0.6975283026695251 -0.6220849752426147
v 0.3007373809814453 0.7042135000228882 -0.6728420257568359
v 0.3384268581867218 0.7142231464385986 -0.7168643474578857
v 0.3834146559238434 0.7271724939346313 -0.7524601221084595
v 0.43397197127342224 0.7425639629364014 -0.7782614827156067
v 0.48815590143203735 0.7598060965538025 -0.7932769060134888
v 0.5438841581344604 0.7782362103462219 -0.7969292998313904
v 0.5990151762962341 0.7971461415290833 -0.7890783548355103
v 0.6514302492141724 0.8158090710639954 -0.7700257897377014
v 0.6991151571273804 0.8335078954696655 -0.74050372838974
v 0.7402373552322388 0.849562406539917 -0.7016467452049255
v 0.7732166051864624 0.8633556962013245 -0.6549480557441711
v 0.7967854142189026 0.8743575811386108 -0.602202296257019
v 0.810038149356842 0.8821454048156738 -0.545436441898346
v 0.812465488910675 0.8864198327064514 -0.486831933259964
v 0.8039740920066833 0.8870165348052979 -0.4286409318447113
v 0.7848904132843018 0.8839126229286194 -0.3730997145175934
v 0.7559476494789124 0.8772274255752563 -0.3223426938056946
v 0.7182582020759583 0.8672178387641907 -0.27832040190696716
v 0.6732704043388367 0.8542684316635132 -0.24272461235523224
v 0.6227130889892578 0.8388769626617432 -0.21692325174808502
v 0.5685291886329651 0.8216348886489868 -0.20190784335136414
v 0.512800931930542 0.8032047152519226 -0.19825543463230133
v 0.4576698839664459 0.784294843673706 -0.20610636472702026
v 0.4052547812461853 0.7656318545341492 -0.2251589298248291
v 0.3575698733329773 0.747933030128479 -0.2546809911727905
v 0.3164476752281189 0.7318785190582275 -0.293537974357605
v 0.28346845507621765 0.7180852890014648 -0.3402366638183594
v 0.25678011775016785 0.786857545375824 -0.34058094024658203
v 0.23255856335163116 0.7769474387168884 -0.3932473957538605
v 0.21795988082885742 0.7719029188156128 -0.44999316334724426
v 0.2135450690984726 0.7719178199768066 -0.5086374878883362
v 0.21948379278182983 0.7769915461540222 -0.5669267773628235
v 0.23554782569408417 0.786929190158844 -0.6226209402084351
v 0.2611198425292969 0.8013488054275513 -0.6735796928405762
v 0.2952171564102173 0.819696307182312 -0.7178447246551514
v 0.33652937412261963 0.8412665724754333 -0.7537149786949158
v 0.383468896150589 0.8652306199073792 -0.7798119783401489
v 0.4342319071292877 0.8906676173210144 -0.7951327562332153
v 0.4868675470352173 0.9165999889373779 -0.7990886569023132
v 0.5393531322479248 0.9420311450958252 -0.7915275692939758
v 0.5896716117858887 0.9659838080406189 -0.7727401256561279
v 0.6358892917633057 0.9875375032424927 -0.7434483170509338
v 0.6762300729751587 1.005863904953003 -0.704777717590332
v 0.7091436982154846 1.0202587842941284 -0.6582145094871521
v 0.7333652377128601 1.030168890953064 -0.605548083782196
v 0.7479639649391174 1.0352134704589844 -0.5488023161888123
v 0.7523787617683411 1.0351985692977905 -0.49015796184539795
v 0.746440052986145 1.0301247835159302 -0.43186870217323303
v 0.7303760051727295 1.0201871395111084 -0.37617453932762146
v 0.7048039436340332 1.005767583847046 -0.32521578669548035
v 0.6707066893577576 0.9874200224876404 -0.28095072507858276
v 0.6293944716453552 0.9658498167991638 -0.24508048593997955
v 0.5824549198150635 0.9418857097625732 -0.2189835011959076
v 0.5316919088363647 0.9164487719535828 -0.2036626785993576
v 0.4790562689304352 0.8905164003372192 -0.1997067928314209
v 0.42657068371772766 0.865085244178772 -0.2072678506374359
v 0.3762522041797638 0.8411325216293335 -0.226055309176445
v 0.3300344944000244 0.8195788264274597 -0.2553471624851227
v 0.2896937131881714 0.8012524247169495 -0.2940177321434021
v 0.25678011775016785 0.786857545375824 -0.34058094024658203
v 0.21755678951740265 0.8555849194526672 -0.3357428312301636
v 0.19310031831264496 0.8463315367698669 -0.3884201943874359
v 0.17736396193504333 0.8435214757919312 -0.4450163245201111
v 0.1709524393081665 0.8472628593444824 -0.5033562183380127
v 0.17411215603351593 0.857411801815033 -0.5611979365348816
v 0.18672168254852295 0.8735783696174622 -0.6163186430931091
v 0.20829643309116364 0.8951411843299866 -0.6666001081466675
v 0.2380073070526123 0.9212716817855835 -0.7101100087165833
v 0.27471253275871277 0.9509656429290771 -0.7451762557029724
v 0.3170015513896942 0.9830819964408875 -0.7704513669013977
v 0.3632492125034332 1.0163865089416504 -0.7849639654159546
v 0.4116782546043396 1.0495991706848145 -0.7881563305854797
v 0.46042755246162415 1.0814439058303833 -0.7799057960510254
v 0.5076237320899963 1.1106966733932495 -0.7605294585227966
v 0.5514530539512634 1.1362334489822388 -0.7307718992233276
v 0.59023118019104 1.157072901725769 -0.691776692867279
v 0.6224679350852966 1.1724140644073486 -0.6450424194335938
v 0.6469243764877319 1.181667447090149 -0.5923650860786438
v 0.6626607179641724 1.1844775676727295 -0.535768985748291
v 0.6690722703933716 1.1807361841201782 -0.477429062128067
v 0.6659125685691833 1.170587182044983 -0.4195873439311981
v 0.6533030271530151 1.1544206142425537 -0.3644666373729706
v 0.6317282915115356 1.1328577995300293 -0.31418517231941223
v 0.6020174026489258 1.1067273616790771 -0.27067530155181885
v 0.5653121471405029 1.0770334005355835 -0.2356090098619461
v 0.5230231285095215 1.0449169874191284 -0.2103339284658432
v 0.47677549719810486 1.0116125345230103 -0.1958213448524475
v 0.4283464550971985 0.9783998131752014 -0.19262896478176117
v 0.37959712743759155 0.9465551376342773 -0.20087948441505432
v 0.33240094780921936 0.9173023104667664 -0.22025582194328308
v 0.28857162594795227 0.8917655348777771 -0.2500133812427521
v 0.24979349970817566 0.8709260821342468 -0.28900855779647827
v 0.21755678951740265 0.8555849194526672 -0.3357428312301636
v 0.1653931438922882 0.9220501780509949 -0.3246575593948364
v 0.14095862209796906 0.9132117629051208 -0.37741631269454956
v 0.12414170801639557 0.9122483134269714 -0.43376266956329346
v 0.11558865755796432 0.9191968441009521 -0.49153128266334534
v 0.11562815308570862 0.933790385723114 -0.5485021471977234
v 0.12425868958234787 0.9554680585861206 -0.6024858355522156
v 0.14114859700202942 0.9833968281745911 -0.6514078974723816
v 0.16564878821372986 1.0165033340454102 -0.6933881640434265
v 0.1968177706003189 1.0535154342651367 -0.7268134355545044
v 0.23345771431922913 1.0930107831954956 -0.7503992319107056
v 0.27416056394577026 1.1334713697433472 -0.7632390856742859
v 0.31736212968826294 1.1733425855636597 -0.7648395299911499
v 0.3614022135734558 1.2110921144485474 -0.7551392316818237
v 0.40458837151527405 1.2452691793441772 -0.7345107793807983
v 0.44526100158691406 1.2745604515075684 -0.703747034072876
v 0.4818570613861084 1.2978402376174927 -0.6640301942825317
v 0.5129701495170593 1.3142139911651611 -0.6168864965438843
v 0.5374047160148621 1.3230524063110352 -0.5641277432441711
v 0.5542216300964355 1.3240158557891846 -0.5077813863754272
v 0.562774658203125 1.317067265510559 -0.45001277327537537
v 0.5627351403236389 1.302473783493042 -0.3930419385433197
v 0.5541046261787415 1.2807961702346802 -0.3390582203865051
v 0.5372146964073181 1.252867341041565 -0.2901361882686615
v 0.5127145051956177 1.219760775566101 -0.2481558918952942
v 0.4815455377101898 1.1827486753463745 -0.21473060548305511
v 0.4449056088924408 1.1432534456253052 -0.19114483892917633
v 0.40420275926589966 1.102792739868164 -0.1783050000667572
v 0.361001193523407 1.0629215240478516 -0.1767045110464096
v 0.3169611096382141 1.0251721143722534 -0.18640486896038055
v 0.2737749218940735 0.9909949898719788 -0.20703329145908356
v 0.23310230672359467 0.9617037177085876 -0.23779705166816711
v 0.19650626182556152 0.9384239315986633 -0.27751389145851135
v 0.1653931438922882 0.9220501780509949 -0.3246575593948364
v 0.10040532052516937 0.9834834337234497 -0.3067461848258972
v 0.07612279802560806 0.9749404191970825 -0.35962364077568054
v 0.058179207146167755 0.9755057692527771 -0.4156268239021301
v 0.04726411774754524 0.9851576685905457 -0.47260358929634094
v 0.04379698634147644 1.0035252571105957 -0.5283643007278442
v 0.04791105166077614 1.029902696609497 -0.5807662010192871
v 0.05944821611046791 1.0632762908935547 -0.627795398235321
v 0.07796511054039001 1.1023635864257812 -0.6676446795463562
v 0.10275014489889145 1.1456623077392578 -0.6987825632095337
v 0.13285084068775177 1.1915086507797241 -0.7200125455856323
v 0.16711044311523438 1.2381407022476196 -0.7305186986923218
v 0.20421236753463745 1.2837663888931274 -0.7298973202705383
v 0.24273082613945007 1.3266324996948242 -0.7181721925735474
v 0.2811855673789978 1.3650915622711182 -0.6957940459251404
v 0.3180988132953644 1.3976657390594482 -0.6636227965354919
v 0.3520519733428955 1.4231030941009521 -0.6228947639465332
v 0.3817402720451355 1.4404261112213135 -0.5751751065254211
v 0.4060227870941162 1.4489691257476807 -0.5222976207733154
v 0.4239663779735565 1.4484038352966309 -0.46629443764686584
v 0.4348814785480499 1.4387518167495728 -0.40931767225265503
v 0.43834859132766724 1.4203842878341675 -0.35355693101882935
v 0.43423452973365784 1.3940068483352661 -0.30115509033203125
v 0.42269736528396606 1.3606332540512085 -0.2541258633136749
v 0.40418046712875366 1.321545958518982 -0.21427661180496216
v 0.379395455121994 1.2782472372055054 -0.18313869833946228
v 0.3492947518825531 1.232400894165039 -0.16190873086452484
v 0.3150351345539093 1.1857688426971436 -0.1514025777578354
v 0.2779332101345062 1.1401430368423462 -0.15202397108078003
v 0.2394147515296936 1.097277045249939 -0.16374903917312622
v 0.20096001029014587 1.058817982673645 -0.1861272007226944
v 0.1640467792749405 1.026243805885315 -0.21829846501350403
v 0.13009361922740936 1.000806450843811 -0.25902649760246277
v 0.10040532052516937 0.9834834337234497 -0.3067461848258972
v 0.0233671385794878 1.036886215209961 -0.28186577558517456
v -0.000733471941202879 1.028586745262146 -0.33486512303352356
v -0.019917229190468788 1.0303947925567627 -0.39042916893959045
v -0.033446911722421646 1.0422407388687134 -0.44642266631126404
v -0.04080257937312126 1.0636694431304932 -0.5006937980651855
v -0.04170156270265579 1.0938572883605957 -0.5511569380760193
v -0.036109309643507004 1.131644368171692 -0.5958728194236755
v -0.024240728467702866 1.1755784749984741 -0.6331230998039246
v -0.006551923230290413 1.2239712476730347 -0.661476194858551
v 0.016277335584163666 1.2749629020690918 -0.6798425316810608
v 0.043369732797145844 1.3265939950942993 -0.6875163316726685
v 0.07368411868810654 1.3768802881240845 -0.6842026710510254
v 0.10605554282665253 1.42388916015625 -0.6700288653373718
v 0.13923996686935425 1.4658143520355225 -0.6455396413803101
v 0.17196215689182281 1.5010446310043335 -0.6116760969161987
v 0.20296458899974823 1.5282260179519653 -0.569739580154419
v 0.23105588555335999 1.546314001083374 -0.5213417410850525
v 0.2551564872264862 1.554613471031189 -0.4683424234390259
v 0.2743402421474457 1.5528055429458618 -0.412778377532959
v 0.287869930267334 1.5409595966339111 -0.3567848801612854
v 0.295225590467453 1.5195308923721313 -0.3025137484073639
v 0.29612457752227783 1.4893429279327393 -0.25205060839653015
v 0.29053232073783875 1.451555848121643 -0.2073346972465515
v 0.2786637544631958 1.4076217412948608 -0.17008444666862488
v 0.2609749436378479 1.3592290878295898 -0.14173133671283722
v 0.23814569413661957 1.3082373142242432 -0.12336499989032745
v 0.2110532969236374 1.2566063404083252 -0.11569121479988098
v 0.1807388961315155 1.20632004737854 -0.11900488287210464
v 0.1483674794435501 1.159311056137085 -0.1331786811351776
v 0.11518305540084839 1.1173858642578125 -0.15766789019107819
v 0.08246087282896042 1.082155704498291 -0.19153141975402832
v 0.05145842954516411 1.0549743175506592 -0.2334679216146469
v 0.0233671385794878 1.036886215209961 -0.28186577558517456
v -0.0642337054014206 1.0793224573135376 -0.250250905752182
v -0.08820023387670517 1.071241855621338 -0.3033447563648224
v -0.10877726972103119 1.0740103721618652 -0.3583681285381317
v -0.12517406046390533 1.0875215530395508 -0.41320645809173584
v -0.13676048815250397 1.1112561225891113 -0.46575236320495605
v -0.14309127628803253 1.1443021297454834 -0.5139865279197693
v -0.14392314851284027 1.185389518737793 -0.5560553073883057
v -0.13922414183616638 1.23293936252594 -0.590342104434967
v -0.1291748285293579 1.2851243019104004 -0.6155291795730591
v -0.11416139453649521 1.339938998222351 -0.6306487321853638
v -0.09476080536842346 1.3952767848968506 -0.635119616985321
v -0.07171861082315445 1.449011206626892 -0.628770112991333
v -0.04592030867934227 1.499077320098877 -0.6118441820144653
v -0.01835731603205204 1.543550968170166 -0.5849922299385071
v 0.00991113856434822 1.5807230472564697 -0.5492462515830994
v 0.03779871389269829 1.6091651916503906 -0.5059798955917358
v 0.0642337054014206 1.6277843713760376 -0.4568558931350708
v 0.08820023387670517 1.6358649730682373 -0.40376201272010803
v 0.10877726972103119 1.63309645652771 -0.3487386405467987
v 0.12517406046390533 1.6195852756500244 -0.2939003109931946
v 0.13676048815250397 1.5958507061004639 -0.24135442078113556
v 0.14309127628803253 1.5628046989440918 -0.19312025606632233
v 0.14392314851284027 1.5217173099517822 -0.15105146169662476
v 0.13922414183616638 1.4741674661636353 -0.11676469445228577
v 0.1291748285293579 1.4219825267791748 -0.09157758206129074
v 0.11416139453649521 1.3671678304672241 -0.07645805925130844
v 0.09476080536842346 1.311829924583435 -0.07198715209960938
v 0.07171861082315445 1.2580955028533936 -0.0783366784453392
v 0.04592030867934227 1.2080295085906982 -0.09526262432336807
v 0.01835731603205204 1.1635558605194092 -0.12211454659700394
v -0.00991113856434822 1.126383662223816 -0.15786053240299225
v -0.03779871389269829 1.097941517829895 -0.20112687349319458
v -0.0642337054014206 1.0793224573135376 -0.250250905752182
v -0.16022026538848877 1.1081732511520386 -0.212455615401268
v -0.18415798246860504 1.1002849340438843 -0.2655913829803467
v -0.2062980979681015 1.1037167310714722 -0.3199668228626251
v -0.22578977048397064 1.118336796760559 -0.3734923005104065
v -0.24188394844532013 1.1435832977294922 -0.42411088943481445
v -0.2539621591567993 1.1784861087799072 -0.46987730264663696
v -0.26156020164489746 1.2217037677764893 -0.5090327858924866
v -0.2643861472606659 1.2715754508972168 -0.5400726795196533
v -0.2623313367366791 1.3261847496032715 -0.5618039965629578
v -0.2554747760295868 1.3834329843521118 -0.5733917355537415
v -0.24407993257045746 1.4411201477050781 -0.5743905901908875
v -0.22858472168445587 1.497029423713684 -0.5647620558738708
v -0.20958462357521057 1.5490120649337769 -0.5448762774467468
v -0.1878097653388977 1.5950706005096436 -0.5154973864555359
v -0.16409698128700256 1.6334348917007446 -0.4777544140815735
v -0.1393575221300125 1.6626307964324951 -0.43309780955314636
v -0.11454211175441742 1.681536078453064 -0.3832436800003052
v -0.09060439467430115 1.6894243955612183 -0.3301079273223877
v -0.06846428662538528 1.6859925985336304 -0.27573248744010925
v -0.048972614109516144 1.6713725328445435 -0.22220700979232788
v -0.03287843242287636 1.6461260318756104 -0.17158842086791992
v -0.020800234749913216 1.6112232208251953 -0.12582199275493622
v -0.013202176429331303 1.5680055618286133 -0.08666649460792542
v -0.010376249440014362 1.5181338787078857 -0.05562664195895195
v -0.012431050650775433 1.463524580001831 -0.033895283937454224
v -0.01928761601448059 1.4062763452529907 -0.022307544946670532
v -0.030682452023029327 1.3485891819000244 -0.02130873315036297
v -0.046177659183740616 1.2926799058914185 -0.030937233939766884
v -0.06517776846885681 1.2406972646713257 -0.05082302913069725
v -0.08695261180400848 1.194638729095459 -0.08020191639661789
v -0.11066540330648422 1.156274437904358 -0.11794488877058029
v -0.13540486991405487 1.1270785331726074 -0.162601500749588
v -0.16022026538848877 1.1081732511520386 -0.212455615401268
v -0.26182064414024353 1.121350646018982 -0.1692984402179718
v -0.2858729362487793 1.1136054992675781 -0.22240351140499115
v -0.3097424805164337 1.1173763275146484 -0.27601951360702515
v -0.3325119614601135 1.1325184106826782 -0.3280859887599945
v -0.3533064126968384 1.158449649810791 -0.37660205364227295
v -0.37132665514945984 1.1941736936569214 -0.41970327496528625
v -0.3858802318572998 1.238317608833313 -0.4557332992553711
v -0.396407812833786 1.2891849279403687 -0.48330748081207275
v -0.4025048613548279 1.3448208570480347 -0.5013661980628967
v -0.40393707156181335 1.4030873775482178 -0.5092154741287231
v -0.40064939856529236 1.461745262145996 -0.506553590297699
v -0.39276814460754395 1.5185405015945435 -0.49348291754722595
v -0.38059625029563904 1.5712902545928955 -0.4705057442188263
v -0.3646014332771301 1.6179676055908203 -0.43850502371788025
v -0.3453983664512634 1.6567785739898682 -0.39871057868003845
v -0.32372504472732544 1.6862318515777588 -0.3526516556739807
v -0.3004143238067627 1.7051953077316284 -0.3020983040332794
v -0.27636203169822693 1.7129405736923218 -0.24899321794509888
v -0.2524924874305725 1.709169626235962 -0.19537723064422607
v -0.2297229766845703 1.6940275430679321 -0.1433107554912567
v -0.20892854034900665 1.6680963039398193 -0.09479468315839767
v -0.190908282995224 1.632372260093689 -0.05169345811009407
v -0.17635472118854523 1.5882283449172974 -0.015663443133234978
v -0.16582712531089783 1.5373611450195312 0.011910754255950451
v -0.15973007678985596 1.4817250967025757 0.02996947057545185
v -0.15829788148403168 1.4234585762023926 0.03781872242689133
v -0.16158556938171387 1.3648006916046143 0.035156864672899246
v -0.1694667935371399 1.308005452156067 0.022086193785071373
v -0.181638702750206 1.2552556991577148 -0.0008909945609048009
v -0.1976335197687149 1.20857834815979 -0.03289169818162918
v -0.2168365716934204 1.1697673797607422 -0.07268615067005157
v -0.2385099083185196 1.1403141021728516 -0.11874506622552872
v -0.26182064414024353 1.121350646018982 -0.1692984402179718
v -0.365816593170166 1.1174604892730713 -0.1218094751238823
v -0.3901461660861969 1.1097739934921265 -0.17479662597179413
v -0.41588982939720154 1.113526701927185 -0.22753970324993134
v -0.4420582354068756 1.1285743713378906 -0.2780117690563202
v -0.4676457643508911 1.1543387174606323 -0.3242732882499695
v -0.49166908860206604 1.189829707145691 -0.36454635858535767
v -0.5132049918174744 1.2336833477020264 -0.3972834050655365
v -0.5314258933067322 1.2842143774032593 -0.42122629284858704
v -0.5456315875053406 1.339480996131897 -0.43545493483543396
v -0.555276095867157 1.3973592519760132 -0.4394225478172302
v -0.559988796710968 1.4556249380111694 -0.432976633310318
v -0.5595886707305908 1.5120389461517334 -0.4163649082183838
v -0.5540909767150879 1.564433217048645 -0.39022576808929443
v -0.5437070727348328 1.6107945442199707 -0.3555637001991272
v -0.5288359522819519 1.6493409872055054 -0.3137107789516449
v -0.5100491642951965 1.6785913705825806 -0.2662753760814667
v -0.4880685806274414 1.697421669960022 -0.2150803804397583
v -0.4637390077114105 1.7051081657409668 -0.16209322214126587
v -0.4379953444004059 1.7013554573059082 -0.10935015976428986
v -0.4118269383907318 1.6863077878952026 -0.05887807160615921
v -0.3862394094467163 1.660543441772461 -0.012616578489542007
v -0.3622160851955414 1.6250524520874023 0.027656517922878265
v -0.34068018198013306 1.581198811531067 0.060393545776605606
v -0.32245928049087524 1.530667781829834 0.08433644473552704
v -0.30825361609458923 1.4754011631011963 0.09856508672237396
v -0.29860907793045044 1.41752290725708 0.10253269225358963
v -0.293896347284317 1.3592572212219238 0.0960867777466774
v -0.294296532869339 1.3028432130813599 0.07947506010532379
v -0.29979419708251953 1.2504489421844482 0.05333590880036354
v -0.31017810106277466 1.2040876150131226 0.0186738520860672
v -0.3250492215156555 1.165541172027588 -0.023179078474640846
v -0.3438360393047333 1.1362907886505127 -0.07061449438333511
v -0.365816593170166 1.1174604892730713 -0.1218094751238823
v -0.4687303900718689 1.0959118604660034 -0.07117985188961029
v -0.4935012757778168 1.0881575345993042 -0.1239522248506546
v -0.5212253332138062 1.0915011167526245 -0.1757097989320755
v -0.5508372187614441 1.1058140993118286 -0.2244635373353958
v -0.5811988711357117 1.1305463314056396 -0.2683398723602295
v -0.6111435890197754 1.1647474765777588 -0.3056526780128479
v -0.639520525932312 1.2071032524108887 -0.33496803045272827
v -0.6652392745018005 1.2559858560562134 -0.35515934228897095
v -0.6873113512992859 1.3095167875289917 -0.3654506802558899
v -0.7048887014389038 1.3656388521194458 -0.3654465675354004
v -0.7172957062721252 1.422195315361023 -0.3551471531391144
v -0.7240556478500366 1.4770128726959229 -0.33494824171066284
v -0.7249086499214172 1.5279847383499146 -0.3056260645389557
v -0.7198220491409302 1.5731521844863892 -0.2683074474334717
v -0.7089912295341492 1.6107794046401978 -0.2244265377521515
v -0.6928324699401855 1.6394203901290894 -0.17566964030265808
v -0.6719667315483093 1.6579746007919312 -0.12391047179698944
v -0.6471958756446838 1.6657289266586304 -0.07113809138536453
v -0.6194717884063721 1.66238534450531 -0.01938052661716938
v -0.5898599624633789 1.6480724811553955 0.02937321923673153
v -0.5594982504844666 1.623340129852295 0.07324956357479095
v -0.5295535922050476 1.5891389846801758 0.11056236177682877
v -0.5011765956878662 1.546783208847046 0.13987770676612854
v -0.47545790672302246 1.4979007244110107 0.16006901860237122
v -0.45338577032089233 1.4443697929382324 0.17036035656929016
v -0.4358084499835968 1.3882477283477783 0.17035624384880066
v -0.42340144515037537 1.3316911458969116 0.16005682945251465
v -0.4166415333747864 1.2768737077713013 0.1398579180240631
v -0.415788471698761 1.2259018421173096 0.11053574085235596
v -0.42087510228157043 1.180734395980835 0.07321712374687195
v -0.43170589208602905 1.1431071758270264 0.029336214065551758
v -0.4478646516799927 1.1144660711288452 -0.019420677796006203
v -0.4687303900718689 1.0959118604660034 -0.07117985188961029
v -0.5670333504676819 1.0569674968719482 -0.018712365999817848
v -0.5923937559127808 1.0489758253097534 -0.07116838544607162
v -0.6221511363983154 1.0514897108078003 -0.12183225899934769
v -0.6551619172096252 1.0644127130508423 -0.16875702142715454
v -0.6901575922966003 1.0872480869293213 -0.21013934910297394
v -0.7257932424545288 1.119118332862854 -0.24438898265361786
v -0.7606993913650513 1.1587986946105957 -0.27018970251083374
v -0.7935346961021423 1.2047642469406128 -0.28654998540878296
v -0.8230372667312622 1.2552486658096313 -0.2928411662578583
v -0.8480733036994934 1.3083117008209229 -0.28882142901420593
v -0.8676807284355164 1.3619142770767212 -0.27464526891708374
v -0.8811060190200806 1.4139964580535889 -0.2508574426174164
v -0.887833297252655 1.4625567197799683 -0.2183721661567688
v -0.8876039385795593 1.5057289600372314 -0.17843776941299438
v -0.880426824092865 1.5418540239334106 -0.1325889378786087
v -0.8665778040885925 1.569543719291687 -0.08258761465549469
v -0.8465890288352966 1.5877339839935303 -0.030355310067534447
v -0.8212286233901978 1.595725655555725 0.02210070937871933
v -0.7914713025093079 1.5932117700576782 0.07276459038257599
v -0.7584604620933533 1.5802887678146362 0.11968934535980225
v -0.7234647870063782 1.5574533939361572 0.16107168793678284
v -0.6878291368484497 1.5255831480026245 0.19532130658626556
v -0.6529229879379272 1.4859027862548828 0.22112201154232025
v -0.6200876832008362 1.4399372339248657 0.23748230934143066
v -0.5905851125717163 1.3894528150558472 0.2437734752893448
v -0.5655490756034851 1.3363897800445557 0.23975373804569244
v -0.5459416508674622 1.2827872037887573 0.22557757794857025
v -0.532516360282898 1.2307050228118896 0.20178978145122528
v -0.5257891416549683 1.1821447610855103 0.1693044900894165
v -0.5260184407234192 1.138972520828247 0.1293700933456421
v -0.5331955552101135 1.1028474569320679 0.083521269261837
v -0.547044575214386 1.0751577615737915 0.033519938588142395
v -0.5670333504676819 1.0569674968719482 -0.018712365999817848
v -0.6573599576950073 1.0017355680465698 0.0342269204556942
v -0.6834267973899841 0.9932981133460999 -0.017811313271522522
v -0.7152039408683777 0.9945412278175354 -0.06728169322013855
v -0.751470148563385 1.0054171085357666 -0.11228310316801071
v -0.7908317446708679 1.0255076885223389 -0.15108616650104523
v -0.8317761421203613 1.0540411472320557 -0.18219970166683197
v -0.8727297782897949 1.0899207592010498 -0.204428032040596
v -0.9121189117431641 1.1317678689956665 -0.21691693365573883
v -0.9484297633171082 1.1779741048812866 -0.219186469912529
v -0.9802669882774353 1.2267639636993408 -0.2111494243144989
v -1.0064070224761963 1.2762624025344849 -0.19311465322971344
v -1.0258454084396362 1.324567198753357 -0.16577520966529846
v -1.0378351211547852 1.3698220252990723 -0.13018175959587097
v -1.0419154167175293 1.410287857055664 -0.08770211786031723
v -1.0379294157028198 1.4444094896316528 -0.039968762546777725
v -1.026030421257019 1.4708757400512695 0.011183938942849636
v -1.0066754817962646 1.488669514656067 0.0637902244925499
v -0.9806086421012878 1.497106909751892 0.11582845449447632
v -0.9488315582275391 1.495863914489746 0.16529883444309235
v -0.9125653505325317 1.4849879741668701 0.2103002518415451
v -0.873203694820404 1.4648973941802979 0.24910330772399902
v -0.8322593569755554 1.436363935470581 0.28021684288978577
v -0.7913057208061218 1.400484323501587 0.3024451732635498
v -0.7519165873527527 1.3586372137069702 0.3149340748786926
v -0.7156057357788086 1.31243097782135 0.3172036111354828
v -0.6837685108184814 1.263641119003296 0.3091665506362915
v -0.6576284170150757 1.2141427993774414 0.29113179445266724
v -0.6381900310516357 1.1658378839492798 0.26379236578941345
v -0.6262003183364868 1.1205830574035645 0.22819890081882477
v -0.6221200227737427 1.0801172256469727 0.18571925163269043
v -0.6261060237884521 1.0459955930709839 0.13798590004444122
v -0.6380050778388977 1.0195293426513672 0.08683320134878159
v -0.6573599576950073 1.0017355680465698 0.0342269204556942
v -0.7367122769355774 0.932106077671051 0.08625665307044983
v -0.7635582089424133 0.9229844212532043 0.03473249077796936
v -0.797264814376831 0.9225074052810669 -0.013457627967000008
v -0.836536705493927 0.9306933283805847 -0.05646178126335144
v -0.8798647522926331 0.9472275972366333 -0.09262734651565552
v -0.9255838394165039 0.9714748859405518 -0.12056449800729752
v -0.9719370007514954 1.0025033950805664 -0.1391996294260025
v -1.01714289188385 1.0391205549240112 -0.14781658351421356
v -1.0594643354415894 1.0799193382263184 -0.1460842490196228
v -1.0972750186920166 1.123331904411316 -0.13406918942928314
v -1.1291216611862183 1.1676898002624512 -0.11223311722278595
v -1.1537805795669556 1.2112884521484375 -0.08141519874334335
v -1.1703041791915894 1.2524523735046387 -0.04279974475502968
v -1.178057312965393 1.2895996570587158 0.0021292793098837137
v -1.1767421960830688 1.3213027715682983 0.051645271480083466
v -1.1664092540740967 1.3463432788848877 0.10384535789489746
v -1.1474555730819702 1.3637590408325195 0.1567235291004181
v -1.1206096410751343 1.3728808164596558 0.20824769139289856
v -1.0869030952453613 1.3733577728271484 0.2564378082752228
v -1.0476311445236206 1.3651719093322754 0.29944196343421936
v -1.0043030977249146 1.348637580871582 0.33560752868652344
v -0.9585840702056885 1.3243902921676636 0.36354467272758484
v -0.912230908870697 1.2933619022369385 0.38217979669570923
v -0.8670249581336975 1.256744623184204 0.3907967805862427
v -0.8247035145759583 1.215945839881897 0.3890644311904907
v -0.7868928909301758 1.1725332736968994 0.37704935669898987
v -0.7550461888313293 1.1281753778457642 0.3552132844924927
v -0.730387270450592 1.0845767259597778 0.32439538836479187
v -0.713863730430603 1.0434128046035767 0.2857799232006073
v -0.7061105370521545 1.0062655210494995 0.24085089564323425
v -0.7074257135391235 0.9745624661445618 0.19133490324020386
v -0.7177586555480957 0.9495218992233276 0.13913482427597046
v -0.7367122769355774 0.932106077671051 0.08625665307044983
v -0.8026409149169922 0.8506351709365845 0.13602814078330994
v -0.8302839398384094 0.840573787689209 0.08510387688875198
v -0.8657459616661072 0.8379359841346741 0.03826228156685829
v -0.9076642394065857 0.8428230881690979 -0.002696560462936759
v -0.9544277787208557 0.8550472855567932 -0.03619861975312233
v -1.004239559173584 0.8741388916969299 -0.060956429690122604
v -1.055185317993164 0.8993641138076782 -0.0760185644030571
v -1.1053072214126587 0.9297536611557007 -0.0808061957359314
v -1.1526790857315063 0.9641395807266235 -0.07513533532619476
v -1.195480465888977 1.001200556755066 -0.05922390893101692
v -1.2320666313171387 1.039512276649475 -0.03368338569998741
v -1.2610315084457397 1.0776023864746094 0.0005047240993008018
v -1.281261920928955 1.1140072345733643 0.042026594281196594
v -1.291980504989624 1.1473277807235718 0.08928655833005905
v -1.2927753925323486 1.1762834787368774 0.14046844840049744
v -1.2836159467697144 1.1997616291046143 0.19360536336898804
v -1.2648541927337646 1.2168598175048828 0.24665530025959015
v -1.2372111082077026 1.2269212007522583 0.2975795567035675
v -1.2017490863800049 1.229559063911438 0.3444211483001709
v -1.1598308086395264 1.2246719598770142 0.38537999987602234
v -1.1130672693252563 1.2124477624893188 0.4188820421695709
v -1.0632555484771729 1.1933561563491821 0.443639874458313
v -1.0123097896575928 1.1681309938430786 0.4587019979953766
v -0.9621878862380981 1.1377414464950562 0.4634896218776703
v -0.9148159623146057 1.1033554077148438 0.45781877636909485
v -0.8720145225524902 1.066294550895691 0.4419073462486267
v -0.8354284167289734 1.0279828310012817 0.4163668155670166
v -0.8064635992050171 0.9898926615715027 0.3821786940097809
v -0.786233127117157 0.953487753868103 0.3406568467617035
v -0.775514543056488 0.9201672673225403 0.29339686036109924
v -0.7747197151184082 0.8912115693092346 0.24221499264240265
v -0.7838791608810425 0.8677334785461426 0.18907806277275085
v -0.8026409149169922 0.8506351709365845 0.13602814078330994
v -0.8533890247344971 0.7603867053985596 0.1822735220193863
v -0.8817861676216125 0.7491299510002136 0.1320187747478485
v -0.9187430739402771 0.7439193725585938 0.08656896650791168
v -0.9628396034240723 0.7449552416801453 0.04767070338129997
v -1.0123810768127441 0.7521977424621582 0.01681881956756115
v -1.065463662147522 0.7653685212135315 -0.004801062401384115
v -1.1200474500656128 0.7839614152908325 -0.01635810174047947
v -1.1740347146987915 0.8072619438171387 -0.01740816794335842
v -1.2253509759902954 0.8343746662139893 -0.007910908199846745
v -1.2720239162445068 0.8642576336860657 0.01176870334893465
v -1.3122601509094238 0.89576256275177 0.04087439179420471
v -1.3445132970809937 0.9276785850524902 0.07828763872385025
v -1.3675438165664673 0.9587793350219727 0.12257067859172821
v -1.3804668188095093 0.9878695011138916 0.17202173173427582
v -1.3827855587005615 1.0138312578201294 0.2247404307126999
v -1.3744111061096191 1.035666823387146 0.2787008285522461
v -1.3556650876998901 1.052537202835083 0.3318292200565338
v -1.3272678852081299 1.0637938976287842 0.3820839822292328
v -1.2903109788894653 1.0690044164657593 0.4275337755680084
v -1.246214509010315 1.0679686069488525 0.46643203496932983
v -1.196673035621643 1.0607260465621948 0.497283935546875
v -1.1435904502868652 1.0475553274154663 0.5189037919044495
v -1.0890066623687744 1.02896249294281 0.5304608345031738
v -1.0350192785263062 1.005661964416504 0.5315108895301819
v -0.9837031364440918 0.9785491824150085 0.5220136642456055
v -0.9370301365852356 0.9486661553382874 0.5023340582847595
v -0.8967939615249634 0.9171612858772278 0.4732283651828766
v -0.8645408153533936 0.8852452039718628 0.43581509590148926
v -0.8415102362632751 0.8541445136070251 0.3915320634841919
v -0.8285872340202332 0.8250543475151062 0.3420810103416443
v -0.8262684941291809 0.7990925908088684 0.2893623113632202
v -0.8346430063247681 0.7772570252418518 0.2354019284248352
v -0.8533890247344971 0.7603867053985596 0.1822735220193863
v -0.8879890441894531 0.6647412776947021 0.22385470569133759
v -0.917034387588501 0.6520538926124573 0.1743163764476776
v -0.955141544342041 0.6439106464385986 0.130268856883049
v -1.000846028327942 0.6406245827674866 0.0934048742055893
v -1.0523914098739624 0.6423218250274658 0.06514107435941696
v -1.1077967882156372 0.6489372849464417 0.046563632786273956
v -1.1649330854415894 0.6602166891098022 0.03838646411895752
v -1.221604585647583 0.6757265329360962 0.040923815220594406
v -1.2756333351135254 0.6948708295822144 0.05407817289233208
v -1.3249431848526 0.7169138789176941 0.07734403014183044
v -1.3676389455795288 0.7410085797309875 0.10982728749513626
v -1.4020800590515137 0.766228973865509 0.15027962625026703
v -1.4269429445266724 0.7916058301925659 0.19714650511741638
v -1.4412720203399658 0.816163957118988 0.24862682819366455
v -1.444516658782959 0.8389596343040466 0.30274227261543274
v -1.4365522861480713 0.859116792678833 0.3574131727218628
v -1.4176849126815796 0.8758607506752014 0.41053858399391174
v -1.3886395692825317 0.8885481357574463 0.4600768983364105
v -1.3505324125289917 0.8966913819313049 0.5041244029998779
v -1.3048279285430908 0.8999775052070618 0.5409883856773376
v -1.2532825469970703 0.8982802033424377 0.5692521929740906
v -1.197877049446106 0.8916648030281067 0.5878296494483948
v -1.1407407522201538 0.8803853988647461 0.5960068106651306
v -1.0840693712234497 0.8648755550384521 0.5934694409370422
v -1.0300405025482178 0.8457311987876892 0.580315113067627
v -0.9807307720184326 0.8236881494522095 0.5570492744445801
v -0.9380349516868591 0.799593448638916 0.5245659947395325
v -0.9035938382148743 0.7743731141090393 0.4841136634349823
v -0.8787310123443604 0.7489961981773376 0.43724676966667175
v -0.8644019365310669 0.7244380712509155 0.3857664465904236
v -0.861157238483429 0.7016424536705017 0.3316510319709778
v -0.8691216111183167 0.6814852952957153 0.27698010206222534
v -0.8879890441894531 0.6647412776947021 0.22385470569133759
v -0.906302273273468 0.5671856999397278 0.25981345772743225
v -0.9358311295509338 0.5528765320777893 0.21100831031799316
v -0.9746684432029724 0.5415189862251282 0.16833139955997467
v -1.0213216543197632 0.5335494875907898 0.13342277705669403
v -1.073997974395752 0.5292742848396301 0.10762394964694977
v -1.1306730508804321 0.5288577079772949 0.09192637354135513
v -1.1891688108444214 0.5323157906532288 0.08693327754735947
v -1.2472374439239502 0.5395155549049377 0.09283655881881714
v -1.302647352218628 0.5501804351806641 0.10940934717655182
v -1.353269100189209 0.5639004707336426 0.13601475954055786
v -1.3971573114395142 0.580148458480835 0.1716303825378418
v -1.4326255321502686 0.5982999801635742 0.21488749980926514
v -1.458310604095459 0.6176575422286987 0.264123797416687
v -1.473225474357605 0.6374771595001221 0.31744712591171265
v -1.476797103881836 0.6569972038269043 0.3728083074092865
v -1.4688880443572998 0.6754676103591919 0.4280798137187958
v -1.4498023986816406 0.69217848777771 0.4811376631259918
v -1.4202735424041748 0.7064875960350037 0.5299428105354309
v -1.3814362287521362 0.7178452014923096 0.5726197361946106
v -1.3347829580307007 0.725814700126648 0.6075283288955688
v -1.282106637954712 0.7300898432731628 0.6333271861076355
v -1.2254315614700317 0.730506420135498 0.6490247845649719
v -1.1669358015060425 0.727048397064209 0.6540178656578064
v -1.1088671684265137 0.7198485732078552 0.6481145620346069
v -1.0534573793411255 0.7091837525367737 0.6315417885780334
v -1.0028355121612549 0.6954637169837952 0.6049363613128662
v -0.9589473009109497 0.6792157292366028 0.5693207383155823
v -0.9234791398048401 0.6610642075538635 0.5260636210441589
v -0.8977940082550049 0.641706645488739 0.47682732343673706
v -0.8828791379928589 0.6218870282173157 0.4235039949417114
v -0.8793075680732727 0.6023669242858887 0.36814284324645996
v -0.8872165679931641 0.5838965773582458 0.3128713071346283
v -0.906302273273468 0.5671856999397278 0.25981345772743225
v -0.9089954495429993 0.4710969626903534 0.2894231379032135
v -0.9387950301170349 0.45504653453826904 0.24132926762104034
v -0.9778838753700256 0.4403004050254822 0.19993768632411957
v -1.0247598886489868 0.4274253249168396 0.16683907806873322
v -1.0776216983795166 0.41691601276397705 0.14330539107322693
v -1.1344377994537354 0.4091763496398926 0.1302410215139389
v -1.193024754524231 0.4045037627220154 0.12814800441265106
v -1.2511311769485474 0.4030778408050537 0.137106791138649
v -1.3065240383148193 0.40495339035987854 0.15677310526371002
v -1.3570746183395386 0.41005828976631165 0.18639115989208221
v -1.4008402824401855 0.4181963801383972 0.2248227596282959
v -1.4361391067504883 0.4290549159049988 0.27059102058410645
v -1.461614727973938 0.4422166347503662 0.32193705439567566
v -1.476287841796875 0.45717570185661316 0.376887708902359
v -1.4795948266983032 0.47335729002952576 0.4333312213420868
v -1.4714086055755615 0.4901394844055176 0.48909851908683777
v -1.4520435333251953 0.5068774223327637 0.5420464873313904
v -1.4222440719604492 0.5229278802871704 0.5901403427124023
v -1.383155107498169 0.5376739501953125 0.6315318942070007
v -1.3362791538238525 0.5505490899085999 0.6646305322647095
v -1.2834173440933228 0.5610584020614624 0.688164234161377
v -1.226601243019104 0.5687980651855469 0.7012286186218262
v -1.1680141687393188 0.5734705924987793 0.703321635723114
v -1.1099077463150024 0.574896514415741 0.6943628191947937
v -1.05451500415802 0.5730209946632385 0.6746965050697327
v -1.0039644241333008 0.5679160952568054 0.6450784802436829
v -0.960198700428009 0.5597780346870422 0.6066468358039856
v -0.9248998761177063 0.5489194989204407 0.560878574848175
v -0.8994243144989014 0.5357577800750732 0.5095325708389282
v -0.8847511410713196 0.5207986831665039 0.4545819163322449
v -0.8814441561698914 0.5046170949935913 0.3981384038925171
v -0.8896304368972778 0.4878349006175995 0.3423711061477661
v -0.9089954495429993 0.4710969626903534 0.2894231379032135
v -0.8974487781524658 0.37953823804855347 0.3122428059577942
v -0.9272772073745728 0.36172983050346375 0.2647899389266968
v -0.966107189655304 0.3435606360435486 0.22453124821186066
v -1.0124465227127075 0.3257288336753845 0.19301383197307587
v -1.0645142793655396 0.308919757604599 0.17144891619682312
v -1.1203097105026245 0.29377931356430054 0.16066521406173706
v -1.1776885986328125 0.2808893620967865 0.1610771268606186
v -1.2344456911087036 0.27074524760246277 0.17266884446144104
v -1.2884001731872559 0.2637368440628052 0.19499489665031433
v -1.3374783992767334 0.26013341546058655 0.2271973043680191
v -1.3797942399978638 0.2600735127925873 0.2680385410785675
v -1.4137217998504639 0.26355937123298645 0.31594911217689514
v -1.4379570484161377 0.27045705914497375 0.3690878450870514
v -1.4515687227249146 0.28050151467323303 0.4254126250743866
v -1.454033613204956 0.29330670833587646 0.4827589690685272
v -1.4452571868896484 0.3083805739879608 0.5389230251312256
v -1.4255765676498413 0.3251437842845917 0.59174644947052
v -1.3957481384277344 0.3429521918296814 0.6391993761062622
v -1.356918215751648 0.36112141609191895 0.6794580221176147
v -1.3105789422988892 0.378953218460083 0.7109754681587219
v -1.2585110664367676 0.39576229453086853 0.7325403690338135
v -1.2027156352996826 0.410902738571167 0.7433241009712219
v -1.1453368663787842 0.42379269003868103 0.7429121732711792
v -1.0885796546936035 0.4339367747306824 0.7313204407691956
v -1.0346251726150513 0.44094520807266235 0.7089943885803223
v -0.9855470061302185 0.4445486068725586 0.6767919659614563
v -0.9432311058044434 0.44460853934288025 0.6359507441520691
v -0.909303605556488 0.4411226809024811 0.5880401730537415
v -0.8850683569908142 0.4342249929904938 0.5349014401435852
v -0.8714566826820374 0.4241805374622345 0.47857666015625
v -0.8689917325973511 0.41137534379959106 0.42123034596443176
v -0.8777682185173035 0.3963014781475067 0.365066260099411
v -0.8974487781524658 0.37953823804855347 0.3122428059577942
v -0.8735922574996948 0.29508355259895325 0.3281741142272949
v -0.9032086133956909 0.2756394147872925 0.2812332212924957
v -0.9412767291069031 0.25418800115585327 0.24187202751636505
v -0.9863337278366089 0.23155364394187927 0.21160316467285156
v -1.0366480350494385 0.20860618352890015 0.1915898472070694
v -1.090286135673523 0.186227485537529 0.182601198554039
v -1.1451867818832397 0.16527755558490753 0.18498261272907257
v -1.1992400884628296 0.14656145870685577 0.19864259660243988
v -1.2503689527511597 0.13079847395420074 0.22305618226528168
v -1.296608328819275 0.11859434843063354 0.2572852075099945
v -1.336181402206421 0.11041808128356934 0.3000142276287079
v -1.3675673007965088 0.10658388584852219 0.34960120916366577
v -1.3895601034164429 0.10723910480737686 0.40414056181907654
v -1.401314377784729 0.11235855519771576 0.46153637766838074
v -1.4023785591125488 0.1217455118894577 0.5195829272270203
v -1.3927116394042969 0.13503922522068024 0.5760495066642761
v -1.372685194015503 0.15172883868217468 0.6287662386894226
v -1.3430689573287964 0.17117296159267426 0.6757071018218994
v -1.3050007820129395 0.19262439012527466 0.7150683403015137
v -1.2599438428878784 0.21525873243808746 0.745337188243866
v -1.2096294164657593 0.2382061928510666 0.7653504610061646
v -1.1559913158416748 0.26058489084243774 0.7743391394615173
v -1.1010907888412476 0.2815348207950592 0.7719577550888062
v -1.0470373630523682 0.30025091767311096 0.7582977414131165
v -0.9959086179733276 0.316013902425766 0.7338841557502747
v -0.9496691823005676 0.3282180428504944 0.6996551156044006
v -0.9100961089134216 0.3363943099975586 0.6569260954856873
v -0.878710150718689 0.34022849798202515 0.6073391437530518
v -0.8567174077033997 0.3395732641220093 0.5527997612953186
v -0.8449631333351135 0.334453821182251 0.4954039752483368
v -0.8438989520072937 0.32506686449050903 0.43735742568969727
v -0.8535658717155457 0.3117731511592865 0.380890816450119
v -0.8735922574996948 0.29508355259895325 0.3281741142272949
v -0.8396701216697693 0.21968641877174377 0.3375203013420105
v -0.8688766360282898 0.1989109218120575 0.2908940613269806
v -0.9057429432868958 0.17453446984291077 0.25209569931030273
v -0.9488522410392761 0.1474938690662384 0.22261615097522736
v -0.9965478777885437 0.11882823705673218 0.2035883516073227
v -1.0469969511032104 0.08963920176029205 0.19574351608753204
v -1.098260760307312 0.0610484704375267 0.19938310980796814
v -1.1483690738677979 0.03415477275848389 0.21436728537082672
v -1.1953965425491333 0.009991617873311043 0.24012018740177155
v -1.2375357151031494 -0.010512416251003742 0.2756521701812744
v -1.273167371749878 -0.026569372043013573 0.3195977210998535
v -1.3009220361709595 -0.03756219148635864 0.3702680766582489
v -1.3197332620620728 -0.04306842386722565 0.42571595311164856
v -1.3288780450820923 -0.0428764708340168 0.4838106036186218
v -1.3280049562454224 -0.03699370473623276 0.5423194169998169
v -1.3171476125717163 -0.02564620040357113 0.5989938974380493
v -1.2967232465744019 -0.009270036593079567 0.6516562104225159
v -1.2675167322158813 0.011505463160574436 0.6982824206352234
v -1.2306504249572754 0.03588190674781799 0.7370808124542236
v -1.187541127204895 0.06292251497507095 0.7665603756904602
v -1.1398454904556274 0.09158814698457718 0.7855881452560425
v -1.0893964767456055 0.1207771822810173 0.7934330105781555
v -1.038132667541504 0.14936791360378265 0.7897933721542358
v -0.9880242347717285 0.17626160383224487 0.7748092412948608
v -0.9409968256950378 0.20042476058006287 0.749056339263916
v -0.898857593536377 0.22092880308628082 0.713524341583252
v -0.8632259964942932 0.23698575794696808 0.6695787906646729
v -0.8354712724685669 0.2479785680770874 0.6189084649085999
v -0.8166601061820984 0.2534848153591156 0.5634605288505554
v -0.8075153231620789 0.25329285860061646 0.5053659081459045
v -0.808388352394104 0.24741008877754211 0.44685712456703186
v -0.8192456960678101 0.23606258630752563 0.39018258452415466
v -0.8396701216697693 0.21968641877174377 0.3375203013420105
v -0.7979336977005005 0.15460292994976044 0.3410435914993286
v -0.8266340494155884 0.13303594291210175 0.2944624423980713
v -0.8619968295097351 0.10635646432638168 0.2557799816131592
v -0.9026629328727722 0.07558976113796234 0.22648276388645172
v -0.9470696449279785 0.04191819205880165 0.20769666135311127
v -0.9935104250907898 0.006635724101215601 0.20014362037181854
v -1.0402005910873413 -0.028901750221848488 0.20411387085914612
v -1.085345983505249 -0.06332854926586151 0.21945488452911377
v -1.1272114515304565 -0.0953216627240181 0.24557708203792572
v -1.164188265800476 -0.12365161627531052 0.28147658705711365
v -1.1948554515838623 -0.14722971618175507 0.32577386498451233
v -1.2180345058441162 -0.16514985263347626 0.37676653265953064
v -1.2328345775604248 -0.17672337591648102 0.43249499797821045
v -1.2386869192123413 -0.18150551617145538 0.4908176362514496
v -1.2353665828704834 -0.17931251227855682 0.549493134021759
v -1.2230013608932495 -0.17022861540317535 0.6062666773796082
v -1.2020663022994995 -0.15460292994976044 0.6589564085006714
v -1.1733659505844116 -0.13303594291210175 0.7055375576019287
v -1.1380032300949097 -0.10635646432638168 0.7442200183868408
v -1.0973371267318726 -0.07558976113796234 0.7735172510147095
v -1.0529303550720215 -0.04191819205880165 0.7923033237457275
v -1.0064895153045654 -0.006635724101215601 0.7998563647270203
v -0.9597993493080139 0.028901750221848488 0.7958860993385315
v -0.9146540760993958 0.06332854926586151 0.7805451154708862
v -0.8727885484695435 0.0953216627240181 0.7544229030609131
v -0.8358116745948792 0.12365161627531052 0.718523383140564
v -0.8051444888114929 0.14722971618175507 0.6742261648178101
v -0.7819654941558838 0.16514985263347626 0.6232334971427917
v -0.76716548204422 0.17672337591648102 0.5675050020217896
v -0.7613131403923035 0.18150551617145538 0.5091823935508728
v -0.7646333575248718 0.17931251227855682 0.45050686597824097
v -0.7769986391067505 0.17022861540317535 0.39373332262039185
v -0.7979336977005005 0.15460292994976044 0.3410435914993286
v -0.7502664923667908 0.10035886615514755 0.34000319242477417
v -0.7785403728485107 0.07884321361780167 0.2931383550167084
v -0.8123339414596558 0.05080725997686386 0.25401511788368225
v -0.8503485918045044 0.017328418791294098 0.22413697838783264
v -0.8911234140396118 -0.020306739956140518 0.20465213060379028
v -0.933091402053833 -0.06065191701054573 0.19630935788154602
v -0.9746398329734802 -0.10215666890144348 0.19942927360534668
v -1.0141719579696655 -0.1432259976863861 0.21389199793338776
v -1.0501686334609985 -0.18228162825107574 0.23914170265197754
v -1.0812464952468872 -0.21782267093658447 0.27420809864997864
v -1.1062111854553223 -0.2484833002090454 0.31774356961250305
v -1.1241034269332886 -0.27308526635169983 0.36807507276535034
v -1.1342356204986572 -0.2906830906867981 0.4232684075832367
v -1.1362183094024658 -0.300600528717041 0.48120254278182983
v -1.1299753189086914 -0.30245646834373474 0.5396510362625122
v -1.1157467365264893 -0.29617956280708313 0.5963678359985352
v -1.0940790176391602 -0.2820110321044922 0.6491733193397522
v -1.065805196762085 -0.2604953944683075 0.6960381269454956
v -1.0320115089416504 -0.2324594408273697 0.7351613640785217
v -0.9939969182014465 -0.19898059964179993 0.7650395035743713
v -0.9532220959663391 -0.161345437169075 0.7845243811607361
v -0.9112541079521179 -0.1210002601146698 0.7928671836853027
v -0.8697056770324707 -0.07949550449848175 0.7897472381591797
v -0.8301735520362854 -0.03842618316411972 0.7752845287322998
v -0.7941768765449524 0.0006294451304711401 0.7500348091125488
v -0.7630990147590637 0.036170486360788345 0.7149684429168701
v -0.7381343245506287 0.06683111935853958 0.6714329719543457
v -0.7202420830726624 0.0914330780506134 0.621101438999176
v -0.7101098895072937 0.10903091728687286 0.5659080743789673
v -0.7081272006034851 0.11894836276769638 0.5079739689826965
v -0.7143701314926147 0.12080429494380951 0.4495254456996918
v -0.7285988330841064 0.1145273894071579 0.3928086459636688
v -0.7502664923667908 0.10035886615514755 0.34000319242477417
v -0.6977578997612 0.05671054869890213 0.33611392974853516
v -0.725946307182312 0.036471351981163025 0.28863298892974854
v -0.7584574222564697 0.008421528153121471 0.24844741821289062
v -0.7940419912338257 -0.026360977441072464 0.21710146963596344
v -0.8313323855400085 -0.06653949618339539 0.1957997828722
v -0.8688955903053284 -0.11056998372077942 0.18536095321178436
v -0.9052881598472595 -0.15676037967205048 0.18618614971637726
v -0.9391114115715027 -0.20333561301231384 0.198243647813797
v -0.9690656065940857 -0.24850581586360931 0.22107011079788208
v -0.9939996600151062 -0.2905351221561432 0.2537882924079895
v -1.0129553079605103 -0.3278084099292755 0.2951408922672272
v -1.025204062461853 -0.3588932156562805 0.34353873133659363
v -1.0302753448486328 -0.382595032453537 0.3971219062805176
v -1.0279741287231445 -0.398002952337265 0.4538312554359436
v -1.0183889865875244 -0.40452492237091064 0.5114874243736267
v -1.0018881559371948 -0.4019102454185486 0.5678747892379761
v -0.9791057109832764 -0.3902594745159149 0.6208264231681824
v -0.9509173035621643 -0.3700202703475952 0.668307363986969
v -0.9184061884880066 -0.34197044372558594 0.7084929347038269
v -0.8828216195106506 -0.30718794465065 0.7398388981819153
v -0.8455312252044678 -0.2670094072818756 0.7611405849456787
v -0.807968020439148 -0.22297893464565277 0.771579384803772
v -0.7715755105018616 -0.1767885386943817 0.7707542181015015
v -0.7377521991729736 -0.13021330535411835 0.7586966753005981
v -0.7077980041503906 -0.08504309505224228 0.7358702421188354
v -0.6828639507293701 -0.04301377758383751 0.703152060508728
v -0.6639083027839661 -0.005740513559430838 0.661799430847168
v -0.6516595482826233 0.025344304740428925 0.6134015917778015
v -0.6465882658958435 0.0490461066365242 0.5598184466362
v -0.6488894820213318 0.06445404887199402 0.5031090974807739
v -0.6584746837615967 0.07097600400447845 0.44545289874076843
v -0.6749755144119263 0.06836134940385818 0.38906553387641907
v -0.6977578997612 0.05671054869890213 0.33611392974853516
v -0.6403011679649353 0.022489190101623535 0.3312397003173828
v -0.6690733432769775 0.0051950812339782715 0.2829517126083374
v -0.7010464072227478 -0.0210693571716547 0.24115997552871704
v -0.7349917888641357 -0.05529480054974556 0.20747049152851105
v -0.7696048617362976 -0.0961659774184227 0.18317793309688568
v -0.8035556077957153 -0.14211224019527435 0.1692158430814743
v -0.8355391621589661 -0.19136789441108704 0.16612079739570618
v -0.864326536655426 -0.24204008281230927 0.1740117073059082
v -0.8888114094734192 -0.29218149185180664 0.19258536398410797
v -0.9080528616905212 -0.33986520767211914 0.2211279571056366
v -0.9213113784790039 -0.38325878977775574 0.25854262709617615
v -0.9280775189399719 -0.42069461941719055 0.30339157581329346
v -0.928091287612915 -0.45073410868644714 0.35395121574401855
v -0.9213520288467407 -0.47222280502319336 0.4082786440849304
v -0.9081188440322876 -0.48433491587638855 0.46428602933883667
v -0.8889002203941345 -0.4866050183773041 0.5198211073875427
v -0.8644347786903381 -0.47894585132598877 0.5727496147155762
v -0.8356626629829407 -0.4616517424583435 0.6210375428199768
v -0.8036895394325256 -0.4353873133659363 0.6628293395042419
v -0.7697442173957825 -0.4011618494987488 0.6965187788009644
v -0.7351310849189758 -0.36029067635536194 0.7208113670349121
v -0.7011803388595581 -0.3143444061279297 0.7347734570503235
v -0.6691967844963074 -0.2650887668132782 0.7378684878349304
v -0.6404094099998474 -0.21441657841205597 0.7299776077270508
v -0.6159245371818542 -0.1642751842737198 0.7114039063453674
v -0.5966830849647522 -0.11659146100282669 0.682861328125
v -0.5834245681762695 -0.0731978788971901 0.6454466581344604
v -0.5766584277153015 -0.035762034356594086 0.6005977392196655
v -0.5766447186470032 -0.005722563713788986 0.5500380396842957
v -0.5833839178085327 0.015766136348247528 0.4957106411457062
v -0.5966171026229858 0.02787826769053936 0.4397032558917999
v -0.6158357262611389 0.03014836460351944 0.38416820764541626
v -0.6403011679649353 0.022489190101623535 0.3312397003173828
v -0.5764998197555542 -0.004744487814605236 0.3264004588127136
v -0.6068226099014282 -0.017051775008440018 0.2775362730026245
v -0.639467179775238 -0.039324887096881866 0.23398298025131226
v -0.6731790900230408 -0.07070787996053696 0.1974143087863922
v -0.706662654876709 -0.10999472439289093 0.16923558712005615
v -0.7386313080787659 -0.15567564964294434 0.150529682636261
v -0.7678563594818115 -0.20599517226219177 0.1420154571533203
v -0.793214738368988 -0.25901952385902405 0.14402011036872864
v -0.8137320280075073 -0.3127110004425049 0.15646661818027496
v -0.828619658946991 -0.36500629782676697 0.17887665331363678
v -0.8373055458068848 -0.41389572620391846 0.21038901805877686
v -0.8394559025764465 -0.45750048756599426 0.2497926950454712
v -0.8349880576133728 -0.49414488673210144 0.2955734431743622
v -0.8240737318992615 -0.5224207043647766 0.3459719121456146
v -0.807132363319397 -0.5412412285804749 0.39905136823654175
v -0.7848150134086609 -0.5498833656311035 0.452771931886673
v -0.7579792737960815 -0.5480148792266846 0.5050691962242126
v -0.7276564836502075 -0.5357075929641724 0.553933322429657
v -0.6950119137763977 -0.5134344696998596 0.5974866151809692
v -0.661300003528595 -0.48205146193504333 0.6340553164482117
v -0.6278164386749268 -0.44276461005210876 0.6622340083122253
v -0.5958477854728699 -0.39708369970321655 0.6809399127960205
v -0.5666227340698242 -0.3467641770839691 0.6894541382789612
v -0.5412643551826477 -0.29373982548713684 0.6874495148658752
v -0.5207470655441284 -0.2400483340024948 0.6750029921531677
v -0.5058594346046448 -0.18775303661823273 0.6525929570198059
v -0.49717357754707336 -0.13886360824108124 0.6210805773735046
v -0.4950232207775116 -0.09525884687900543 0.5816769003868103
v -0.4994910657405853 -0.05861445516347885 0.5358961820602417
v -0.5104053616523743 -0.03033865988254547 0.48549768328666687
v -0.5273467302322388 -0.011518082581460476 0.43241825699806213
v -0.5496640801429749 -0.0028759886045008898 0.3786976933479309
v -0.5764998197555542 -0.004744487814605236 0.3264004588127136
v -0.5046020150184631 -0.028804613277316093 0.3197001814842224
v -0.5374901294708252 -0.03415030241012573 0.27123939990997314
v -0.5722343325614929 -0.05021630972623825 0.22659221291542053
v -0.6074994802474976 -0.07638522982597351 0.18747438490390778
v -0.6419304013252258 -0.11165139824151993 0.15538917481899261
v -0.6742038726806641 -0.15465956926345825 0.13156962394714355
v -0.7030796408653259 -0.20375694334506989 0.11693108826875687
v -0.727448046207428 -0.25705674290657043 0.11203613132238388
v -0.7463725805282593 -0.3125106990337372 0.11707285046577454
v -0.7591260671615601 -0.3679877519607544 0.13184769451618195
v -0.7652183771133423 -0.4213559329509735 0.15579287707805634
v -0.7644153237342834 -0.4705643355846405 0.18798819184303284
v -0.756747841835022 -0.5137218832969666 0.22719639539718628
v -0.7425104975700378 -0.5491701364517212 0.27191072702407837
v -0.7222505211830139 -0.5755467414855957 0.32041287422180176
v -0.6967464685440063 -0.5918381214141846 0.37083888053894043
v -0.6669783592224121 -0.5974181890487671 0.42125093936920166
v -0.6340903043746948 -0.5920724868774414 0.4697117209434509
v -0.5993461012840271 -0.5760064721107483 0.5143589377403259
v -0.5640808939933777 -0.5498375296592712 0.5534767508506775
v -0.5296500325202942 -0.5145713686943054 0.5855619311332703
v -0.49737656116485596 -0.4715632200241089 0.6093814969062805
v -0.4685007929801941 -0.42246583104133606 0.6240200400352478
v -0.44413238763809204 -0.3691660165786743 0.628915011882782
v -0.42520782351493835 -0.31371206045150757 0.6238783001899719
v -0.4124543368816376 -0.25823500752449036 0.6091034412384033
v -0.40636205673217773 -0.20486684143543243 0.5851582288742065
v -0.4071650803089142 -0.15565845370292664 0.5529629588127136
v -0.41483259201049805 -0.1125008761882782 0.5137547254562378
v -0.4290699064731598 -0.07705266028642654 0.4690403938293457
v -0.4493298828601837 -0.050676047801971436 0.4205382466316223
v -0.47483396530151367 -0.034384675323963165 0.37011224031448364
v -0.5046020150184631 -0.028804613277316093 0.3197001814842224
v -0.4250484108924866 -0.053428493440151215 0.3045162558555603
v -0.4611096978187561 -0.05082014575600624 0.2581327557563782
v -0.4990537464618683 -0.05935707688331604 0.2140190601348877
v -0.5374224185943604 -0.07871121913194656 0.17387041449546814
v -0.5747411251068115 -0.1081387996673584 0.1392296999692917
v -0.6095758676528931 -0.14650893211364746 0.1114281713962555
v -0.6405878067016602 -0.19234707951545715 0.09153420478105545
v -0.6665853261947632 -0.24389170110225677 0.0803123190999031
v -0.6865692734718323 -0.29916197061538696 0.07819376140832901
v -0.6997717022895813 -0.35603389143943787 0.08525995165109634
v -0.7056852579116821 -0.41232189536094666 0.10123933851718903
v -0.7040826082229614 -0.46586287021636963 0.1255178451538086
v -0.6950254440307617 -0.5145992636680603 0.15716245770454407
v -0.6788617968559265 -0.556658148765564 0.19495710730552673
v -0.6562128067016602 -0.5904232263565063 0.23744933307170868
v -0.6279488205909729 -0.614596962928772 0.2830062210559845
v -0.5951561331748962 -0.6282503604888916 0.32987701892852783
v -0.5590948462486267 -0.6308587193489075 0.37626051902770996
v -0.5211507678031921 -0.6223217844963074 0.42037421464920044
v -0.48278212547302246 -0.6029676795005798 0.46052286028862
v -0.4454633891582489 -0.5735400915145874 0.49516358971595764
v -0.41062867641448975 -0.5351699590682983 0.522965133190155
v -0.3796166777610779 -0.48933178186416626 0.5428590774536133
v -0.35361918807029724 -0.43778717517852783 0.5540809631347656
v -0.33363524079322815 -0.38251689076423645 0.5561995506286621
v -0.3204328119754791 -0.32564496994018555 0.5491333603858948
v -0.3145192861557007 -0.26935696601867676 0.5331539511680603
v -0.316121906042099 -0.21581600606441498 0.5088754296302795
v -0.3251790702342987 -0.1670796126127243 0.47723081707954407
v -0.3413427174091339 -0.12502072751522064 0.4394361972808838
v -0.36399173736572266 -0.09125562012195587 0.39694395661354065
v -0.39225566387176514 -0.06708188354969025 0.35138705372810364
v -0.4250484108924866 -0.053428493440151215 0.3045162558555603
v -0.34262630343437195 -0.07948094606399536 0.2720395624637604
v -0.38178879022598267 -0.0696401298046112 0.2292831689119339
v -0.4232456684112549 -0.07104700803756714 0.18759390711784363
v -0.46540385484695435 -0.08364752680063248 0.1485738456249237
v -0.5066431760787964 -0.10695745050907135 0.11372251063585281
v -0.5453788638114929 -0.1400810033082962 0.08437922596931458
v -0.5801222920417786 -0.1817452311515808 0.06167164072394371
v -0.6095383167266846 -0.23034904897212982 0.04647238552570343
v -0.6324964761734009 -0.28402459621429443 0.03936556354165077
v -0.6481145024299622 -0.3407091796398163 0.040624283254146576
v -0.655792236328125 -0.39822444319725037 0.05020017549395561
v -0.6552345752716064 -0.45436006784439087 0.06772524118423462
v -0.6464630365371704 -0.5069588422775269 0.09252601116895676
v -0.6298145651817322 -0.5539994239807129 0.12364938855171204
v -0.6059290766716003 -0.5936740040779114 0.15989933907985687
v -0.5757244825363159 -0.6244580149650574 0.19988277554512024
v -0.5403614044189453 -0.6451683640480042 0.24206317961215973
v -0.501198947429657 -0.6550091505050659 0.2848195731639862
v -0.4597420394420624 -0.6536023020744324 0.32650884985923767
v -0.4175838828086853 -0.6410017609596252 0.3655289113521576
v -0.37634456157684326 -0.6176918745040894 0.4003802239894867
v -0.33760887384414673 -0.5845683217048645 0.42972350120544434
v -0.3028654456138611 -0.5429040789604187 0.4524311125278473
v -0.2734494209289551 -0.4943002462387085 0.4676303565502167
v -0.25049126148223877 -0.4406246840953827 0.47473716735839844
v -0.2348732203245163 -0.38394010066986084 0.4734784662723541
v -0.22719550132751465 -0.32642486691474915 0.4639025628566742
v -0.22775313258171082 -0.27028921246528625 0.4463774859905243
v -0.23652471601963043 -0.21769043803215027 0.42157673835754395
v -0.2531731426715851 -0.17064988613128662 0.3904533386230469
v -0.2770586311817169 -0.13097527623176575 0.35420340299606323
v -0.30726325511932373 -0.10019128769636154 0.31421995162963867
v -0.34262630343437195 -0.07948094606399536 0.2720395624637604
v -0.2643977701663971 -0.10510571300983429 0.21789062023162842
v -0.3061188757419586 -0.09007560461759567 0.17926299571990967
v -0.3506971299648285 -0.08620504289865494 0.14109954237937927
v -0.39641937613487244 -0.09364276379346848 0.1048668771982193
v -0.4415285289287567 -0.1121029406785965 0.07195738703012466
v -0.48429110646247864 -0.1408761590719223 0.0436357706785202
v -0.5230637192726135 -0.17885668575763702 0.020990410819649696
v -0.5563564300537109 -0.22458495199680328 0.004891557153314352
v -0.5828897356987 -0.27630361914634705 -0.004042122978717089
v -0.601643979549408 -0.3320252299308777 -0.005467311013489962
v -0.6118985414505005 -0.38960835337638855 0.0006707609863951802
v -0.6132592558860779 -0.44684016704559326 0.014136211015284061
v -0.6056738495826721 -0.5015212297439575 0.03441156819462776
v -0.5894338488578796 -0.5515502691268921 0.060717664659023285
v -0.5651633143424988 -0.5950045585632324 0.09204357117414474
v -0.5337949991226196 -0.6302143335342407 0.12718544900417328
v -0.4965343177318573 -0.6558263897895813 0.16479280591011047
v -0.4548131823539734 -0.6708564758300781 0.20342044532299042
v -0.4102349579334259 -0.6747270226478577 0.24158388376235962
v -0.36451271176338196 -0.6672893166542053 0.2778165638446808
v -0.3194035589694977 -0.6488291621208191 0.3107260465621948
v -0.27664098143577576 -0.6200559139251709 0.3390476703643799
v -0.23786835372447968 -0.5820754170417786 0.36169302463531494
v -0.20457567274570465 -0.5363471508026123 0.3777918815612793
v -0.17804235219955444 -0.48462843894958496 0.3867255449295044
v -0.15928807854652405 -0.4289068579673767 0.38815075159072876
v -0.1490335315465927 -0.37132373452186584 0.38201266527175903
v -0.14767281711101532 -0.31409192085266113 0.3685472309589386
v -0.1552582085132599 -0.2594108283519745 0.3482718765735626
v -0.17149822413921356 -0.2093818336725235 0.321965754032135
v -0.19576874375343323 -0.16592749953269958 0.29063987731933594
v -0.22713707387447357 -0.13071775436401367 0.2554979920387268
v -0.2643977701663971 -0.10510571300983429 0.21789062023162842
v -0.19514502584934235 -0.12947657704353333 0.14473526179790497
v -0.23874637484550476 -0.1115187332034111 0.10959144681692123
v -0.2857278287410736 -0.10457359254360199 0.07490488886833191
v -0.3342839479446411 -0.10890805721282959 0.04200857877731323
v -0.3825486898422241 -0.12435556203126907 0.012166696600615978
v -0.4286673069000244 -0.15032246708869934 -0.013473949395120144
v -0.47086748480796814 -0.1858108639717102 -0.033928003162145615
v -0.5075274705886841 -0.22945696115493774 -0.04840942472219467
v -0.5372384786605835 -0.27958348393440247 -0.05636170506477356
v -0.5588586926460266 -0.3342640697956085 -0.057479240000247955
v -0.5715572834014893 -0.3913973867893219 -0.05171908438205719
v -0.5748462677001953 -0.4487878084182739 -0.03930259868502617
v -0.5685992240905762 -0.5042299032211304 -0.020706938579678535
v -0.5530562400817871 -0.5555930137634277 0.00335327279753983
v -0.5288145542144775 -0.600903332233429 0.031953416764736176
v -0.496805876493454 -0.6384195685386658 0.0639944076538086
v -0.4582602381706238 -0.666700005531311 0.09824492037296295
v -0.41465887427330017 -0.684657871723175 0.1333887279033661
v -0.3676774203777313 -0.6916030049324036 0.168075293302536
v -0.3191213309764862 -0.6872685551643372 0.2009716033935547
v -0.2708565592765808 -0.6718210577964783 0.23081348836421967
v -0.2247379571199417 -0.6458541750907898 0.25645413994789124
v -0.18253777921199799 -0.6103657484054565 0.27690818905830383
v -0.14587777853012085 -0.566719651222229 0.2913896143436432
v -0.11616677790880203 -0.5165931582450867 0.2993418872356415
v -0.09454654902219772 -0.4619125425815582 0.3004594147205353
v -0.08184795081615448 -0.40477922558784485 0.2946992516517639
v -0.07855898141860962 -0.34738877415657043 0.2822827696800232
v -0.08480603247880936 -0.2919467091560364 0.2636871337890625
v -0.10034903138875961 -0.24058356881141663 0.2396269142627716
v -0.1245906725525856 -0.1952732652425766 0.21102675795555115
v -0.15659937262535095 -0.1577570140361786 0.17898577451705933
v -0.19514502584934235 -0.12947657704353333 0.14473526179790497
v -0.13539810478687286 -0.1546044647693634 0.059239231050014496
v -0.18015603721141815 -0.13544677197933197 0.026248939335346222
v -0.22871720790863037 -0.12713731825351715 -0.005866710562258959
v -0.2792154550552368 -0.1299954503774643 -0.03587353602051735
v -0.32971009612083435 -0.14391130208969116 -0.06261838972568512
v -0.3782607316970825 -0.16835011541843414 -0.08507347851991653
v -0.4230015277862549 -0.2023727148771286 -0.10237587243318558
v -0.4622131586074829 -0.24467162787914276 -0.11386064440011978
v -0.49438872933387756 -0.29362133145332336 -0.11908644437789917
v -0.518291711807251 -0.34734073281288147 -0.11785244941711426
v -0.5330036282539368 -0.40376538038253784 -0.11020607501268387
v -0.5379589796066284 -0.4607269763946533 -0.09644117951393127
v -0.5329674482345581 -0.5160364508628845 -0.07708672434091568
v -0.5182207822799683 -0.5675683617591858 -0.05288650095462799
v -0.4942857027053833 -0.61334228515625 -0.024770503863692284
v -0.46208202838897705 -0.6515991687774658 0.006180779077112675
v -0.42284736037254333 -0.680868923664093 0.0387779101729393
v -0.37808942794799805 -0.7000265717506409 0.07176820188760757
v -0.32952824234962463 -0.7083360552787781 0.10388384759426117
v -0.2790300250053406 -0.7054778933525085 0.13389067351818085
v -0.22853533923625946 -0.6915620565414429 0.16063553094863892
v -0.17998471856117249 -0.6671232581138611 0.18309061229228973
v -0.13524392247200012 -0.6331006288528442 0.20039300620555878
v -0.09603229910135269 -0.5908017158508301 0.21187777817249298
v -0.06385673582553864 -0.5418520569801331 0.21710358560085297
v -0.03995373100042343 -0.48813262581825256 0.21586959064006805
v -0.025241851806640625 -0.4317079782485962 0.20822322368621826
v -0.020286474376916885 -0.3747463822364807 0.19445832073688507
v -0.02527802810072899 -0.3194369077682495 0.17510385811328888
v -0.040024690330028534 -0.26790502667427063 0.1509036421775818
v -0.0639597550034523 -0.22213110327720642 0.12278764694929123
v -0.09616341441869736 -0.18387417495250702 0.0918363630771637
v -0.13539810478687286 -0.1546044647693634 0.059239231050014496
v -0.08223801851272583 -0.18396353721618652 -0.03100678324699402
v -0.12728753685951233 -0.1646001785993576 -0.06347601115703583
v -0.1765141487121582 -0.15587761998176575 -0.09444870799779892
v -0.22802607715129852 -0.15813106298446655 -0.12273462116718292
v -0.2798437476158142 -0.17127388715744019 -0.14724673330783844
v -0.3299758732318878 -0.19480103254318237 -0.1670430451631546
v -0.3764958679676056 -0.2278083711862564 -0.1813628226518631
v -0.41761597990989685 -0.269027441740036 -0.18965575098991394
v -0.4517560303211212 -0.3168742060661316 -0.19160312414169312
v -0.4776040315628052 -0.3695099949836731 -0.1871301233768463
v -0.49416661262512207 -0.4249119758605957 -0.17640864849090576
v -0.5008073449134827 -0.48095110058784485 -0.15985070168972015
v -0.49727097153663635 -0.5354738235473633 -0.13809260725975037
v -0.4836934208869934 -0.5863848924636841 -0.11197050660848618
v -0.46059650182724 -0.6317278146743774 -0.08248826116323471
v -0.42886775732040405 -0.6697600483894348 -0.05077886953949928
v -0.38972654938697815 -0.6990200281143188 -0.018060890957713127
v -0.34467700123786926 -0.7183833718299866 0.014408336021006107
v -0.2954504191875458 -0.727105975151062 0.04538103565573692
v -0.24393847584724426 -0.7248525023460388 0.07366694509983063
v -0.19212080538272858 -0.7117096781730652 0.09817905724048615
v -0.14198869466781616 -0.688182532787323 0.1179753765463829
v -0.09546869993209839 -0.6551752090454102 0.1322951465845108
v -0.05434856936335564 -0.6139561533927917 0.14058807492256165
v -0.02020852081477642 -0.5661093592643738 0.14253544807434082
v 0.005639463197439909 -0.5134735703468323 0.13806244730949402
v 0.022202059626579285 -0.45807161927223206 0.12734097242355347
v 0.028842777013778687 -0.4020324647426605 0.11078302562236786
v 0.025306416675448418 -0.3475097417831421 0.08902492374181747
v 0.011728877201676369 -0.2965986728668213 0.06290283054113388
v -0.01136806234717369 -0.2512557804584503 0.033420588821172714
v -0.04309679940342903 -0.21322354674339294 0.001711193472146988
v -0.08223801851272583 -0.18396353721618652 -0.03100678324699402
v -0.03089113160967827 -0.2205631583929062 -0.11842301487922668
v -0.07506932318210602 -0.20131166279315948 -0.1521323025226593
v -0.12385708838701248 -0.19241705536842346 -0.18374384939670563
v -0.17537954449653625 -0.1942211538553238 -0.21204282343387604
v -0.22765669226646423 -0.2066546231508255 -0.23594170808792114
v -0.27867957949638367 -0.22923967242240906 -0.2545221149921417
v -0.32648739218711853 -0.2611083686351776 -0.2670699656009674
v -0.36924293637275696 -0.30103597044944763 -0.2731030583381653
v -0.40530312061309814 -0.347488135099411 -0.27238959074020386
v -0.43328219652175903 -0.3986797034740448 -0.26495692133903503
v -0.4521048963069916 -0.4526434540748596 -0.25109073519706726
v -0.4610479176044464 -0.5073055028915405 -0.23132386803627014
v -0.45976755023002625 -0.5605653524398804 -0.20641596615314484
v -0.44831302762031555 -0.6103761196136475 -0.17732422053813934
v -0.4271245300769806 -0.6548236608505249 -0.14516660571098328
v -0.39701634645462036 -0.6921998858451843 -0.1111789271235466
v -0.35914546251296997 -0.7210684418678284 -0.07666730880737305
v -0.3149672746658325 -0.7403199672698975 -0.04295801371335983
v -0.26617950201034546 -0.7492145895957947 -0.011346472427248955
v -0.21465705335140228 -0.7474104762077332 0.016952499747276306
v -0.1623798906803131 -0.7349770069122314 0.04085139185190201
v -0.11135701090097427 -0.7123919725418091 0.0594317801296711
v -0.06354918330907822 -0.6805232763290405 0.07197963446378708
v -0.020793642848730087 -0.6405956149101257 0.07801274955272675
v 0.0152665413916111 -0.5941435098648071 0.07729926705360413
v 0.043245598673820496 -0.5429518818855286 0.0698666125535965
v 0.062068305909633636 -0.4889881908893585 0.056000418961048126
v 0.07101131975650787 -0.43432608246803284 0.03623355180025101
v 0.0697309672832489 -0.38106629252433777 0.011325646191835403
v 0.058276448398828506 -0.3312555253505707 -0.017766103148460388
v 0.037087954580783844 -0.28680795431137085 -0.049923717975616455
v 0.006979748141020536 -0.24943172931671143 -0.08391139656305313
v -0.03089113160967827 -0.2205631583929062 -0.11842301487922668
v 0.023413334041833878 -0.26575225591659546 -0.19539685547351837
v -0.01826622150838375 -0.24638840556144714 -0.23209162056446075
v -0.06514760851860046 -0.2370181679725647 -0.2663404643535614
v -0.11542919278144836 -0.23800165951251984 -0.2968272566795349
v -0.1671786904335022 -0.24930106103420258 -0.322380393743515
v -0.21840740740299225 -0.2704821527004242 -0.34201785922050476
v -0.26714661717414856 -0.30073097348213196 -0.35498499870300293
v -0.31152334809303284 -0.33888503909111023 -0.36078354716300964
v -0.3498322069644928 -0.3834781348705292 -0.35919061303138733
v -0.3806009590625763 -0.43279656767845154 -0.3502674102783203
v -0.4026472568511963 -0.4849450886249542 -0.3343569040298462
v -0.4151238203048706 -0.5379195809364319 -0.31207045912742615
v -0.4175512194633484 -0.5896843671798706 -0.28426459431648254
v -0.40983614325523376 -0.6382500529289246 -0.2520078420639038
v -0.3922750651836395 -0.6817503571510315 -0.21653980016708374
v -0.3655428886413574 -0.7185136079788208 -0.17922350764274597
v -0.3306668698787689 -0.7471269369125366 -0.14149299263954163
v -0.28898730874061584 -0.7664907574653625 -0.10479823499917984
v -0.24210593104362488 -0.7758610248565674 -0.0705493837594986
v -0.19182434678077698 -0.7748775482177734 -0.040062595158815384
v -0.14007484912872314 -0.7635781168937683 -0.014509472995996475
v -0.0888461321592331 -0.7423970103263855 0.005127996671944857
v -0.04010690748691559 -0.7121481895446777 0.01809515617787838
v 0.004269811324775219 -0.6739941239356995 0.0238936860114336
v 0.04257865250110626 -0.6294010281562805 0.022300750017166138
v 0.07334743440151215 -0.5800825953483582 0.013377564027905464
v 0.09539371728897095 -0.5279340744018555 -0.0025329573545604944
v 0.10787028819322586 -0.4749595820903778 -0.024819383397698402
v 0.11029767245054245 -0.4231948256492615 -0.05262525752186775
v 0.10258258879184723 -0.37462911009788513 -0.08488202095031738
v 0.08502152562141418 -0.3311288058757782 -0.12035005539655685
v 0.058289337903261185 -0.2943655848503113 -0.15766634047031403
v 0.023413334041833878 -0.26575225591659546 -0.19539685547351837
v 0.08306287974119186 -0.3186875283718109 -0.25485044717788696
v 0.04603114724159241 -0.2986578941345215 -0.2959127724170685
v 0.003039225470274687 -0.2882217466831207 -0.334661066532135
v -0.04426072910428047 -0.28778019547462463 -0.3696063160896301
v -0.09405100345611572 -0.2973501682281494 -0.3994055390357971
v -0.14441817998886108 -0.3165639340877533 -0.4229135811328888
v -0.1934266984462738 -0.34468305110931396 -0.43922704458236694
v -0.2391931712627411 -0.38062700629234314 -0.4477190375328064
v -0.2799588143825531 -0.42301440238952637 -0.4480631649494171
v -0.31415703892707825 -0.47021639347076416 -0.44024625420570374
v -0.34047362208366394 -0.5204190015792847 -0.42456868290901184
v -0.35789722204208374 -0.571692943572998 -0.4016329050064087
v -0.3657582700252533 -0.6220678091049194 -0.37232038378715515
v -0.36375465989112854 -0.6696077585220337 -0.33775755763053894
v -0.35196343064308167 -0.7124858498573303 -0.2992726266384125
v -0.3308376669883728 -0.7490541934967041 -0.2583445906639099
v -0.30118921399116516 -0.77790766954422 -0.21654628217220306
v -0.2641574740409851 -0.797937273979187 -0.17548397183418274
v -0.22116556763648987 -0.8083733916282654 -0.13673566281795502
v -0.17386561632156372 -0.8088149428367615 -0.1017904281616211
v -0.12407533824443817 -0.7992449998855591 -0.0719912052154541
v -0.07370815426111221 -0.7800312638282776 -0.04848315939307213
v -0.02469964325428009 -0.7519121170043945 -0.03216968849301338
v 0.021066823974251747 -0.7159681916236877 -0.023677710443735123
v 0.06183246895670891 -0.6735807657241821 -0.023333566263318062
v 0.09603068977594376 -0.6263787746429443 -0.031150484457612038
v 0.12234726548194885 -0.5761761665344238 -0.04682806134223938
v 0.13977088034152985 -0.5249022245407104 -0.06976381689310074
v 0.1476319283246994 -0.4745273292064667 -0.09907634556293488
v 0.14562833309173584 -0.4269874095916748 -0.13363918662071228
v 0.13383708894252777 -0.38410934805870056 -0.17212410271167755
v 0.11271131783723831 -0.347540944814682 -0.21305213868618011
v 0.08306287974119186 -0.3186875283718109 -0.25485044717788696
v 0.14600110054016113 -0.3762173056602478 -0.29282277822494507
v 0.1159123033285141 -0.3549724519252777 -0.338670015335083
v 0.07911504060029984 -0.3429715037345886 -0.38294854760169983
v 0.037023432552814484 -0.3406756520271301 -0.4239567816257477
v -0.00874496903270483 -0.3481731116771698 -0.4601188004016876
v -0.05643131583929062 -0.3651757836341858 -0.49004489183425903
v -0.10420303791761398 -0.39103028178215027 -0.5125850439071655
v -0.15022431313991547 -0.4247429668903351 -0.526872992515564
v -0.19272653758525848 -0.4650183320045471 -0.5323597192764282
v -0.23007641732692719 -0.5103086233139038 -0.5288344025611877
v -0.2608385682106018 -0.5588732957839966 -0.5164324045181274
v -0.2838308811187744 -0.608846127986908 -0.4956304430961609
v -0.29816970229148865 -0.6583065986633301 -0.46722784638404846
v -0.3033040463924408 -0.7053540349006653 -0.4323161542415619
v -0.29903659224510193 -0.7481804490089417 -0.39223700761795044
v -0.28553134202957153 -0.7851399779319763 -0.3485305905342102
v -0.26330727338790894 -0.8148123025894165 -0.3028765320777893
v -0.2332184761762619 -0.8360571265220642 -0.25702929496765137
v -0.19642122089862823 -0.8480581045150757 -0.21275074779987335
v -0.15432961285114288 -0.8503539562225342 -0.1717425137758255
v -0.1085612028837204 -0.8428564667701721 -0.13558050990104675
v -0.06087486073374748 -0.8258537650108337 -0.10565441846847534
v -0.01310313493013382 -0.7999992966651917 -0.08311428129673004
v 0.03291813284158707 -0.7662866115570068 -0.06882630288600922
v 0.07542037218809128 -0.7260112762451172 -0.06333956122398376
v 0.11277023702859879 -0.6807209849357605 -0.06686491519212723
v 0.1435324102640152 -0.632156252861023 -0.07926688343286514
v 0.16652469336986542 -0.5821834802627563 -0.10006885975599289
v 0.18086352944374084 -0.5327229499816895 -0.12847144901752472
v 0.185997873544693 -0.48567554354667664 -0.1633831411600113
v 0.18173041939735413 -0.44284915924072266 -0.20346230268478394
v 0.16822516918182373 -0.405889630317688 -0.24716871976852417
v 0.14600110054016113 -0.3762173056602478 -0.29282277822494507
v 0.20710943639278412 -0.4334217607975006 -0.31200703978538513
v 0.1854163408279419 -0.41074836254119873 -0.3617461323738098
v 0.1565978080034256 -0.3971327245235443 -0.4111703932285309
v 0.12176131457090378 -0.3930980861186981 -0.45838043093681335
v 0.0822455883026123 -0.39879947900772095 -0.5015620589256287
v 0.039569221436977386 -0.41401782631874084 -0.5390557646751404
v -0.004627774935215712 -0.4381682574748993 -0.5694207549095154
v -0.04864692687988281 -0.47032272815704346 -0.5914900302886963
v -0.09079660475254059 -0.5092455148696899 -0.6044155955314636
v -0.129457026720047 -0.5534408688545227 -0.6077006459236145
v -0.16314247250556946 -0.6012104153633118 -0.6012189388275146
v -0.19055844843387604 -0.6507183313369751 -0.5852195620536804
v -0.21065138280391693 -0.700062096118927 -0.5603174567222595
v -0.22264909744262695 -0.7473454475402832 -0.5274694561958313
v -0.22609052062034607 -0.7907513380050659 -0.4879380166530609
v -0.22084341943264008 -0.8286116123199463 -0.44324222207069397
v -0.20710943639278412 -0.8594714403152466 -0.3950997292995453
v -0.1854163408279419 -0.8821448683738708 -0.3453606367111206
v -0.1565978080034256 -0.8957604765892029 -0.2959364056587219
v -0.12176131457090378 -0.8997951149940491 -0.24872635304927826
v -0.0822455883026123 -0.8940937519073486 -0.20554473996162415
v -0.039569221436977386 -0.8788754343986511 -0.16805101931095123
v 0.004627774935215712 -0.8547249436378479 -0.13768604397773743
v 0.04864692687988281 -0.8225705027580261 -0.11561673879623413
v 0.09079660475254059 -0.7836477160453796 -0.10269120335578918
v 0.129457026720047 -0.7394523024559021 -0.0994061604142189
v 0.16314247250556946 -0.6916828155517578 -0.10588785260915756
v 0.19055844843387604 -0.6421748995780945 -0.1218871921300888
v 0.21065138280391693 -0.5928311347961426 -0.1467893421649933
v 0.22264909744262695 -0.5455477833747864 -0.17963729798793793
v 0.22609052062034607 -0.5021418929100037 -0.2191687673330307
v 0.22084341943264008 -0.4642815887928009 -0.26386457681655884
v 0.20710943639278412 -0.4334217607975006 -0.31200703978538513
v 0.2636318802833557 -0.48543184995651245 -0.32075491547584534
v 0.2501277029514313 -0.46150141954421997 -0.37275126576423645
v 0.22965607047080994 -0.44668903946876526 -0.42585641145706177
v 0.20300370454788208 -0.4415639638900757 -0.4780295193195343
v 0.17119483649730682 -0.4463231563568115 -0.5272656679153442
v 0.13545186817646027 -0.4607837200164795 -0.5716726779937744
v 0.09714838117361069 -0.48438993096351624 -0.6095439791679382
v 0.05775635689496994 -0.5162346363067627 -0.6394243240356445
v 0.018789609894156456 -0.5550940036773682 -0.6601653695106506
v -0.018254391849040985 -0.5994747877120972 -0.6709699630737305
v -0.051952067762613297 -0.6476713418960571 -0.6714230179786682
v -0.0810084342956543 -0.6978315711021423 -0.6615070700645447
v -0.10430686920881271 -0.7480278611183167 -0.6416031718254089
v -0.12095203250646591 -0.7963311672210693 -0.6124762296676636
v -0.1303042620420456 -0.8408852815628052 -0.5752456188201904
v -0.13200414180755615 -0.8799778819084167 -0.5313419699668884
v -0.12598635256290436 -0.9121067523956299 -0.4824526011943817
v -0.11248216778039932 -0.9360371828079224 -0.4304562509059906
v -0.09201053529977798 -0.9508495926856995 -0.37735113501548767
v -0.06535816192626953 -0.9559746384620667 -0.32517799735069275
v -0.03354929760098457 -0.9512154459953308 -0.2759418785572052
v 0.0021936697885394096 -0.9367548823356628 -0.23153488337993622
v 0.04049715772271156 -0.9131487011909485 -0.19366352260112762
v 0.07988917827606201 -0.8813039660453796 -0.16378319263458252
v 0.11885593086481094 -0.8424445986747742 -0.1430421769618988
v 0.15589992702007294 -0.7980638146400452 -0.1322375386953354
v 0.18959760665893555 -0.7498672604560852 -0.13178449869155884
v 0.21865397691726685 -0.69970703125 -0.14170046150684357
v 0.24195240437984467 -0.6495107412338257 -0.16160434484481812
v 0.25859758257865906 -0.601207435131073 -0.19073128700256348
v 0.26794978976249695 -0.5566533207893372 -0.2279619425535202
v 0.2696496844291687 -0.5175607204437256 -0.2718655467033386
v 0.2636318802833557 -0.48543184995651245 -0.32075491547584534
v 0.3178175091743469 -0.5294647216796875 -0.32663407921791077
v 0.31095749139785767 -0.5046130418777466 -0.37949225306510925
v 0.2978776693344116 -0.4891767203807831 -0.43471261858940125
v 0.27908071875572205 -0.4837489426136017 -0.4901730716228485
v 0.2552889883518219 -0.4885382354259491 -0.5437423586845398
v 0.2274167686700821 -0.5033606290817261 -0.5933617353439331
v 0.19653518497943878 -0.5276464223861694 -0.6371244788169861
v 0.16383099555969238 -0.5604624152183533 -0.6733487248420715
v 0.1305610090494156 -0.6005474328994751 -0.700642466545105
v 0.09800375998020172 -0.6463611125946045 -0.7179567217826843
v 0.0674104169011116 -0.6961427927017212 -0.7246262431144714
v 0.039956655353307724 -0.7479794025421143 -0.7203946113586426
v 0.016697516664862633 -0.7998788952827454 -0.7054244875907898
v -0.001473168726079166 -0.8498467803001404 -0.6802911758422852
v -0.013857109472155571 -0.8959628939628601 -0.6459605097770691
v -0.019978398457169533 -0.9364549517631531 -0.6037518382072449
v -0.019601797685027122 -0.9697668552398682 -0.5552871823310852
v -0.01274177897721529 -0.9946185350418091 -0.5024290084838867
v 0.0003380297857802361 -1.0100548267364502 -0.4472086429595947
v 0.01913497969508171 -1.0154826641082764 -0.39174818992614746
v 0.042926713824272156 -1.0106933116912842 -0.33817893266677856
v 0.07079892605543137 -0.9958709478378296 -0.28855952620506287
v 0.10168050974607468 -0.9715851545333862 -0.2447967827320099
v 0.13438470661640167 -0.9387691617012024 -0.20857253670692444
v 0.16765469312667847 -0.8986841440200806 -0.18127880990505219
v 0.20021194219589233 -0.8528704643249512 -0.16396452486515045
v 0.23080529272556305 -0.8030887842178345 -0.15729504823684692
v 0.2582590579986572 -0.7512521743774414 -0.1615266650915146
v 0.28151819109916687 -0.6993526816368103 -0.17649678885936737
v 0.2996888756752014 -0.6493847966194153 -0.201630100607872
v 0.3120728135108948 -0.6032686829566956 -0.23596075177192688
v 0.31819409132003784 -0.5627766251564026 -0.2781694233417511
v 0.3178175091743469 -0.5294647216796875 -0.32663407921791077
v 0.37398019433021545 -0.5648579597473145 -0.33253759145736694
v 0.37183907628059387 -0.5394033193588257 -0.3855104446411133
v 0.3646847903728485 -0.5237998366355896 -0.4417598843574524
v 0.35279226303100586 -0.5186471939086914 -0.4991242289543152
v 0.3366185128688812 -0.524143397808075 -0.5553990006446838
v 0.3167850971221924 -0.540077269077301 -0.6084216237068176
v 0.29405421018600464 -0.5658364295959473 -0.656154453754425
v 0.26929938793182373 -0.600430965423584 -0.6967630982398987
v 0.2434719204902649 -0.6425314545631409 -0.7286871075630188
v 0.21756435930728912 -0.6905200481414795 -0.750699520111084
v 0.19257232546806335 -0.7425524592399597 -0.7619544863700867
v 0.16945622861385345 -0.7966291904449463 -0.7620195150375366
v 0.14910441637039185 -0.8506720662117004 -0.7508920431137085
v 0.13229900598526 -0.9026042222976685 -0.728999674320221
v 0.1196858137845993 -0.9504300355911255 -0.6971838474273682
v 0.1117495521903038 -0.9923115372657776 -0.6566670536994934
v 0.10879521071910858 -1.0266392230987549 -0.6090064644813538
v 0.11093632876873016 -1.0520938634872437 -0.5560336112976074
v 0.11809061467647552 -1.067697286605835 -0.4997842013835907
v 0.12998314201831818 -1.072849988937378 -0.4424198567867279
v 0.14615687727928162 -1.0673537254333496 -0.38614505529403687
v 0.16599029302597046 -1.0514198541641235 -0.33312246203422546
v 0.1887211799621582 -1.025660753250122 -0.28538963198661804
v 0.2134760022163391 -0.9910662174224854 -0.24478094279766083
v 0.23930346965789795 -0.9489657282829285 -0.2128569781780243
v 0.2652110159397125 -0.9009771347045898 -0.1908445507287979
v 0.2902030646800995 -0.8489447236061096 -0.17958956956863403
v 0.3133191764354706 -0.794867992401123 -0.17952455580234528
v 0.333670973777771 -0.7408251166343689 -0.1906520426273346
v 0.35047638416290283 -0.6888929605484009 -0.21254436671733856
v 0.36308959126472473 -0.6410671472549438 -0.24436023831367493
v 0.37102583050727844 -0.5991856455802917 -0.2848770022392273
v 0.37398019433021545 -0.5648579597473145 -0.33253759145736694
v 0.43542492389678955 -0.5916298031806946 -0.3378787338733673
v 0.43634238839149475 -0.5658295750617981 -0.39071959257125854
v 0.4337632656097412 -0.5503256916999817 -0.4473908245563507
v 0.42778661847114563 -0.5457140803337097 -0.5057145953178406
v 0.41864216327667236 -0.5521718859672546 -0.5634495615959167
v 0.4066812992095947 -0.5694509744644165 -0.6183769702911377
v 0.39236366748809814 -0.5968872308731079 -0.6683860421180725
v 0.376239538192749 -0.6334264278411865 -0.7115548849105835
v 0.35892847180366516 -0.6776642203330994 -0.7462246417999268
v 0.34109580516815186 -0.7279007434844971 -0.7710628509521484
v 0.3234267830848694 -0.78220534324646 -0.785115122795105
v 0.306600421667099 -0.8384911417961121 -0.7878413200378418
v 0.2912633717060089 -0.8945950865745544 -0.7791367769241333
v 0.2780050039291382 -0.9483612179756165 -0.7593359351158142
v 0.26733484864234924 -0.9977232217788696 -0.7291997671127319
v 0.259662926197052 -1.040784239768982 -0.6898863911628723
v 0.2552841007709503 -1.0758893489837646 -0.6429065465927124
v 0.2543666362762451 -1.1016895771026611 -0.5900657176971436
v 0.25694578886032104 -1.117193341255188 -0.533394455909729
v 0.26292240619659424 -1.1218050718307495 -0.47507068514823914
v 0.2720668613910675 -1.1153472661972046 -0.41733571887016296
v 0.28402772545814514 -1.098068118095398 -0.362408310174942
v 0.2983453571796417 -1.0706318616867065 -0.3123992681503296
v 0.31446948647499084 -1.034092664718628 -0.2692303955554962
v 0.3317805528640747 -0.9898548722267151 -0.23456065356731415
v 0.349613219499588 -0.9396183490753174 -0.20972241461277008
v 0.3672822415828705 -0.8853137493133545 -0.19567015767097473
v 0.38410860300064087 -0.8290279507637024 -0.19294393062591553
v 0.39944565296173096 -0.77292400598526 -0.20164848864078522
v 0.4127040207386017 -0.7191579341888428 -0.2214493304491043
v 0.4233741760253906 -0.6697958707809448 -0.2515855133533478
v 0.43104609847068787 -0.6267349123954773 -0.2908988893032074
v 0.43542492389678955 -0.5916298031806946 -0.3378787338733673
v 0.5036855340003967 -0.6094128489494324 -0.34084072709083557
v 0.5064501762390137 -0.5834757685661316 -0.3935500681400299
v 0.5074232816696167 -0.5681763291358948 -0.450327068567276
v 0.5065674781799316 -0.5641024112701416 -0.5089898705482483
v 0.5039156675338745 -0.571410596370697 -0.5672839879989624
v 0.4995696544647217 -0.5898200273513794 -0.6229693293571472
v 0.49369657039642334 -0.6186232566833496 -0.6739058494567871
v 0.4865220785140991 -0.6567134261131287 -0.7181361317634583
v 0.4783218801021576 -0.702626645565033 -0.7539604306221008
v 0.46941110491752625 -0.7545986175537109 -0.7800019979476929
v 0.4601321816444397 -0.8106319904327393 -0.7952601313591003
v 0.4508417248725891 -0.8685734868049622 -0.799148440361023
v 0.4418967366218567 -0.9261964559555054 -0.791517436504364
v 0.4336409568786621 -0.9812864661216736 -0.772660493850708
v 0.42639169096946716 -1.031726360321045 -0.7433022260665894
v 0.42042750120162964 -1.075577974319458 -0.7045708298683167
v 0.4159775674343109 -1.1111558675765991 -0.657954752445221
v 0.41321292519569397 -1.1370929479599 -0.6052454113960266
v 0.41223981976509094 -1.1523923873901367 -0.5484683513641357
v 0.4130956530570984 -1.1564662456512451 -0.4898056089878082
v 0.4157474935054779 -1.1491581201553345 -0.43151146173477173
v 0.42009347677230835 -1.1307486295700073 -0.3758261501789093
v 0.4259665608406067 -1.101945400238037 -0.324889600276947
v 0.4331410527229309 -1.0638552904129028 -0.28065934777259827
v 0.44134125113487244 -1.0179420709609985 -0.2448350489139557
v 0.4502520263195038 -0.9659700989723206 -0.21879346668720245
v 0.45953094959259033 -0.9099367260932922 -0.20353533327579498
v 0.4688214063644409 -0.8519952297210693 -0.19964703917503357
v 0.47776639461517334 -0.7943722605705261 -0.20727799832820892
v 0.4860221743583679 -0.7392822504043579 -0.22613495588302612
v 0.49327144026756287 -0.6888422966003418 -0.25549325346946716
v 0.4992356300354004 -0.6449908018112183 -0.29422464966773987
v 0.5036855340003967 -0.6094128489494324 -0.34084072709083557
v 0.5788009166717529 -0.6172193884849548 -0.33960703015327454
v 0.5826089978218079 -0.5913154482841492 -0.3922675848007202
v 0.5864243507385254 -0.5762064456939697 -0.44897571206092834
v 0.5901003479957581 -0.5724730491638184 -0.5075521469116211
v 0.5934956669807434 -0.5802587270736694 -0.5657458305358887
v 0.5964799523353577 -0.5992642045021057 -0.6213204264640808
v 0.5989384055137634 -0.6287592053413391 -0.6721401810646057
v 0.6007765531539917 -0.667610228061676 -0.7162522077560425
v 0.6019238829612732 -0.7143242359161377 -0.7519612312316895
v 0.6023361682891846 -0.7671060562133789 -0.7778950333595276
v 0.6019975543022156 -0.8239272832870483 -0.7930569052696228
v 0.6009212136268616 -0.8826043009757996 -0.7968642711639404
v 0.5991483330726624 -0.9408822059631348 -0.7891708016395569
v 0.5967471599578857 -0.9965214729309082 -0.7702721357345581
v 0.5938099026679993 -1.0473837852478027 -0.7408945560455322
v 0.5904494524002075 -1.0915147066116333 -0.7021669745445251
v 0.5867949724197388 -1.1272181272506714 -0.6555777192115784
v 0.5829868912696838 -1.153122067451477 -0.6029171347618103
v 0.5791715383529663 -1.1682310104370117 -0.5462090373039246
v 0.5754955410957336 -1.171964406967163 -0.4876326024532318
v 0.5721001625061035 -1.1641788482666016 -0.42943891882896423
v 0.569115936756134 -1.1451733112335205 -0.3738643229007721
v 0.5666574835777283 -1.115678310394287 -0.3230445384979248
v 0.5648192763328552 -1.0768272876739502 -0.2789325416088104
v 0.5636720061302185 -1.0301132202148438 -0.24322348833084106
v 0.5632597208023071 -0.9773314595222473 -0.21728971600532532
v 0.5635982751846313 -0.9205102324485779 -0.20212779939174652
v 0.5646746754646301 -0.8618332147598267 -0.1983204334974289
v 0.5664475560188293 -0.8035552501678467 -0.20601391792297363
v 0.568848729133606 -0.747916042804718 -0.2249125987291336
v 0.5717859864234924 -0.6970536708831787 -0.2542901933193207
v 0.5751464366912842 -0.6529228687286377 -0.29301777482032776
v 0.5788009166717529 -0.6172193884849548 -0.33960703015327454
v 0.6596675515174866 -0.6136623024940491 -0.33278006315231323
v 0.6640260219573975 -0.5879221558570862 -0.38547825813293457
v 0.6702075004577637 -0.5729039311408997 -0.442001610994339
v 0.6779745817184448 -0.5691846609115601 -0.5001779794692993
v 0.6870286464691162 -0.5769073963165283 -0.5577716827392578
v 0.6970218420028687 -0.5957752466201782 -0.6125693917274475
v 0.7075701355934143 -0.6250631809234619 -0.6624652743339539
v 0.718268096446991 -0.6636456847190857 -0.7055419087409973
v 0.7287046909332275 -0.7100400328636169 -0.7401437759399414
v 0.7384787797927856 -0.7624633312225342 -0.7649412751197815
v 0.7472147941589355 -0.8189009428024292 -0.7789813280105591
v 0.7545769214630127 -0.8771840929985046 -0.7817245125770569
v 0.7602823972702026 -0.9350728988647461 -0.7730652689933777
v 0.7641118168830872 -0.9903427958488464 -0.753336489200592
v 0.7659181356430054 -1.0408697128295898 -0.7232962846755981
v 0.7656318545341492 -1.084712028503418 -0.6840990781784058
v 0.763264000415802 -1.1201848983764648 -0.6372511982917786
v 0.7589055299758911 -1.1459249258041382 -0.5845530033111572
v 0.7527240514755249 -1.1609431505203247 -0.5280296206474304
v 0.7449569702148438 -1.164662480354309 -0.4698532819747925
v 0.7359029054641724 -1.1569397449493408 -0.412259578704834
v 0.7259097099304199 -1.138071894645691 -0.3574618697166443
v 0.7153614163398743 -1.1087839603424072 -0.30756598711013794
v 0.7046634554862976 -1.0702013969421387 -0.26448938250541687
v 0.694226861000061 -1.0238070487976074 -0.2298874706029892
v 0.6844527721405029 -0.971383810043335 -0.2050900012254715
v 0.6757168173789978 -0.9149461388587952 -0.19104991853237152
v 0.6683546304702759 -0.8566630482673645 -0.1883067637681961
v 0.6626491546630859 -0.7987741827964783 -0.19696597754955292
v 0.6588197350502014 -0.7435043454170227 -0.21669475734233856
v 0.6570134162902832 -0.6929773688316345 -0.24673497676849365
v 0.6572996973991394 -0.6491351127624512 -0.28593218326568604
v 0.6596675515174866 -0.6136623024940491 -0.33278006315231323
v 0.7442982196807861 -0.5973044037818909 -0.31946101784706116
v 0.7489333748817444 -0.5718140602111816 -0.37225693464279175
v 0.7571606636047363 -0.5567224025726318 -0.428499311208725
v 0.7686638832092285 -0.5526094436645508 -0.4860267639160156
v 0.7830009460449219 -0.5596331357955933 -0.5426285862922668
v 0.7996208667755127 -0.5775236487388611 -0.5961295962333679
v 0.8178850412368774 -0.6055934429168701 -0.6444737315177917
v 0.8370915055274963 -0.6427637934684753 -0.6858031749725342
v 0.8565022349357605 -0.6876062750816345 -0.7185297012329102
v 0.8753712177276611 -0.7383976578712463 -0.7413956522941589
v 0.8929733633995056 -0.7931859493255615 -0.7535222172737122
v 0.908632218837738 -0.8498657941818237 -0.7544434666633606
v 0.921746015548706 -0.9062588810920715 -0.7441239356994629
v 0.9318108558654785 -0.9601982235908508 -0.7229602336883545
v 0.9384398460388184 -1.0096107721328735 -0.6917656660079956
v 0.9413783550262451 -1.0525977611541748 -0.6517390608787537
v 0.9405134320259094 -1.0875072479248047 -0.6044185161590576
v 0.9358782172203064 -1.1129975318908691 -0.5516225695610046
v 0.9276509284973145 -1.128089189529419 -0.4953802227973938
v 0.916147768497467 -1.1322021484375 -0.43785277009010315
v 0.9018107056617737 -1.1251784563064575 -0.38125094771385193
v 0.8851907253265381 -1.107287883758545 -0.32774996757507324
v 0.8669265508651733 -1.0792181491851807 -0.279405802488327
v 0.8477200865745544 -1.0420477390289307 -0.2380763441324234
v 0.8283094167709351 -0.9972053170204163 -0.20534980297088623
v 0.8094404339790344 -0.9464139342308044 -0.18248389661312103
v 0.7918382883071899 -0.8916256427764893 -0.17035730183124542
v 0.7761794328689575 -0.8349458575248718 -0.16943606734275818
v 0.7630655765533447 -0.7785527110099792 -0.1797555834054947
v 0.753000795841217 -0.7246134281158447 -0.2009192854166031
v 0.7463717460632324 -0.6752008199691772 -0.23211385309696198
v 0.7434332370758057 -0.632213830947876 -0.2721405029296875
v 0.7442982196807861 -0.5973044037818909 -0.31946101784706116
v 0.8300362825393677 -0.5669860243797302 -0.2992226779460907
v 0.8348218202590942 -0.5417810678482056 -0.35214200615882874
v 0.844868004322052 -0.5264018177986145 -0.40800973773002625
v 0.8597888350486755 -0.5214393734931946 -0.46467888355255127
v 0.8790108561515808 -0.527084469795227 -0.5199717283248901
v 0.9017953872680664 -0.5431201457977295 -0.5717633366584778
v 0.9272668957710266 -0.5689301490783691 -0.6180633902549744
v 0.9544464349746704 -0.6035225987434387 -0.6570926904678345
v 0.9822895526885986 -0.6455681324005127 -0.6873512864112854
v 1.0097262859344482 -0.6934509873390198 -0.707676351070404
v 1.0357022285461426 -0.7453310489654541 -0.7172868251800537
v 1.0592190027236938 -0.7992145419120789 -0.715813398361206
v 1.0793731212615967 -0.8530308604240417 -0.7033126950263977
v 1.09538996219635 -0.9047117829322815 -0.6802650690078735
v 1.1066539287567139 -0.9522712826728821 -0.6475562453269958
v 1.1127322912216187 -0.9938816428184509 -0.6064432263374329
v 1.113391399383545 -1.0279438495635986 -0.5585059523582458
v 1.1086058616638184 -1.053148865699768 -0.5055866241455078
v 1.0985597372055054 -1.0685280561447144 -0.4497188925743103
v 1.0836389064788818 -1.0734905004501343 -0.3930497169494629
v 1.0644168853759766 -1.0678454637527466 -0.3377569019794464
v 1.0416322946548462 -1.0518097877502441 -0.28596529364585876
v 1.0161608457565308 -1.0259997844696045 -0.2396651953458786
v 0.9889812469482422 -0.9914073348045349 -0.20063592493534088
v 0.961138129234314 -0.9493618011474609 -0.17037734389305115
v 0.9337014555931091 -0.9014788866043091 -0.1500522643327713
v 0.9077255129814148 -0.8495988845825195 -0.14044179022312164
v 0.884208619594574 -0.79571533203125 -0.1419152170419693
v 0.8640545606613159 -0.7418990135192871 -0.15441595017910004
v 0.8480377197265625 -0.6902180910110474 -0.177463561296463
v 0.836773693561554 -0.6426585912704468 -0.2101723700761795
v 0.830695390701294 -0.6010482311248779 -0.2512854039669037
v 0.8300362825393677 -0.5669860243797302 -0.2992226779460907
v 0.9137716889381409 -0.5220775008201599 -0.27205443382263184
v 0.918673038482666 -0.4971397817134857 -0.3250896632671356
v 0.9303585290908813 -0.48121973872184753 -0.38048508763313293
v 0.9483791589736938 -0.47492918372154236 -0.43611183762550354
v 0.9720423221588135 -0.4785098135471344 -0.4898322522640228
v 1.0004386901855469 -0.49182409048080444 -0.539581835269928
v 1.0324771404266357 -0.5143603086471558 -0.5834487676620483
v 1.0669262409210205 -0.5452524423599243 -0.6197473406791687
v 1.1024622917175293 -0.5833132863044739 -0.647082507610321
v 1.1377196311950684 -0.6270802617073059 -0.6644037961959839
v 1.171343207359314 -0.6748713254928589 -0.6710456609725952
v 1.2020410299301147 -0.7248499393463135 -0.6667527556419373
v 1.2286334037780762 -0.775095522403717 -0.6516901254653931
v 1.2500983476638794 -0.8236770033836365 -0.6264365315437317
v 1.265610933303833 -0.8687276244163513 -0.5919625759124756
v 1.2745749950408936 -0.9085159301757812 -0.5495929718017578
v 1.2766462564468384 -0.9415130019187927 -0.5009559988975525
v 1.271744966506958 -0.9664506912231445 -0.4479207694530487
v 1.2600594758987427 -0.9823707342147827 -0.3925253748893738
v 1.2420388460159302 -0.9886612892150879 -0.3368986248970032
v 1.2183756828308105 -0.9850806593894958 -0.2831782102584839
v 1.1899791955947876 -0.9717664122581482 -0.23342861235141754
v 1.1579408645629883 -0.9492301940917969 -0.189561665058136
v 1.123491644859314 -0.9183380603790283 -0.1532631367444992
v 1.0879557132720947 -0.880277156829834 -0.12592796981334686
v 1.0526983737945557 -0.8365102410316467 -0.10860665142536163
v 1.01907479763031 -0.7887191772460938 -0.10196481645107269
v 0.9883769154548645 -0.7387405037879944 -0.10625770688056946
v 0.9617846012115479 -0.6884949803352356 -0.12132035195827484
v 0.9403196573257446 -0.6399134397506714 -0.14657390117645264
v 0.924807071685791 -0.5948628783226013 -0.18104788661003113
v 0.9158428907394409 -0.5550745725631714 -0.2234174758195877
v 0.9137716889381409 -0.5220775008201599 -0.27205443382263184
v 0.9921683669090271 -0.4626432955265045 -0.23830367624759674
v 0.997200608253479 -0.43790170550346375 -0.2914184629917145
v 1.0103586912155151 -0.42115867137908936 -0.34623801708221436
v 1.031137228012085 -0.4130575954914093 -0.4006556570529938
v 1.0587373971939087 -0.41390982270240784 -0.45258012413978577
v 1.0920987129211426 -0.4236826002597809 -0.5000160336494446
v 1.129939079284668 -0.4420003592967987 -0.5411403775215149
v 1.1708043813705444 -0.46815913915634155 -0.5743728876113892
v 1.2131240367889404 -0.5011537075042725 -0.5984363555908203
v 1.2552719116210938 -0.5397161245346069 -0.6124060153961182
v 1.2956281900405884 -0.5823643803596497 -0.6157451272010803
v 1.3326419591903687 -0.6274595260620117 -0.6083253026008606
v 1.3648908138275146 -0.6732686758041382 -0.5904317498207092
v 1.3911354541778564 -0.7180313467979431 -0.5627519488334656
v 1.410367488861084 -0.7600273489952087 -0.5263497829437256
v 1.4218475818634033 -0.7976427674293518 -0.4826241135597229
v 1.4251346588134766 -0.8294321298599243 -0.43325528502464294
v 1.4201024770736694 -0.8541737198829651 -0.380140483379364
v 1.4069442749023438 -0.8709167838096619 -0.32532092928886414
v 1.3861658573150635 -0.8790178298950195 -0.2709033191204071
v 1.3585656881332397 -0.878165602684021 -0.21897882223129272
v 1.3252043724060059 -0.868392825126648 -0.1715429276227951
v 1.2873640060424805 -0.8500750660896301 -0.1304185539484024
v 1.246498703956604 -0.8239162564277649 -0.09718608111143112
v 1.204179048538208 -0.790921688079834 -0.07312261313199997
v 1.1620311737060547 -0.7523593306541443 -0.059152908623218536
v 1.12167489528656 -0.7097110748291016 -0.055813807994127274
v 1.0846611261367798 -0.6646158695220947 -0.0632336288690567
v 1.0524122714996338 -0.6188067197799683 -0.08112723380327225
v 1.0261675119400024 -0.5740440487861633 -0.10880698263645172
v 1.0069355964660645 -0.5320480465888977 -0.1452091634273529
v 0.9954555034637451 -0.49443262815475464 -0.18893484771251678
v 0.9921683669090271 -0.4626432955265045 -0.23830367624759674
v 1.0618988275527954 -0.389520525932312 -0.19861865043640137
v 1.0670939683914185 -0.36485496163368225 -0.2517530918121338
v 1.0815459489822388 -0.34698840975761414 -0.305887907743454
v 1.1046991348266602 -0.33660754561424255 -0.35894274711608887
v 1.1356637477874756 -0.3341112732887268 -0.40887877345085144
v 1.1732500791549683 -0.3395955264568329 -0.45377692580223083
v 1.2160135507583618 -0.3528495728969574 -0.4919118285179138
v 1.2623107433319092 -0.37336400151252747 -0.5218179225921631
v 1.310362458229065 -0.40035051107406616 -0.5423460006713867
v 1.358322262763977 -0.43277204036712646 -0.5527071356773376
v 1.4043470621109009 -0.4693825840950012 -0.552503228187561
v 1.446668028831482 -0.5087752342224121 -0.5417419672012329
v 1.483658790588379 -0.5494362115859985 -0.5208370685577393
v 1.5138978958129883 -0.5898028612136841 -0.49059179425239563
v 1.536223292350769 -0.6283239722251892 -0.45216846466064453
v 1.5497769117355347 -0.6635192036628723 -0.4070436954498291
v 1.5540380477905273 -0.6940359473228455 -0.35695159435272217
v 1.5488427877426147 -0.7187015414237976 -0.30381715297698975
v 1.534390926361084 -0.7365680932998657 -0.24968232214450836
v 1.5112377405166626 -0.7469489574432373 -0.19662746787071228
v 1.4802730083465576 -0.7494451999664307 -0.1466914564371109
v 1.4426867961883545 -0.743960976600647 -0.1017933040857315
v 1.399923324584961 -0.7307069301605225 -0.06365841627120972
v 1.3536261320114136 -0.7101925015449524 -0.03375229984521866
v 1.3055742979049683 -0.6832059621810913 -0.01322422455996275
v 1.2576144933700562 -0.6507844924926758 -0.002863076748326421
v 1.2115898132324219 -0.614173948764801 -0.0030670284759253263
v 1.1692688465118408 -0.5747812390327454 -0.01382824219763279
v 1.1322780847549438 -0.5341203212738037 -0.03473317250609398
v 1.102038860321045 -0.4937536418437958 -0.0649784505367279
v 1.0797135829925537 -0.45523253083229065 -0.10340176522731781
v 1.0661598443984985 -0.42003729939460754 -0.14852654933929443
v 1.0618988275527954 -0.389520525932312 -0.19861865043640137
v 1.119871735572815 -0.30431872606277466 -0.1538941115140915
v 1.1252541542053223 -0.279567688703537 -0.20697014033794403
v 1.140790343284607 -0.26027074456214905 -0.26030778884887695
v 1.165883183479309 -0.24716943502426147 -0.31185731291770935
v 1.199568510055542 -0.2407672256231308 -0.35963767766952515
v 1.2405515909194946 -0.24131016433238983 -0.40181273221969604
v 1.2872577905654907 -0.248777374625206 -0.43676167726516724
v 1.337891936302185 -0.26288190484046936 -0.46314147114753723
v 1.3905082941055298 -0.2830817401409149 -0.4799383580684662
v 1.4430848360061646 -0.3086005747318268 -0.486506849527359
v 1.4936010837554932 -0.33845776319503784 -0.48259449005126953
v 1.5401157140731812 -0.3715059161186218 -0.4683516323566437
v 1.5808411836624146 -0.4064749777317047 -0.44432565569877625
v 1.6142125129699707 -0.44202113151550293 -0.41143983602523804
v 1.6389471292495728 -0.4767783582210541 -0.37095797061920166
v 1.6540945768356323 -0.5094109773635864 -0.3244357407093048
v 1.659072756767273 -0.5386648774147034 -0.2736609876155853
v 1.6536903381347656 -0.5634158849716187 -0.2205849438905716
v 1.638154149055481 -0.5827128291130066 -0.16724729537963867
v 1.6130613088607788 -0.5958141684532166 -0.11569778621196747
v 1.579375982284546 -0.602216362953186 -0.06791741400957108
v 1.5383929014205933 -0.601673424243927 -0.02574237436056137
v 1.4916867017745972 -0.5942062139511108 0.009206581860780716
v 1.4410525560379028 -0.5801016688346863 0.03558638319373131
v 1.388436198234558 -0.5599018931388855 0.05238327011466026
v 1.3358596563339233 -0.5343829989433289 0.05895174294710159
v 1.2853434085845947 -0.5045258402824402 0.055039383471012115
v 1.2388287782669067 -0.4714776873588562 0.040796540677547455
v 1.1981033086776733 -0.4365086257457733 0.016770558431744576
v 1.1647319793701172 -0.4009624421596527 -0.016115257516503334
v 1.1399973630905151 -0.36620521545410156 -0.05659712478518486
v 1.1248499155044556 -0.3335726261138916 -0.10311935096979141
v 1.119871735572815 -0.30431872606277466 -0.1538941115140915
v 1.1634403467178345 -0.20935119688510895 -0.10521939396858215
v 1.1690075397491455 -0.18432272970676422 -0.15814605355262756
v 1.1853755712509155 -0.16329523921012878 -0.2105729877948761
v 1.2119152545928955 -0.147076815366745 -0.26048544049263
v 1.247606873512268 -0.13629071414470673 -0.3059653639793396
v 1.2910786867141724 -0.13135144114494324 -0.34526491165161133
v 1.3406600952148438 -0.13244880735874176 -0.3768738806247711
v 1.394445776939392 -0.1395406574010849 -0.3995775282382965
v 1.4503687620162964 -0.1523544192314148 -0.41250336170196533
v 1.5062799453735352 -0.17039771378040314 -0.41515469551086426
v 1.5600306987762451 -0.19297710061073303 -0.407429575920105
v 1.6095553636550903 -0.21922491490840912 -0.3896249234676361
v 1.6529507637023926 -0.24813242256641388 -0.36242493987083435
v 1.6885493993759155 -0.27858874201774597 -0.32687488198280334
v 1.7149829864501953 -0.3094234764575958 -0.2843409776687622
v 1.7312357425689697 -0.3394516408443451 -0.2364577353000641
v 1.7366832494735718 -0.3675192594528198 -0.18506528437137604
v 1.7311160564422607 -0.39254772663116455 -0.13213862478733063
v 1.7147480249404907 -0.4135752022266388 -0.07971169799566269
v 1.6882083415985107 -0.4297936260700226 -0.02979922480881214
v 1.6525167226791382 -0.44057974219322205 0.015680674463510513
v 1.6090449094772339 -0.44551900029182434 0.054980237036943436
v 1.5594635009765625 -0.4444216191768646 0.08658919483423233
v 1.5056778192520142 -0.43732979893684387 0.10929284989833832
v 1.4497548341751099 -0.4245160222053528 0.12221869826316833
v 1.393843650817871 -0.40647274255752563 0.12487000972032547
v 1.3400928974151611 -0.38389334082603455 0.11714489758014679
v 1.290568232536316 -0.35764554142951965 0.09934023767709732
v 1.2471727132797241 -0.3287380337715149 0.07214024662971497
v 1.2115741968154907 -0.2982816994190216 0.03659021109342575
v 1.185140609741211 -0.26744696497917175 -0.005943705327808857
v 1.168887734413147 -0.23741881549358368 -0.0538269467651844
v 1.1634403467178345 -0.20935119688510895 -0.10521939396858215
v 1.190577507019043 -0.10751045495271683 -0.05382827669382095
v 1.196287751197815 -0.08199498057365417 -0.1065065786242485
v 1.2131848335266113 -0.05895821377635002 -0.1579112857580185
v 1.2406196594238281 -0.03928545117378235 -0.20606692135334015
v 1.2775377035140991 -0.02373269759118557 -0.24912291765213013
v 1.3225202560424805 -0.012897643260657787 -0.2854246497154236
v 1.3738387823104858 -0.0071966699324548244 -0.3135770261287689
v 1.429521083831787 -0.006848863326013088 -0.3324982225894928
v 1.4874273538589478 -0.011867590248584747 -0.34146109223365784
v 1.5453321933746338 -0.022059982642531395 -0.34012117981910706
v 1.6010103225708008 -0.037034355103969574 -0.3285299837589264
v 1.6523221731185913 -0.05621524527668953 -0.3071329593658447
v 1.697295904159546 -0.07886555045843124 -0.2767523527145386
v 1.7342031002044678 -0.1041148230433464 -0.2385556995868683
v 1.7616254091262817 -0.13099275529384613 -0.1940108835697174
v 1.7785091400146484 -0.15846644341945648 -0.14482970535755157
v 1.7842053174972534 -0.18548007309436798 -0.09290219843387604
v 1.7784950733184814 -0.21099555492401123 -0.04022389277815819
v 1.761597990989685 -0.23403231799602509 0.01118080597370863
v 1.7341631650924683 -0.25370508432388306 0.059336449950933456
v 1.6972451210021973 -0.2692578434944153 0.10239244252443314
v 1.652262568473816 -0.28009289503097534 0.138694167137146
v 1.6009440422058105 -0.28579387068748474 0.16684655845165253
v 1.5452617406845093 -0.28614166378974915 0.1857677549123764
v 1.4873554706573486 -0.28112295269966125 0.19473062455654144
v 1.4294506311416626 -0.27093055844306946 0.19339069724082947
v 1.3737725019454956 -0.25595617294311523 0.1817995011806488
v 1.3224605321884155 -0.23677529394626617 0.16040247678756714
v 1.2774869203567505 -0.21412497758865356 0.130021870136261
v 1.2405797243118286 -0.1888757050037384 0.09182523190975189
v 1.2131574153900146 -0.16199778020381927 0.04728040471673012
v 1.196273684501648 -0.13452409207820892 -0.001900766626931727
v 1.190577507019043 -0.10751045495271683 -0.05382827669382095
v 1.2000092267990112 -0.002099963603541255 -0.0010499992640689015
v 1.2057734727859497 0.02411484904587269 -0.053377874195575714
v 1.2228446006774902 0.04940294101834297 -0.10365447402000427
v 1.2505667209625244 0.07279250770807266 -0.14994768798351288
v 1.287874460220337 0.09338469803333282 -0.19047848880290985
v 1.3333340883255005 0.11038816720247269 -0.22368931770324707
v 1.3851984739303589 0.12314947694540024 -0.24830389022827148
v 1.4414746761322021 0.13117823004722595 -0.26337626576423645
v 1.5 0.13416586816310883 -0.2683272659778595
v 1.5585253238677979 0.13199758529663086 -0.2629665732383728
v 1.6148015260696411 0.12475672364234924 -0.2475002557039261
v 1.6666659116744995 0.1127215176820755 -0.22252261638641357
v 1.712125539779663 0.09635449200868607 -0.18899355828762054
v 1.7494332790374756 0.07628461718559265 -0.1482015997171402
v 1.7771553993225098 0.053283169865608215 -0.10171432793140411
v 1.7942265272140503 0.028234075754880905 -0.051318228244781494
v 1.7999907732009888 0.002099963603541255 0.0010499992640689015
v 1.7942265272140503 -0.02411484904587269 0.053377874195575714
v 1.7771553993225098 -0.04940294101834297 0.10365447402000427
v 1.7494332790374756 -0.07279250770807266 0.14994768798351288
v 1.712125539779663 -0.09338469803333282 0.19047848880290985
v 1.6666659116744995 -0.11038816720247269 0.22368931770324707
v 1.6148015260696411 -0.12314947694540024 0.24830389022827148
v 1.5585253238677979 -0.13117823004722595 0.26337626576423645
v 1.5 -0.13416586816310883 0.2683272659778595
v 1.4414746761322021 -0.13199758529663086 0.2629665732383728
v 1.3851984739303589 -0.12475672364234924 0.2475002557039261
v 1.3333340883255005 -0.1127215176820755 0.22252261638641357
v 1.287874460220337 -0.09635449200868607 0.18899355828762054
v 1.2505667209625244 -0.07628461718559265 0.1482015997171402
v 1.2228446006774902 -0.053283169865608215 0.10171432793140411
v 1.2057734727859497 -0.028234075754880905 0.051318228244781494
v 1.2000092267990112 -0.002099963603541255 -0.0010499992640689015
vt 0 0
vt 0 0.03125
vt 0 0.0625
vt 0 0.09375
vt 0 0.125
vt 0 0.15625
vt 0 0.1875
vt 0 0.21875
vt 0 0.25
vt 0 0.28125
vt 0 0.3125
vt 0 0.34375
vt 0 0.375
vt 0 0.40625
vt 0 0.4375
vt 0 0.46875
vt 0 0.5
vt 0 0.53125
vt 0 0.5625
vt 0 0.59375
vt 0 0.625
vt 0 0.65625
vt 0 0.6875
vt 0 0.71875
vt 0 0.75
vt 0 0.78125
vt 0 0.8125
vt 0 0.84375
vt 0 0.875
vt 0 0.90625
vt 0 0.9375
vt 0 0.96875
vt 0 1
vt 0.0078125 0
vt 0.0078125 0.03125
vt 0.0078125 0.0625
vt 0.0078125 0.09375
vt 0.0078125 0.125
vt 0.0078125 0.15625
vt 0.0078125 0.1875
vt 0.0078125 0.21875
vt 0.0078125 0.25
vt 0.0078125 0.28125
vt 0.0078125 0.3125
vt 0.0078125 0.34375
vt 0.0078125 0.375
vt 0.0078125 0.40625
vt 0.0078125 0.4375
vt 0.0078125 0.46875
vt 0.0078125 0.5
vt 0.0078125 0.53125
vt 0.0078125 0.5625
vt 0.0078125 0.59375
vt 0.0078125 0.625
vt 0.0078125 0.65625
vt 0.0078125 0.6875
vt 0.0078125 0.71875
vt 0.0078125 0.75
vt 0.0078125 0.78125
vt 0.0078125 0.8125
vt 0.0078125 0.84375
vt 0.0078125 0.875
vt 0.0078125 0.90625
vt 0.0078125 0.9375
vt 0.0078125 0.96875
vt 0.0078125 1
vt 0.015625 0
vt 0.015625 0.03125
vt 0.015625 0.0625
vt 0.015625 0.09375
vt 0.015625 0.125
vt 0.015625 0.15625
vt 0.015625 0.1875
vt 0.015625 0.21875
vt 0.015625 0.25
vt 0.015625 0.28125
vt 0.015625 0.3125
vt 0.015625 0.34375
vt 0.015625 0.375
vt 0.015625 0.40625
vt 0.015625 0.4375
vt 0.015625 0.46875
vt 0.015625 0.5
vt 0.015625 0.53125
vt 0.015625 0.5625
vt 0.015625 0.59375
vt 0.015625 0.625
vt 0.015625 0.65625
vt 0.015625 0.6875
vt 0.015625 0.71875
vt 0.015625 0.75
vt 0.015625 0.78125
vt 0.015625 0.8125
vt 0.015625 0.84375
vt 0.015625 0.875
vt 0.015625 0.90625
vt 0.015625 0.9375
vt 0.015625 0.96875
vt 0.015625 1
vt 0.0234375 0
vt 0.0234375 0.03125
vt 0.0234375 0.0625
vt 0.0234375 0.09375
vt 0.0234375 0.125
vt 0.0234375 0.15625
vt 0.0234375 0.1875
vt 0.0234375 0.21875
vt 0.0234375 0.25
vt 0.0234375 0.28125
vt 0.0234375 0.3125
vt 0.0234375 0.34375
vt 0.0234375 0.375
vt 0.0234375 0.40625
vt 0.0234375 0.4375
vt 0.0234375 0.46875
vt 0.0234375 0.5
vt 0.0234375 0.53125
vt 0.0234375 0.5625
vt 0.0234375 0.59375
vt 0.0234375 0.625
vt 0.0234375 0.65625
vt 0.0234375 0.6875
vt 0.0234375 0.71875
vt 0.0234375 0.75
vt 0.0234375 0.78125
vt 0.0234375 0.8125
vt 0.0234375 0.84375
vt 0.0234375 0.875
vt 0.0234375 0.90625
vt 0.0234375 0.9375
vt 0.0234375 0.96875
vt 0.0234375 1
vt 0.03125 0
vt 0.03125 0.03125
vt 0.03125 0.0625
vt 0.03125 0.09375
vt 0.03125 0.125
vt 0.03125 0.15625
vt 0.03125 0.1875
vt 0.03125 0.21875
vt 0.03125 0.25
vt 0.03125 0.28125
vt 0.03125 0.3125
vt 0.03125 0.34375
vt 0.03125 0.375
vt 0.03125 0.40625
vt 0.03125 0.4375
vt 0.03125 0.46875
vt 0.03125 0.5
vt 0.03125 0.53125
vt 0.03125 0.5625
vt 0.03125 0.59375
vt 0.03125 0.625
vt 0.03125 0.65625
vt 0.03125 0.6875
vt 0.03125 0.71875
vt 0.03125 0.75
vt 0.03125 0.78125
vt 0.03125 0.8125
vt 0.03125 0.84375
vt 0.03125 0.875
vt 0.03125 0.90625
vt 0.03125 0.9375
vt 0.03125 0.96875
vt 0.03125 1
vt 0.0390625 0
vt 0.0390625 0.03125
vt 0.0390625 0.0625
vt 0.0390625 0.09375
vt 0.0390625 0.125
vt 0.0390625 0.15625
vt 0.0390625 0.1875
vt 0.0390625 0.21875
vt 0.0390625 0.25
vt 0.0390625 0.28125
vt 0.0390625 0.3125
vt 0.0390625 0.34375
vt 0.0390625 0.375
vt 0.0390625 0.40625
vt 0.0390625 0.4375
vt 0.0390625 0.46875
vt 0.0390625 0.5
vt 0.0390625 0.53125
vt 0.0390625 0.5625
vt 0.0390625 0.59375
vt 0.0390625 0.625
vt 0.0390625 0.65625
vt 0.0390625 0.6875
vt 0.0390625 0.71875
vt 0.0390625 0.75
vt 0.0390625 0.78125
vt 0.0390625 0.8125
vt 0.0390625 0.84375
vt 0.0390625 0.875
vt 0.0390625 0.90625
vt 0.0390625 0.9375
vt 0.0390625 0.96875
vt 0.0390625 1
vt 0.046875 0
vt 0.046875 0.03125
vt 0.046875 0.0625
vt 0.046875 0.09375
vt 0.046875 0.125
vt 0.046875 0.15625
vt 0.046875 0.1875
vt 0.046875 0.21875
vt 0.046875 0.25
vt 0.046875 0.28125
vt 0.046875 0.3125
vt 0.046875 0.34375
vt 0.046875 0.375
vt 0.046875 0.40625
vt 0.046875 0.4375
vt 0.046875 0.46875
vt 0.046875 0.5
vt 0.046875 0.53125
vt 0.046875 0.5625
vt 0.046875 0.59375
vt 0.046875 0.625
vt 0.046875 0.65625
vt 0.046875 0.6875
vt 0.046875 0.71875
vt 0.046875 0.75
vt 0.046875 0.78125
vt 0.046875 0.8125
vt 0.046875 0.84375
vt 0.046875 0.875
vt 0.046875 0.90625
vt 0.046875 0.9375
vt 0.046875 0.96875
vt 0.046875 1
vt 0.0546875 0
vt 0.0546875 0.03125
vt 0.0546875 0.0625
vt 0.0546875 0.09375
vt 0.0546875 0.125
vt 0.0546875 0.15625
vt 0.0546875 0.1875
vt 0.0546875 0.21875
vt 0.0546875 0.25
vt 0.0546875 0.28125
vt 0.0546875 0.3125
vt 0.0546875 0.34375
vt 0.0546875 0.375
vt 0.0546875 0.40625
vt 0.0546875 0.4375
vt 0.0546875 0.46875
vt 0.0546875 0.5
vt 0.0546875 0.53125
vt 0.0546875 0.5625
vt 0.0546875 0.59375
vt 0.0546875 0.625
vt 0.0546875 0.65625
vt 0.0546875 0.6875
vt 0.0546875 0.71875
vt 0.0546875 0.75
vt 0.0546875 0.78125
vt 0.0546875 0.8125
vt 0.0546875 0.84375
vt 0.0546875 0.875
vt 0.0546875 0.90625
vt 0.0546875 0.9375
vt 0.0546875 0.96875
vt 0.0546875 1
vt 0.0625 0
vt 0.0625 0.03125
vt 0.0625 0.0625
vt 0.0625 0.09375
vt 0.0625 0.125
vt 0.0625 0.15625
vt 0.0625 0.1875
vt 0.0625 0.21875
vt 0.0625 0.25
vt 0.0625 0.28125
vt 0.0625 0.3125
vt 0.0625 0.34375
vt 0.0625 0.375
vt 0.0625 0.40625
vt 0.0625 0.4375
vt 0.0625 0.46875
vt 0.0625 0.5
vt 0.0625 0.53125
vt 0.0625 0.5625
vt 0.0625 0.59375
vt 0.0625 0.625
vt 0.0625 0.65625
vt 0.0625 0.6875
vt 0.0625 0.71875
vt 0.0625 0.75
vt 0.0625 0.78125
vt 0.0625 0.8125
vt 0.0625 0.84375
vt 0.0625 0.875
vt 0.0625 0.90625
vt 0.0625 0.9375
vt 0.0625 0.96875
vt 0.0625 1
vt 0.0703125 0
vt 0.0703125 0.03125
vt 0.0703125 0.0625
vt 0.0703125 0.09375
vt 0.0703125 0.125
vt 0.0703125 0.15625
vt 0.0703125 0.1875
vt 0.0703125 0.21875
vt 0.0703125 0.25
vt 0.0703125 0.28125
vt 0.0703125 0.3125
vt 0.0703125 0.34375
vt 0.0703125 0.375
vt 0.0703125 0.40625
vt 0.0703125 0.4375
vt 0.0703125 0.46875
vt 0.0703125 0.5
vt 0.0703125 0.53125
vt 0.0703125 0.5625
vt 0.0703125 0.59375
vt 0.0703125 0.625
vt 0.0703125 0.65625
vt 0.0703125 0.6875
vt 0.0703125 0.71875
vt 0.0703125 0.75
vt 0.0703125 0.78125
vt 0.0703125 0.8125
vt 0.0703125 0.84375
vt 0.0703125 0.875
vt 0.0703125 0.90625
vt 0.0703125 0.9375
vt 0.0703125 0.96875
vt 0.0703125 1
vt 0.078125 0
vt 0.078125 0.03125
vt 0.078125 0.0625
vt 0.078125 0.09375
vt 0.078125 0.125
vt 0.078125 0.15625
vt 0.078125 0.1875
vt 0.078125 0.21875
vt 0.078125 0.25
vt 0.078125 0.28125
vt 0.078125 0.3125
vt 0.078125 0.34375
vt 0.078125 0.375
vt 0.078125 0.40625
vt 0.078125 0.4375
vt 0.078125 0.46875
vt 0.078125 0.5
vt 0.078125 0.53125
vt 0.078125 0.5625
vt 0.078125 0.59375
vt 0.078125 0.625
vt 0.078125 0.65625
vt 0.078125 0.6875
vt 0.078125 0.71875
vt 0.078125 0.75
vt 0.078125 0.78125
vt 0.078125 0.8125
vt 0.078125 0.84375
vt 0.078125 0.875
vt 0.078125 0.90625
vt 0.078125 0.9375
vt 0.078125 0.96875
vt 0.078125 1
vt 0.0859375 0
vt 0.0859375 0.03125
vt 0.0859375 0.0625
vt 0.0859375 0.09375
vt 0.0859375 0.125
vt 0.0859375 0.15625
vt 0.0859375 0.1875
vt 0.0859375 0.21875
vt 0.0859375 0.25
vt 0.0859375 0.28125
vt 0.0859375 0.3125
vt 0.0859375 0.34375
vt 0.0859375 0.375
vt 0.0859375 0.40625
vt 0.0859375 0.4375
vt 0.0859375 0.46875
vt 0.0859375 0.5
vt 0.0859375 0.53125
vt 0.0859375 0.5625
vt 0.0859375 0.59375
vt 0.0859375 0.625
vt 0.0859375 0.65625
vt 0.0859375 0.6875
vt 0.0859375 0.71875
vt 0.0859375 0.75
vt 0.0859375 0.78125
vt 0.0859375 0.8125
vt 0.0859375 0.84375
vt 0.0859375 0.875
vt 0.0859375 0.90625
vt 0.0859375 0.9375
vt 0.0859375 0.96875
vt 0.0859375 1
vt 0.09375 0
vt 0.09375 0.03125
vt 0.09375 0.0625
vt 0.09375 0.09375
vt 0.09375 0.125
vt 0.09375 0.15625
vt 0.09375 0.1875
vt 0.09375 0.21875
vt 0.09375 0.25
vt 0.09375 0.28125
vt 0.09375 0.3125
vt 0.09375 0.34375
vt 0.09375 0.375
vt 0.09375 0.40625
vt 0.09375 0.4375
vt 0.09375 0.46875
vt 0.09375 0.5
vt 0.09375 0.53125
vt 0.09375 0.5625
vt 0.09375 0.59375
vt 0.09375 0.625
vt 0.09375 0.65625
vt 0.09375 0.6875
vt 0.09375 0.71875
vt 0.09375 0.75
vt 0.09375 0.78125
vt 0.09375 0.8125
vt 0.09375 0.84375
vt 0.09375 0.875
vt 0.09375 0.90625
vt 0.09375 0.9375
vt 0.09375 0.96875
vt 0.09375 1
vt 0.1015625 0
vt 0.1015625 0.03125
vt 0.1015625 0.0625
vt 0.1015625 0.09375
vt 0.1015625 0.125
vt 0.1015625 0.15625
vt 0.1015625 0.1875
vt 0.1015625 0.21875
vt 0.1015625 0.25
vt 0.1015625 0.28125
vt 0.1015625 0.3125
vt 0.1015625 0.34375
vt 0.1015625 0.375
vt 0.1015625 0.40625
vt 0.1015625 0.4375
vt 0.1015625 0.46875
vt 0.1015625 0.5
vt 0.1015625 0.53125
vt 0.1015625 0.5625
vt 0.1015625 0.59375
vt 0.1015625 0.625
vt 0.1015625 0.65625
vt 0.1015625 0.6875
vt 0.1015625 0.71875
vt 0.1015625 0.75
vt 0.1015625 0.78125
vt 0.1015625 0.8125
vt 0.1015625 0.84375
vt 0.1015625 0.875
vt 0.1015625 0.90625
vt 0.1015625 0.9375
vt 0.1015625 0.96875
vt 0.1015625 1
vt 0.109375 0
vt 0.109375 0.03125
vt 0.109375 0.0625
vt 0.109375 0.09375
vt 0.109375 0.125
vt 0.109375 0.15625
vt 0.109375 0.1875
vt 0.109375 0.21875
vt 0.109375 0.25
vt 0.109375 0.28125
vt 0.109375 0.3125
vt 0.109375 0.34375
vt 0.109375 0.375
vt 0.109375 0.40625
vt 0.109375 0.4375
vt 0.109375 0.46875
vt 0.109375 0.5
vt 0.109375 0.53125
vt 0.109375 0.5625
vt 0.109375 0.59375
vt 0.109375 0.625
vt 0.109375 0.65625
vt 0.109375 0.6875
vt 0.109375 0.71875
vt 0.109375 0.75
vt 0.109375 0.78125
vt 0.109375 0.8125
vt 0.109375 0.84375
vt 0.109375 0.875
vt 0.109375 0.90625
vt 0.109375 0.9375
vt 0.109375 0.96875
vt 0.109375 1
vt 0.1171875 0
vt 0.1171875 0.03125
vt 0.1171875 0.0625
vt 0.1171875 0.09375
vt 0.1171875 0.125
vt 0.1171875 0.15625
vt 0.1171875 0.1875
vt 0.1171875 0.21875
vt 0.1171875 0.25
vt 0.1171875 0.28125
vt 0.1171875 0.3125
vt 0.1171875 0.34375
vt 0.1171875 0.375
vt 0.1171875 0.40625
vt 0.1171875 0.4375
vt 0.1171875 0.46875
vt 0.1171875 0.5
vt 0.1171875 0.53125
vt 0.1171875 0.5625
vt 0.1171875 0.59375
vt 0.1171875 0.625
vt 0.1171875 0.65625
vt 0.1171875 0.6875
vt 0.1171875 0.71875
vt 0.1171875 0.75
vt 0.1171875 0.78125
vt 0.1171875 0.8125
vt 0.1171875 0.84375
vt 0.1171875 0.875
vt 0.1171875 0.90625
vt 0.1171875 0.9375
vt 0.1171875 0.96875
vt 0.1171875 1
vt 0.125 0
vt 0.125 0.03125
vt 0.125 0.0625
vt 0.125 0.09375
vt 0.125 0.125
vt 0.125 0.15625
vt 0.125 0.1875
vt 0.125 0.21875
vt 0.125 0.25
vt 0.125 0.28125
vt 0.125 0.3125
vt 0.125 0.34375
vt 0.125 0.375
vt 0.125 0.40625
vt 0.125 0.4375
vt 0.125 0.46875
vt 0.125 0.5
vt 0.125 0.53125
vt 0.125 0.5625
vt 0.125 0.59375
vt 0.125 0.625
vt 0.125 0.65625
vt 0.125 0.6875
vt 0.125 0.71875
vt 0.125 0.75
vt 0.125 0.78125
vt 0.125 0.8125
vt 0.125 0.84375
vt 0.125 0.875
vt 0.125 0.90625
vt 0.125 0.9375
vt 0.125 0.96875
vt 0.125 1
vt 0.1328125 0
vt 0.1328125 0.03125
vt 0.1328125 0.0625
vt 0.1328125 0.09375
vt 0.1328125 0.125
vt 0.1328125 0.15625
vt 0.1328125 0.1875
vt 0.1328125 0.21875
vt 0.1328125 0.25
vt 0.1328125 0.28125
vt 0.1328125 0.3125
vt 0.1328125 0.34375
vt 0.1328125 0.375
vt 0.1328125 0.40625
vt 0.1328125 0.4375
vt 0.1328125 0.46875
vt 0.1328125 0.5
vt 0.1328125 0.53125
vt 0.1328125 0.5625
vt 0.1328125 0.59375
vt 0.1328125 0.625
vt 0.1328125 0.65625
vt 0.1328125 0.6875
vt 0.1328125 0.71875
vt 0.1328125 0.75
vt 0.1328125 0.78125
vt 0.1328125 0.8125
vt 0.1328125 0.84375
vt 0.1328125 0.875
vt 0.1328125 0.90625
vt 0.1328125 0.9375
vt 0.1328125 0.96875
vt 0.1328125 1
vt 0.140625 0
vt 0.140625 0.03125
vt 0.140625 0.0625
vt 0.140625 0.09375
vt 0.140625 0.125
vt 0.140625 0.15625
vt 0.140625 0.1875
vt 0.140625 0.21875
vt 0.140625 0.25
vt 0.140625 0.28125
vt 0.140625 0.3125
vt 0.140625 0.34375
vt 0.140625 0.375
vt 0.140625 0.40625
vt 0.140625 0.4375
vt 0.140625 0.46875
vt 0.140625 0.5
vt 0.140625 0.53125
vt 0.140625 0.5625
vt 0.140625 0.59375
vt 0.140625 0.625
vt 0.140625 0.65625
vt 0.140625 0.6875
vt 0.140625 0.71875
vt 0.140625 0.75
vt 0.140625 0.78125
vt 0.140625 0.8125
vt 0.140625 0.84375
vt 0.140625 0.875
vt 0.140625 0.90625
vt 0.140625 0.9375
vt 0.140625 0.96875
vt 0.140625 1
vt 0.1484375 0
vt 0.1484375 0.03125
vt 0.1484375 0.0625
vt 0.1484375 0.09375
vt 0.1484375 0.125
vt 0.1484375 0.15625
vt 0.1484375 0.1875
vt 0.1484375 0.21875
vt 0.1484375 0.25
vt 0.1484375 0.28125
vt 0.1484375 0.3125
vt 0.1484375 0.34375
vt 0.1484375 0.375
vt 0.1484375 0.40625
vt 0.1484375 0.4375
vt 0.1484375 0.46875
vt 0.1484375 0.5
vt 0.1484375 0.53125
vt 0.1484375 0.5625
vt 0.1484375 0.59375
vt 0.1484375 0.625
vt 0.1484375 0.65625
vt 0.1484375 0.6875
vt 0.1484375 0.71875
vt 0.1484375 0.75
vt 0.1484375 0.78125
vt 0.1484375 0.8125
vt 0.1484375 0.84375
vt 0.1484375 0.875
vt 0.1484375 0.90625
vt 0.1484375 0.9375
vt 0.1484375 0.96875
vt 0.1484375 1
vt 0.15625 0
vt 0.15625 0.03125
vt 0.15625 0.0625
vt 0.15625 0.09375
vt 0.15625 0.125
vt 0.15625 0.15625
vt 0.15625 0.1875
vt 0.15625 0.21875
vt 0.15625 0.25
vt 0.15625 0.28125
vt 0.15625 0.3125
vt 0.15625 0.34375
vt 0.15625 0.375
vt 0.15625 0.40625
vt 0.15625 0.4375
vt 0.15625 0.46875
vt 0.15625 0.5
vt 0.15625 0.53125
vt 0.15625 0.5625
vt 0.15625 0.59375
vt 0.15625 0.625
vt 0.15625 0.65625
vt 0.15625 0.6875
vt 0.15625 0.71875
vt 0.15625 0.75
vt 0.15625 0.78125
vt 0.15625 0.8125
vt 0.15625 0.84375
vt 0.15625 0.875
vt 0.15625 0.90625
vt 0.15625 0.9375
vt 0.15625 0.96875
vt 0.15625 1
vt 0.1640625 0
vt 0.1640625 0.03125
vt 0.1640625 0.0625
vt 0.1640625 0.09375
vt 0.1640625 0.125
vt 0.1640625 0.15625
vt 0.1640625 0.1875
vt 0.1640625 0.21875
vt 0.1640625 0.25
vt 0.1640625 0.28125
vt 0.1640625 0.3125
vt 0.1640625 0.34375
vt 0.1640625 0.375
vt 0.1640625 0.40625
vt 0.1640625 0.4375
vt 0.1640625 0.46875
vt 0.1640625 0.5
vt 0.1640625 0.53125
vt 0.1640625 0.5625
vt 0.1640625 0.59375
vt 0.1640625 0.625
vt 0.1640625 0.65625
vt 0.1640625 0.6875
vt 0.1640625 0.71875
vt 0.1640625 0.75
vt 0.1640625 0.78125
vt 0.1640625 0.8125
vt 0.1640625 0.84375
vt 0.1640625 0.875
vt 0.1640625 0.90625
vt 0.1640625 0.9375
vt 0.1640625 0.96875
vt 0.1640625 1
vt 0.171875 0
vt 0.171875 0.03125
vt 0.171875 0.0625
vt 0.171875 0.09375
vt 0.171875 0.125
vt 0.171875 0.15625
vt 0.171875 0.1875
vt 0.171875 0.21875
vt 0.171875 0.25
vt 0.171875 0.28125
vt 0.171875 0.3125
vt 0.171875 0.34375
vt 0.171875 0.375
vt 0.171875 0.40625
vt 0.171875 0.4375
vt 0.171875 0.46875
vt 0.171875 0.5
vt 0.171875 0.53125
vt 0.171875 0.5625
vt 0.171875 0.59375
vt 0.171875 0.625
vt 0.171875 0.65625
vt 0.171875 0.6875
vt 0.171875 0.71875
vt 0.171875 0.75
vt 0.171875 0.78125
vt 0.171875 0.8125
vt 0.171875 0.84375
vt 0.171875 0.875
vt 0.171875 0.90625
vt 0.171875 0.9375
vt 0.171875 0.96875
vt 0.171875 1
vt 0.1796875 0
vt 0.1796875 0.03125
vt 0.1796875 0.0625
vt 0.1796875 0.09375
vt 0.1796875 0.125
vt 0.1796875 0.15625
vt 0.1796875 0.1875
vt 0.1796875 0.21875
vt 0.1796875 0.25
vt 0.1796875 0.28125
vt 0.1796875 0.3125
vt 0.1796875 0.34375
vt 0.1796875 0.375
vt 0.1796875 0.40625
vt 0.1796875 0.4375
vt 0.1796875 0.46875
vt 0.1796875 0.5
vt 0.1796875 0.53125
vt 0.1796875 0.5625
vt 0.1796875 0.59375
vt 0.1796875 0.625
vt 0.1796875 0.65625
vt 0.1796875 0.6875
vt 0.1796875 0.71875
vt 0.1796875 0.75
vt 0.1796875 0.78125
vt 0.1796875 0.8125
vt 0.1796875 0.84375
vt 0.1796875 0.875
vt 0.1796875 0.90625
vt 0.1796875 0.9375
vt 0.1796875 0.96875
vt 0.1796875 1
vt 0.1875 0
vt 0.1875 0.03125
vt 0.1875 0.0625
vt 0.1875 0.09375
vt 0.1875 0.125
vt 0.1875 0.15625
vt 0.1875 0.1875
vt 0.1875 0.21875
vt 0.1875 0.25
vt 0.1875 0.28125
vt 0.1875 0.3125
vt 0.1875 0.34375
vt 0.1875 0.375
vt 0.1875 0.40625
vt 0.1875 0.4375
vt 0.1875 0.46875
vt 0.1875 0.5
vt 0.1875 0.53125
vt 0.1875 0.5625
vt 0.1875 0.59375
vt 0.1875 0.625
vt 0.1875 0.65625
vt 0.1875 0.6875
vt 0.1875 0.71875
vt 0.1875 0.75
vt 0.1875 0.78125
vt 0.1875 0.8125
vt 0.1875 0.84375
vt 0.1875 0.875
vt 0.1875 0.90625
vt 0.1875 0.9375
vt 0.1875 0.96875
vt 0.1875 1
vt 0.1953125 0
vt 0.1953125 0.03125
vt 0.1953125 0.0625
vt 0.1953125 0.09375
vt 0.1953125 0.125
vt 0.1953125 0.15625
vt 0.1953125 0.1875
vt 0.1953125 0.21875
vt 0.1953125 0.25
vt 0.1953125 0.28125
vt 0.1953125 0.3125
vt 0.1953125 0.34375
vt 0.1953125 0.375
vt 0.1953125 0.40625
vt 0.1953125 0.4375
vt 0.1953125 0.46875
vt 0.1953125 0.5
vt 0.1953125 0.53125
vt 0.1953125 0.5625
vt 0.1953125 0.59375
vt 0.1953125 0.625
vt 0.1953125 0.65625
vt 0.1953125 0.6875
vt 0.1953125 0.71875
vt 0.1953125 0.75
vt 0.1953125 0.78125
vt 0.1953125 0.8125
vt 0.1953125 0.84375
vt 0.1953125 0.875
vt 0.1953125 0.90625
vt 0.1953125 0.9375
vt 0.1953125 0.96875
vt 0.1953125 1
vt 0.203125 0
vt 0.203125 0.03125
vt 0.203125 0.0625
vt 0.203125 0.09375
vt 0.203125 0.125
vt 0.203125 0.15625
vt 0.203125 0.1875
vt 0.203125 0.21875
vt 0.203125 0.25
vt 0.203125 0.28125
vt 0.203125 0.3125
vt 0.203125 0.34375
vt 0.203125 0.375
vt 0.203125 0.40625
vt 0.203125 0.4375
vt 0.203125 0.46875
vt 0.203125 0.5
vt 0.203125 0.53125
vt 0.203125 0.5625
vt 0.203125 0.59375
vt 0.203125 0.625
vt 0.203125 0.65625
vt 0.203125 0.6875
vt 0.203125 0.71875
vt 0.203125 0.75
vt 0.203125 0.78125
vt 0.203125 0.8125
vt 0.203125 0.84375
vt 0.203125 0.875
vt 0.203125 0.90625
vt 0.203125 0.9375
vt 0.203125 0.96875
vt 0.203125 1
vt 0.2109375 0
vt 0.2109375 0.03125
vt 0.2109375 0.0625
vt 0.2109375 0.09375
vt 0.2109375 0.125
vt 0.2109375 0.15625
vt 0.2109375 0.1875
vt 0.2109375 0.21875
vt 0.2109375 0.25
vt 0.2109375 0.28125
vt 0.2109375 0.3125
vt 0.2109375 0.34375
vt 0.2109375 0.375
vt 0.2109375 0.40625
vt 0.2109375 0.4375
vt 0.2109375 0.46875
vt 0.2109375 0.5
vt 0.2109375 0.53125
vt 0.2109375 0.5625
vt 0.2109375 0.59375
vt 0.2109375 0.625
vt 0.2109375 0.65625
vt 0.2109375 0.6875
vt 0.2109375 0.71875
vt 0.2109375 0.75
vt 0.2109375 0.78125
vt 0.2109375 0.8125
vt 0.2109375 0.84375
vt 0.2109375 0.875
vt 0.2109375 0.90625
vt 0.2109375 0.9375
vt 0.2109375 0.96875
vt 0.2109375 1
vt 0.21875 0
vt 0.21875 0.03125
vt 0.21875 0.0625
vt 0.21875 0.09375
vt 0.21875 0.125
vt 0.21875 0.15625
vt 0.21875 0.1875
vt 0.21875 0.21875
vt 0.21875 0.25
vt 0.21875 0.28125
vt 0.21875 0.3125
vt 0.21875 0.34375
vt 0.21875 0.375
vt 0.21875 0.40625
vt 0.21875 0.4375
vt 0.21875 0.46875
vt 0.21875 0.5
vt 0.21875 0.53125
vt 0.21875 0.5625
vt 0.21875 0.59375
vt 0.21875 0.625
vt 0.21875 0.65625
vt 0.21875 0.6875
vt 0.21875 0.71875
vt 0.21875 0.75
vt 0.21875 0.78125
vt 0.21875 0.8125
vt 0.21875 0.84375
vt 0.21875 0.875
vt 0.21875 0.90625
vt 0.21875 0.9375
vt 0.21875 0.96875
vt 0.21875 1
vt 0.2265625 0
vt 0.2265625 0.03125
vt 0.2265625 0.0625
vt 0.2265625 0.09375
vt 0.2265625 0.125
vt 0.2265625 0.15625
vt 0.2265625 0.1875
vt 0.2265625 0.21875
vt 0.2265625 0.25
vt 0.2265625 0.28125
vt 0.2265625 0.3125
vt 0.2265625 0.34375
vt 0.2265625 0.375
vt 0.2265625 0.40625
vt 0.2265625 0.4375
vt 0.2265625 0.46875
vt 0.2265625 0.5
vt 0.2265625 0.53125
vt 0.2265625 0.5625
vt 0.2265625 0.59375
vt 0.2265625 0.625
vt 0.2265625 0.65625
vt 0.2265625 0.6875
vt 0.2265625 0.71875
vt 0.2265625 0.75
vt 0.2265625 0.78125
vt 0.2265625 0.8125
vt 0.2265625 0.84375
vt 0.2265625 0.875
vt 0.2265625 0.90625
vt 0.2265625 0.9375
vt 0.2265625 0.96875
vt 0.2265625 1
vt 0.234375 0
vt 0.234375 0.03125
vt 0.234375 0.0625
vt 0.234375 0.09375
vt 0.234375 0.125
vt 0.234375 0.15625
vt 0.234375 0.1875
vt 0.234375 0.21875
vt 0.234375 0.25
vt 0.234375 0.28125
vt 0.234375 0.3125
vt 0.234375 0.34375
vt 0.234375 0.375
vt 0.234375 0.40625
vt 0.234375 0.4375
vt 0.234375 0.46875
vt 0.234375 0.5
vt 0.234375 0.53125
vt 0.234375 0.5625
vt 0.234375 0.59375
vt 0.234375 0.625
vt 0.234375 0.65625
vt 0.234375 0.6875
vt 0.234375 0.71875
vt 0.234375 0.75
vt 0.234375 0.78125
vt 0.234375 0.8125
vt 0.234375 0.84375
vt 0.234375 0.875
vt 0.234375 0.90625
vt 0.234375 0.9375
vt 0.234375 0.96875
vt 0.234375 1
vt 0.2421875 0
vt 0.2421875 0.03125
vt 0.2421875 0.0625
vt 0.2421875 0.09375
vt 0.2421875 0.125
vt 0.2421875 0.15625
vt 0.2421875 0.1875
vt 0.2421875 0.21875
vt 0.2421875 0.25
vt 0.2421875 0.28125
vt 0.2421875 0.3125
vt 0.2421875 0.34375
vt 0.2421875 0.375
vt 0.2421875 0.40625
vt 0.2421875 0.4375
vt 0.2421875 0.46875
vt 0.2421875 0.5
vt 0.2421875 0.53125
vt 0.2421875 0.5625
vt 0.2421875 0.59375
vt 0.2421875 0.625
vt 0.2421875 0.65625
vt 0.2421875 0.6875
vt 0.2421875 0.71875
vt 0.2421875 0.75
vt 0.2421875 0.78125
vt 0.2421875 0.8125
vt 0.2421875 0.84375
vt 0.2421875 0.875
vt 0.2421875 0.90625
vt 0.2421875 0.9375
vt 0.2421875 0.96875
vt 0.2421875 1
vt 0.25 0
vt 0.25 0.03125
vt 0.25 0.0625
vt 0.25 0.09375
vt 0.25 0.125
vt 0.25 0.15625
vt 0.25 0.1875
vt 0.25 0.21875
vt 0.25 0.25
vt 0.25 0.28125
vt 0.25 0.3125
vt 0.25 0.34375
vt 0.25 0.375
vt 0.25 0.40625
vt 0.25 0.4375
vt 0.25 0.46875
vt 0.25 0.5
vt 0.25 0.53125
vt 0.25 0.5625
vt 0.25 0.59375
vt 0.25 0.625
vt 0.25 0.65625
vt 0.25 0.6875
vt 0.25 0.71875
vt 0.25 0.75
vt 0.25 0.78125
vt 0.25 0.8125
vt 0.25 0.84375
vt 0.25 0.875
vt 0.25 0.90625
vt 0.25 0.9375
vt 0.25 0.96875
vt 0.25 1
vt 0.2578125 0
vt 0.2578125 0.03125
vt 0.2578125 0.0625
vt 0.2578125 0.09375
vt 0.2578125 0.125
vt 0.2578125 0.15625
vt 0.2578125 0.1875
vt 0.2578125 0.21875
vt 0.2578125 0.25
vt 0.2578125 0.28125
vt 0.2578125 0.3125
vt 0.2578125 0.34375
vt 0.2578125 0.375
vt 0.2578125 0.40625
vt 0.2578125 0.4375
vt 0.2578125 0.46875
vt 0.2578125 0.5
vt 0.2578125 0.53125
vt 0.2578125 0.5625
vt 0.2578125 0.59375
vt 0.2578125 0.625
vt 0.2578125 0.65625
vt 0.2578125 0.6875
vt 0.2578125 0.71875
vt 0.2578125 0.75
vt 0.2578125 0.78125
vt 0.2578125 0.8125
vt 0.2578125 0.84375
vt 0.2578125 0.875
vt 0.2578125 0.90625
vt 0.2578125 0.9375
vt 0.2578125 0.96875
vt 0.2578125 1
vt 0.265625 0
vt 0.265625 0.03125
vt 0.265625 0.0625
vt 0.265625 0.09375
vt 0.265625 0.125
vt 0.265625 0.15625
vt 0.265625 0.1875
vt 0.265625 0.21875
vt 0.265625 0.25
vt 0.265625 0.28125
vt 0.265625 0.3125
vt 0.265625 0.34375
vt 0.265625 0.375
vt 0.265625 0.40625
vt 0.265625 0.4375
vt 0.265625 0.46875
vt 0.265625 0.5
vt 0.265625 0.53125
vt 0.265625 0.5625
vt 0.265625 0.59375
vt 0.265625 0.625
vt 0.265625 0.65625
vt 0.265625 0.6875
vt 0.265625 0.71875
vt 0.265625 0.75
vt 0.265625 0.78125
vt 0.265625 0.8125
vt 0.265625 0.84375
vt 0.265625 0.875
vt 0.265625 0.90625
vt 0.265625 0.9375
vt 0.265625 0.96875
vt 0.265625 1
vt 0.2734375 0
vt 0.2734375 0.03125
vt 0.2734375 0.0625
vt 0.2734375 0.09375
vt 0.2734375 0.125
vt 0.2734375 0.15625
vt 0.2734375 0.1875
vt 0.2734375 0.21875
vt 0.2734375 0.25
vt 0.2734375 0.28125
vt 0.2734375 0.3125
vt 0.2734375 0.34375
vt 0.2734375 0.375
vt 0.2734375 0.40625
vt 0.2734375 0.4375
vt 0.2734375 0.46875
vt 0.2734375 0.5
vt 0.2734375 0.53125
vt 0.2734375 0.5625
vt 0.2734375 0.59375
vt 0.2734375 0.625
vt 0.2734375 0.65625
vt 0.2734375 0.6875
vt 0.2734375 0.71875
vt 0.2734375 0.75
vt 0.2734375 0.78125
vt 0.2734375 0.8125
vt 0.2734375 0.84375
vt 0.2734375 0.875
vt 0.2734375 0.90625
vt 0.2734375 0.9375
vt 0.2734375 0.96875
vt 0.2734375 1
vt 0.28125 0
vt 0.28125 0.03125
vt 0.28125 0.0625
vt 0.28125 0.09375
vt 0.28125 0.125
vt 0.28125 0.15625
vt 0.28125 0.1875
vt 0.28125 0.21875
vt 0.28125 0.25
vt 0.28125 0.28125
vt 0.28125 0.3125
vt 0.28125 0.34375
vt 0.28125 0.375
vt 0.28125 0.40625
vt 0.28125 0.4375
vt 0.28125 0.46875
vt 0.28125 0.5
vt 0.28125 0.53125
vt 0.28125 0.5625
vt 0.28125 0.59375
vt 0.28125 0.625
vt 0.28125 0.65625
vt 0.28125 0.6875
vt 0.28125 0.71875
vt 0.28125 0.75
vt 0.28125 0.78125
vt 0.28125 0.8125
vt 0.28125 0.84375
vt 0.28125 0.875
vt 0.28125 0.90625
vt 0.28125 0.9375
vt 0.28125 0.96875
vt 0.28125 1
vt 0.2890625 0
vt 0.2890625 0.03125
vt 0.2890625 0.0625
vt 0.2890625 0.09375
vt 0.2890625 0.125
vt 0.2890625 0.15625
vt 0.2890625 0.1875
vt 0.2890625 0.21875
vt 0.2890625 0.25
vt 0.2890625 0.28125
vt 0.2890625 0.3125
vt 0.2890625 0.34375
vt 0.2890625 0.375
vt 0.2890625 0.40625
vt 0.2890625 0.4375
vt 0.2890625 0.46875
vt 0.2890625 0.5
vt 0.2890625 0.53125
vt 0.2890625 0.5625
vt 0.2890625 0.59375
vt 0.2890625 0.625
vt 0.2890625 0.65625
vt 0.2890625 0.6875
vt 0.2890625 0.71875
vt 0.2890625 0.75
vt 0.2890625 0.78125
vt 0.2890625 0.8125
vt 0.2890625 0.84375
vt 0.2890625 0.875
vt 0.2890625 0.90625
vt 0.2890625 0.9375
vt 0.2890625 0.96875
vt 0.2890625 1
vt 0.296875 0
vt 0.296875 0.03125
vt 0.296875 0.0625
vt 0.296875 0.09375
vt 0.296875 0.125
vt 0.296875 0.15625
vt 0.296875 0.1875
vt 0.296875 0.21875
vt 0.296875 0.25
vt 0.296875 0.28125
vt 0.296875 0.3125
vt 0.296875 0.34375
vt 0.296875 0.375
vt 0.296875 0.40625
vt 0.296875 0.4375
vt 0.296875 0.46875
vt 0.296875 0.5
vt 0.296875 0.53125
vt 0.296875 0.5625
vt 0.296875 0.59375
vt 0.296875 0.625
vt 0.296875 0.65625
vt 0.296875 0.6875
vt 0.296875 0.71875
vt 0.296875 0.75
vt 0.296875 0.78125
vt 0.296875 0.8125
vt 0.296875 0.84375
vt 0.296875 0.875
vt 0.296875 0.90625
vt 0.296875 0.9375
vt 0.296875 0.96875
vt 0.296875 1
vt 0.3046875 0
vt 0.3046875 0.03125
vt 0.3046875 0.0625
vt 0.3046875 0.09375
vt 0.3046875 0.125
vt 0.3046875 0.15625
vt 0.3046875 0.1875
vt 0.3046875 0.21875
vt 0.3046875 0.25
vt 0.3046875 0.28125
vt 0.3046875 0.3125
vt 0.3046875 0.34375
vt 0.3046875 0.375
vt 0.3046875 0.40625
vt 0.3046875 0.4375
vt 0.3046875 0.46875
vt 0.3046875 0.5
vt 0.3046875 0.53125
vt 0.3046875 0.5625
vt 0.3046875 0.59375
vt 0.3046875 0.625
vt 0.3046875 0.65625
vt 0.3046875 0.6875
vt 0.3046875 0.71875
vt 0.3046875 0.75
vt 0.3046875 0.78125
vt 0.3046875 0.8125
vt 0.3046875 0.84375
vt 0.3046875 0.875
vt 0.3046875 0.90625
vt 0.3046875 0.9375
vt 0.3046875 0.96875
vt 0.3046875 1
vt 0.3125 0
vt 0.3125 0.03125
vt 0.3125 0.0625
vt 0.3125 0.09375
vt 0.3125 0.125
vt 0.3125 0.15625
vt 0.3125 0.1875
vt 0.3125 0.21875
vt 0.3125 0.25
vt 0.3125 0.28125
vt 0.3125 0.3125
vt 0.3125 0.34375
vt 0.3125 0.375
vt 0.3125 0.40625
vt 0.3125 0.4375
vt 0.3125 0.46875
vt 0.3125 0.5
vt 0.3125 0.53125
vt 0.3125 0.5625
vt 0.3125 0.59375
vt 0.3125 0.625
vt 0.3125 0.65625
vt 0.3125 0.6875
vt 0.3125 0.71875
vt 0.3125 0.75
vt 0.3125 0.78125
vt 0.3125 0.8125
vt 0.3125 0.84375
vt 0.3125 0.875
vt 0.3125 0.90625
vt 0.3125 0.9375
vt 0.3125 0.96875
vt 0.3125 1
vt 0.3203125 0
vt 0.3203125 0.03125
vt 0.3203125 0.0625
vt 0.3203125 0.09375
vt 0.3203125 0.125
vt 0.3203125 0.15625
vt 0.3203125 0.1875
vt 0.3203125 0.21875
vt 0.3203125 0.25
vt 0.3203125 0.28125
vt 0.3203125 0.3125
vt 0.3203125 0.34375
vt 0.3203125 0.375
vt 0.3203125 0.40625
vt 0.3203125 0.4375
vt 0.3203125 0.46875
vt 0.3203125 0.5
vt 0.3203125 0.53125
vt 0.3203125 0.5625
vt 0.3203125 0.59375
vt 0.3203125 0.625
vt 0.3203125 0.65625
vt 0.3203125 0.6875
vt 0.3203125 0.71875
vt 0.3203125 0.75
vt 0.3203125 0.78125
vt 0.3203125 0.8125
vt 0.3203125 0.84375
vt 0.3203125 0.875
vt 0.3203125 0.90625
vt 0.3203125 0.9375
vt 0.3203125 0.96875
vt 0.3203125 1
vt 0.328125 0
vt 0.328125 0.03125
vt 0.328125 0.0625
vt 0.328125 0.09375
vt 0.328125 0.125
vt 0.328125 0.15625
vt 0.328125 0.1875
vt 0.328125 0.21875
vt 0.328125 0.25
vt 0.328125 0.28125
vt 0.328125 0.3125
vt 0.328125 0.34375
vt 0.328125 0.375
vt 0.328125 0.40625
vt 0.328125 0.4375
vt 0.328125 0.46875
vt 0.328125 0.5
vt 0.328125 0.53125
vt 0.328125 0.5625
vt 0.328125 0.59375
vt 0.328125 0.625
vt 0.328125 0.65625
vt 0.328125 0.6875
vt 0.328125 0.71875
vt 0.328125 0.75
vt 0.328125 0.78125
vt 0.328125 0.8125
vt 0.328125 0.84375
vt 0.328125 0.875
vt 0.328125 0.90625
vt 0.328125 0.9375
vt 0.328125 0.96875
vt 0.328125 1
vt 0.3359375 0
vt 0.3359375 0.03125
vt 0.3359375 0.0625
vt 0.3359375 0.09375
vt 0.3359375 0.125
vt 0.3359375 0.15625
vt 0.3359375 0.1875
vt 0.3359375 0.21875
vt 0.3359375 0.25
vt 0.3359375 0.28125
vt 0.3359375 0.3125
vt 0.3359375 0.34375
vt 0.3359375 0.375
vt 0.3359375 0.40625
vt 0.3359375 0.4375
vt 0.3359375 0.46875
vt 0.3359375 0.5
vt 0.3359375 0.53125
vt 0.3359375 0.5625
vt 0.3359375 0.59375
vt 0.3359375 0.625
vt 0.3359375 0.65625
vt 0.3359375 0.6875
vt 0.3359375 0.71875
vt 0.3359375 0.75
vt 0.3359375 0.78125
vt 0.3359375 0.8125
vt 0.3359375 0.84375
vt 0.3359375 0.875
vt 0.3359375 0.90625
vt 0.3359375 0.9375
vt 0.3359375 0.96875
vt 0.3359375 1
vt 0.34375 0
vt 0.34375 0.03125
vt 0.34375 0.0625
vt 0.34375 0.09375
vt 0.34375 0.125
vt 0.34375 0.15625
vt 0.34375 0.1875
vt 0.34375 0.21875
vt 0.34375 0.25
vt 0.34375 0.28125
vt 0.34375 0.3125
vt 0.34375 0.34375
vt 0.34375 0.375
vt 0.34375 0.40625
vt 0.34375 0.4375
vt 0.34375 0.46875
vt 0.34375 0.5
vt 0.34375 0.53125
vt 0.34375 0.5625
vt 0.34375 0.59375
vt 0.34375 0.625
vt 0.34375 0.65625
vt 0.34375 0.6875
vt 0.34375 0.71875
vt 0.34375 0.75
vt 0.34375 0.78125
vt 0.34375 0.8125
vt 0.34375 0.84375
vt 0.34375 0.875
vt 0.34375 0.90625
vt 0.34375 0.9375
vt 0.34375 0.96875
vt 0.34375 1
vt 0.3515625 0
vt 0.3515625 0.03125
vt 0.3515625 0.0625
vt 0.3515625 0.09375
vt 0.3515625 0.125
vt 0.3515625 0.15625
vt 0.3515625 0.1875
vt 0.3515625 0.21875
vt 0.3515625 0.25
vt 0.3515625 0.28125
vt 0.3515625 0.3125
vt 0.3515625 0.34375
vt 0.3515625 0.375
vt 0.3515625 0.40625
vt 0.3515625 0.4375
vt 0.3515625 0.46875
vt 0.3515625 0.5
vt 0.3515625 0.53125
vt 0.3515625 0.5625
vt 0.3515625 0.59375
vt 0.3515625 0.625
vt 0.3515625 0.65625
vt 0.3515625 0.6875
vt 0.3515625 0.71875
vt 0.3515625 0.75
vt 0.3515625 0.78125
vt 0.3515625 0.8125
vt 0.3515625 0.84375
vt 0.3515625 0.875
vt 0.3515625 0.90625
vt 0.3515625 0.9375
vt 0.3515625 0.96875
vt 0.3515625 1
vt 0.359375 0
vt 0.359375 0.03125
vt 0.359375 0.0625
vt 0.359375 0.09375
vt 0.359375 0.125
vt 0.359375 0.15625
vt 0.359375 0.1875
vt 0.359375 0.21875
vt 0.359375 0.25
vt 0.359375 0.28125
vt 0.359375 0.3125
vt 0.359375 0.34375
vt 0.359375 0.375
vt 0.359375 0.40625
vt 0.359375 0.4375
vt 0.359375 0.46875
vt 0.359375 0.5
vt 0.359375 0.53125
vt 0.359375 0.5625
vt 0.359375 0.59375
vt 0.359375 0.625
vt 0.359375 0.65625
vt 0.359375 0.6875
vt 0.359375 0.71875
vt 0.359375 0.75
vt 0.359375 0.78125
vt 0.359375 0.8125
vt 0.359375 0.84375
vt 0.359375 0.875
vt 0.359375 0.90625
vt 0.359375 0.9375
vt 0.359375 0.96875
vt 0.359375 1
vt 0.3671875 0
vt 0.3671875 0.03125
vt 0.3671875 0.0625
vt 0.3671875 0.09375
vt 0.3671875 0.125
vt 0.3671875 0.15625
vt 0.3671875 0.1875
vt 0.3671875 0.21875
vt 0.3671875 0.25
vt 0.3671875 0.28125
vt 0.3671875 0.3125
vt 0.3671875 0.34375
vt 0.3671875 0.375
vt 0.3671875 0.40625
vt 0.3671875 0.4375
vt 0.3671875 0.46875
vt 0.3671875 0.5
vt 0.3671875 0.53125
vt 0.3671875 0.5625
vt 0.3671875 0.59375
vt 0.3671875 0.625
vt 0.3671875 0.65625
vt 0.3671875 0.6875
vt 0.3671875 0.71875
vt 0.3671875 0.75
vt 0.3671875 0.78125
vt 0.3671875 0.8125
vt 0.3671875 0.84375
vt 0.3671875 0.875
vt 0.3671875 0.90625
vt 0.3671875 0.9375
vt 0.3671875 0.96875
vt 0.3671875 1
vt 0.375 0
vt 0.375 0.03125
vt 0.375 0.0625
vt 0.375 0.09375
vt 0.375 0.125
vt 0.375 0.15625
vt 0.375 0.1875
vt 0.375 0.21875
vt 0.375 0.25
vt 0.375 0.28125
vt 0.375 0.3125
vt 0.375 0.34375
vt 0.375 0.375
vt 0.375 0.40625
vt 0.375 0.4375
vt 0.375 0.46875
vt 0.375 0.5
vt 0.375 0.53125
vt 0.375 0.5625
vt 0.375 0.59375
vt 0.375 0.625
vt 0.375 0.65625
vt 0.375 0.6875
vt 0.375 0.71875
vt 0.375 0.75
vt 0.375 0.78125
vt 0.375 0.8125
vt 0.375 0.84375
vt 0.375 0.875
vt 0.375 0.90625
vt 0.375 0.9375
vt 0.375 0.96875
vt 0.375 1
vt 0.3828125 0
vt 0.3828125 0.03125
vt 0.3828125 0.0625
vt 0.3828125 0.09375
vt 0.3828125 0.125
vt 0.3828125 0.15625
vt 0.3828125 0.1875
vt 0.3828125 0.21875
vt 0.3828125 0.25
vt 0.3828125 0.28125
vt 0.3828125 0.3125
vt 0.3828125 0.34375
vt 0.3828125 0.375
vt 0.3828125 0.40625
vt 0.3828125 0.4375
vt 0.3828125 0.46875
vt 0.3828125 0.5
vt 0.3828125 0.53125
vt 0.3828125 0.5625
vt 0.3828125 0.59375
vt 0.3828125 0.625
vt 0.3828125 0.65625
vt 0.3828125 0.6875
vt 0.3828125 0.71875
vt 0.3828125 0.75
vt 0.3828125 0.78125
vt 0.3828125 0.8125
vt 0.3828125 0.84375
vt 0.3828125 0.875
vt 0.3828125 0.90625
vt 0.3828125 0.9375
vt 0.3828125 0.96875
vt 0.3828125 1
vt 0.390625 0
vt 0.390625 0.03125
vt 0.390625 0.0625
vt 0.390625 0.09375
vt 0.390625 0.125
vt 0.390625 0.15625
vt 0.390625 0.1875
vt 0.390625 0.21875
vt 0.390625 0.25
vt 0.390625 0.28125
vt 0.390625 0.3125
vt 0.390625 0.34375
vt 0.390625 0.375
vt 0.390625 0.40625
vt 0.390625 0.4375
vt 0.390625 0.46875
vt 0.390625 0.5
vt 0.390625 0.53125
vt 0.390625 0.5625
vt 0.390625 0.59375
vt 0.390625 0.625
vt 0.390625 0.65625
vt 0.390625 0.6875
vt 0.390625 0.71875
vt 0.390625 0.75
vt 0.390625 0.78125
vt 0.390625 0.8125
vt 0.390625 0.84375
vt 0.390625 0.875
vt 0.390625 0.90625
vt 0.390625 0.9375
vt 0.390625 0.96875
vt 0.390625 1
vt 0.3984375 0
vt 0.3984375 0.03125
vt 0.3984375 0.0625
vt 0.3984375 0.09375
vt 0.3984375 0.125
vt 0.3984375 0.15625
vt 0.3984375 0.1875
vt 0.3984375 0.21875
vt 0.3984375 0.25
vt 0.3984375 0.28125
vt 0.3984375 0.3125
vt 0.3984375 0.34375
vt 0.3984375 0.375
vt 0.3984375 0.40625
vt 0.3984375 0.4375
vt 0.3984375 0.46875
vt 0.3984375 0.5
vt 0.3984375 0.53125
vt 0.3984375 0.5625
vt 0.3984375 0.59375
vt 0.3984375 0.625
vt 0.3984375 0.65625
vt 0.3984375 0.6875
vt 0.3984375 0.71875
vt 0.3984375 0.75
vt 0.3984375 0.78125
vt 0.3984375 0.8125
vt 0.3984375 0.84375
vt 0.3984375 0.875
vt 0.3984375 0.90625
vt 0.3984375 0.9375
vt 0.3984375 0.96875
vt 0.3984375 1
vt 0.40625 0
vt 0.40625 0.03125
vt 0.40625 0.0625
vt 0.40625 0.09375
vt 0.40625 0.125
vt 0.40625 0.15625
vt 0.40625 0.1875
vt 0.40625 0.21875
vt 0.40625 0.25
vt 0.40625 0.28125
vt 0.40625 0.3125
vt 0.40625 0.34375
vt 0.40625 0.375
vt 0.40625 0.40625
vt 0.40625 0.4375
vt 0.40625 0.46875
vt 0.40625 0.5
vt 0.40625 0.53125
vt 0.40625 0.5625
vt 0.40625 0.59375
vt 0.40625 0.625
vt 0.40625 0.65625
vt 0.40625 0.6875
vt 0.40625 0.71875
vt 0.40625 0.75
vt 0.40625 0.78125
vt 0.40625 0.8125
vt 0.40625 0.84375
vt 0.40625 0.875
vt 0.40625 0.90625
vt 0.40625 0.9375
vt 0.40625 0.96875
vt 0.40625 1
vt 0.4140625 0
vt 0.4140625 0.03125
vt 0.4140625 0.0625
vt 0.4140625 0.09375
vt 0.4140625 0.125
vt 0.4140625 0.15625
vt 0.4140625 0.1875
vt 0.4140625 0.21875
vt 0.4140625 0.25
vt 0.4140625 0.28125
vt 0.4140625 0.3125
vt 0.4140625 0.34375
vt 0.4140625 0.375
vt 0.4140625 0.40625
vt 0.4140625 0.4375
vt 0.4140625 0.46875
vt 0.4140625 0.5
vt 0.4140625 0.53125
vt 0.4140625 0.5625
vt 0.4140625 0.59375
vt 0.4140625 0.625
vt 0.4140625 0.65625
vt 0.4140625 0.6875
vt 0.4140625 0.71875
vt 0.4140625 0.75
vt 0.4140625 0.78125
vt 0.4140625 0.8125
vt 0.4140625 0.84375
vt 0.4140625 0.875
vt 0.4140625 0.90625
vt 0.4140625 0.9375
vt 0.4140625 0.96875
vt 0.4140625 1
vt 0.421875 0
vt 0.421875 0.03125
vt 0.421875 0.0625
vt 0.421875 0.09375
vt 0.421875 0.125
vt 0.421875 0.15625
vt 0.421875 0.1875
vt 0.421875 0.21875
vt 0.421875 0.25
vt 0.421875 0.28125
vt 0.421875 0.3125
vt 0.421875 0.34375
vt 0.421875 0.375
vt 0.421875 0.40625
vt 0.421875 0.4375
vt 0.421875 0.46875
vt 0.421875 0.5
vt 0.421875 0.53125
vt 0.421875 0.5625
vt 0.421875 0.59375
vt 0.421875 0.625
vt 0.421875 0.65625
vt 0.421875 0.6875
vt 0.421875 0.71875
vt 0.421875 0.75
vt 0.421875 0.78125
vt 0.421875 0.8125
vt 0.421875 0.84375
vt 0.421875 0.875
vt 0.421875 0.90625
vt 0.421875 0.9375
vt 0.421875 0.96875
vt 0.421875 1
vt 0.4296875 0
vt 0.4296875 0.03125
vt 0.4296875 0.0625
vt 0.4296875 0.09375
vt 0.4296875 0.125
vt 0.4296875 0.15625
vt 0.4296875 0.1875
vt 0.4296875 0.21875
vt 0.4296875 0.25
vt 0.4296875 0.28125
vt 0.4296875 0.3125
vt 0.4296875 0.34375
vt 0.4296875 0.375
vt 0.4296875 0.40625
vt 0.4296875 0.4375
vt 0.4296875 0.46875
vt 0.4296875 0.5
vt 0.4296875 0.53125
vt 0.4296875 0.5625
vt 0.4296875 0.59375
vt 0.4296875 0.625
vt 0.4296875 0.65625
vt 0.4296875 0.6875
vt 0.4296875 0.71875
vt 0.4296875 0.75
vt 0.4296875 0.78125
vt 0.4296875 0.8125
vt 0.4296875 0.84375
vt 0.4296875 0.875
vt 0.4296875 0.90625
vt 0.4296875 0.9375
vt 0.4296875 0.96875
vt 0.4296875 1
vt 0.4375 0
vt 0.4375 0.03125
vt 0.4375 0.0625
vt 0.4375 0.09375
vt 0.4375 0.125
vt 0.4375 0.15625
vt 0.4375 0.1875
vt 0.4375 0.21875
vt 0.4375 0.25
vt 0.4375 0.28125
vt 0.4375 0.3125
vt 0.4375 0.34375
vt 0.4375 0.375
vt 0.4375 0.40625
vt 0.4375 0.4375
vt 0.4375 0.46875
vt 0.4375 0.5
vt 0.4375 0.53125
vt 0.4375 0.5625
vt 0.4375 0.59375
vt 0.4375 0.625
vt 0.4375 0.65625
vt 0.4375 0.6875
vt 0.4375 0.71875
vt 0.4375 0.75
vt 0.4375 0.78125
vt 0.4375 0.8125
vt 0.4375 0.84375
vt 0.4375 0.875
vt 0.4375 0.90625
vt 0.4375 0.9375
vt 0.4375 0.96875
vt 0.4375 1
vt 0.4453125 0
vt 0.4453125 0.03125
vt 0.4453125 0.0625
vt 0.4453125 0.09375
vt 0.4453125 0.125
vt 0.4453125 0.15625
vt 0.4453125 0.1875
vt 0.4453125 0.21875
vt 0.4453125 0.25
vt 0.4453125 0.28125
vt 0.4453125 0.3125
vt 0.4453125 0.34375
vt 0.4453125 0.375
vt 0.4453125 0.40625
vt 0.4453125 0.4375
vt 0.4453125 0.46875
vt 0.4453125 0.5
vt 0.4453125 0.53125
vt 0.4453125 0.5625
vt 0.4453125 0.59375
vt 0.4453125 0.625
vt 0.4453125 0.65625
vt 0.4453125 0.6875
vt 0.4453125 0.71875
vt 0.4453125 0.75
vt 0.4453125 0.78125
vt 0.4453125 0.8125
vt 0.4453125 0.84375
vt 0.4453125 0.875
vt 0.4453125 0.90625
vt 0.4453125 0.9375
vt 0.4453125 0.96875
vt 0.4453125 1
vt 0.453125 0
vt 0.453125 0.03125
vt 0.453125 0.0625
vt 0.453125 0.09375
vt 0.453125 0.125
vt 0.453125 0.15625
vt 0.453125 0.1875
vt 0.453125 0.21875
vt 0.453125 0.25
vt 0.453125 0.28125
vt 0.453125 0.3125
vt 0.453125 0.34375
vt 0.453125 0.375
vt 0.453125 0.40625
vt 0.453125 0.4375
vt 0.453125 0.46875
vt 0.453125 0.5
vt 0.453125 0.53125
vt 0.453125 0.5625
vt 0.453125 0.59375
vt 0.453125 0.625
vt 0.453125 0.65625
vt 0.453125 0.6875
vt 0.453125 0.71875
vt 0.453125 0.75
vt 0.453125 0.78125
vt 0.453125 0.8125
vt 0.453125 0.84375
vt 0.453125 0.875
vt 0.453125 0.90625
vt 0.453125 0.9375
vt 0.453125 0.96875
vt 0.453125 1
vt 0.4609375 0
vt 0.4609375 0.03125
vt 0.4609375 0.0625
vt 0.4609375 0.09375
vt 0.4609375 0.125
vt 0.4609375 0.15625
vt 0.4609375 0.1875
vt 0.4609375 0.21875
vt 0.4609375 0.25
vt 0.4609375 0.28125
vt 0.4609375 0.3125
vt 0.4609375 0.34375
vt 0.4609375 0.375
vt 0.4609375 0.40625
vt 0.4609375 0.4375
vt 0.4609375 0.46875
vt 0.4609375 0.5
vt 0.4609375 0.53125
vt 0.4609375 0.5625
vt 0.4609375 0.59375
vt 0.4609375 0.625
vt 0.4609375 0.65625
vt 0.4609375 0.6875
vt 0.4609375 0.71875
vt 0.4609375 0.75
vt 0.4609375 0.78125
vt 0.4609375 0.8125
vt 0.4609375 0.84375
vt 0.4609375 0.875
vt 0.4609375 0.90625
vt 0.4609375 0.9375
vt 0.4609375 0.96875
vt 0.4609375 1
vt 0.46875 0
vt 0.46875 0.03125
vt 0.46875 0.0625
vt 0.46875 0.09375
vt 0.46875 0.125
vt 0.46875 0.15625
vt 0.46875 0.1875
vt 0.46875 0.21875
vt 0.46875 0.25
vt 0.46875 0.28125
vt 0.46875 0.3125
vt 0.46875 0.34375
vt 0.46875 0.375
vt 0.46875 0.40625
vt 0.46875 0.4375
vt 0.46875 0.46875
vt 0.46875 0.5
vt 0.46875 0.53125
vt 0.46875 0.5625
vt 0.46875 0.59375
vt 0.46875 0.625
vt 0.46875 0.65625
vt 0.46875 0.6875
vt 0.46875 0.71875
vt 0.46875 0.75
vt 0.46875 0.78125
vt 0.46875 0.8125
vt 0.46875 0.84375
vt 0.46875 0.875
vt 0.46875 0.90625
vt 0.46875 0.9375
vt 0.46875 0.96875
vt 0.46875 1
vt 0.4765625 0
vt 0.4765625 0.03125
vt 0.4765625 0.0625
vt 0.4765625 0.09375
vt 0.4765625 0.125
vt 0.4765625 0.15625
vt 0.4765625 0.1875
vt 0.4765625 0.21875
vt 0.4765625 0.25
vt 0.4765625 0.28125
vt 0.4765625 0.3125
vt 0.4765625 0.34375
vt 0.4765625 0.375
vt 0.4765625 0.40625
vt 0.4765625 0.4375
vt 0.4765625 0.46875
vt 0.4765625 0.5
vt 0.4765625 0.53125
vt 0.4765625 0.5625
vt 0.4765625 0.59375
vt 0.4765625 0.625
vt 0.4765625 0.65625
vt 0.4765625 0.6875
vt 0.4765625 0.71875
vt 0.4765625 0.75
vt 0.4765625 0.78125
vt 0.4765625 0.8125
vt 0.4765625 0.84375
vt 0.4765625 0.875
vt 0.4765625 0.90625
vt 0.4765625 0.9375
vt 0.4765625 0.96875
vt 0.4765625 1
vt 0.484375 0
vt 0.484375 0.03125
vt 0.484375 0.0625
vt 0.484375 0.09375
vt 0.484375 0.125
vt 0.484375 0.15625
vt 0.484375 0.1875
vt 0.484375 0.21875
vt 0.484375 0.25
vt 0.484375 0.28125
vt 0.484375 0.3125
vt 0.484375 0.34375
vt 0.484375 0.375
vt 0.484375 0.40625
vt 0.484375 0.4375
vt 0.484375 0.46875
vt 0.484375 0.5
vt 0.484375 0.53125
vt 0.484375 0.5625
vt 0.484375 0.59375
vt 0.484375 0.625
vt 0.484375 0.65625
vt 0.484375 0.6875
vt 0.484375 0.71875
vt 0.484375 0.75
vt 0.484375 0.78125
vt 0.484375 0.8125
vt 0.484375 0.84375
vt 0.484375 0.875
vt 0.484375 0.90625
vt 0.484375 0.9375
vt 0.484375 0.96875
vt 0.484375 1
vt 0.4921875 0
vt 0.4921875 0.03125
vt 0.4921875 0.0625
vt 0.4921875 0.09375
vt 0.4921875 0.125
vt 0.4921875 0.15625
vt 0.4921875 0.1875
vt 0.4921875 0.21875
vt 0.4921875 0.25
vt 0.4921875 0.28125
vt 0.4921875 0.3125
vt 0.4921875 0.34375
vt 0.4921875 0.375
vt 0.4921875 0.40625
vt 0.4921875 0.4375
vt 0.4921875 0.46875
vt 0.4921875 0.5
vt 0.4921875 0.53125
vt 0.4921875 0.5625
vt 0.4921875 0.59375
vt 0.4921875 0.625
vt 0.4921875 0.65625
vt 0.4921875 0.6875
vt 0.4921875 0.71875
vt 0.4921875 0.75
vt 0.4921875 0.78125
vt 0.4921875 0.8125
vt 0.4921875 0.84375
vt 0.4921875 0.875
vt 0.4921875 0.90625
vt 0.4921875 0.9375
vt 0.4921875 0.96875
vt 0.4921875 1
vt 0.5 0
vt 0.5 0.03125
vt 0.5 0.0625
vt 0.5 0.09375
vt 0.5 0.125
vt 0.5 0.15625
vt 0.5 0.1875
vt 0.5 0.21875
vt 0.5 0.25
vt 0.5 0.28125
vt 0.5 0.3125
vt 0.5 0.34375
vt 0.5 0.375
vt 0.5 0.40625
vt 0.5 0.4375
vt 0.5 0.46875
vt 0.5 0.5
vt 0.5 0.53125
vt 0.5 0.5625
vt 0.5 0.59375
vt 0.5 0.625
vt 0.5 0.65625
vt 0.5 0.6875
vt 0.5 0.71875
vt 0.5 0.75
vt 0.5 0.78125
vt 0.5 0.8125
vt 0.5 0.84375
vt 0.5 0.875
vt 0.5 0.90625
vt 0.5 0.9375
vt 0.5 0.96875
vt 0.5 1
vt 0.5078125 0
vt 0.5078125 0.03125
vt 0.5078125 0.0625
vt 0.5078125 0.09375
vt 0.5078125 0.125
vt 0.5078125 0.15625
vt 0.5078125 0.1875
vt 0.5078125 0.21875
vt 0.5078125 0.25
vt 0.5078125 0.28125
vt 0.5078125 0.3125
vt 0.5078125 0.34375
vt 0.5078125 0.375
vt 0.5078125 0.40625
vt 0.5078125 0.4375
vt 0.5078125 0.46875
vt 0.5078125 0.5
vt 0.5078125 0.53125
vt 0.5078125 0.5625
vt 0.5078125 0.59375
vt 0.5078125 0.625
vt 0.5078125 0.65625
vt 0.5078125 0.6875
vt 0.5078125 0.71875
vt 0.5078125 0.75
vt 0.5078125 0.78125
vt 0.5078125 0.8125
vt 0.5078125 0.84375
vt 0.5078125 0.875
vt 0.5078125 0.90625
vt 0.5078125 0.9375
vt 0.5078125 0.96875
vt 0.5078125 1
vt 0.515625 0
vt 0.515625 0.03125
vt 0.515625 0.0625
vt 0.515625 0.09375
vt 0.515625 0.125
vt 0.515625 0.15625
vt 0.515625 0.1875
vt 0.515625 0.21875
vt 0.515625 0.25
vt 0.515625 0.28125
vt 0.515625 0.3125
vt 0.515625 0.34375
vt 0.515625 0.375
vt 0.515625 0.40625
vt 0.515625 0.4375
vt 0.515625 0.46875
vt 0.515625 0.5
vt 0.515625 0.53125
vt 0.515625 0.5625
vt 0.515625 0.59375
vt 0.515625 0.625
vt 0.515625 0.65625
vt 0.515625 0.6875
vt 0.515625 0.71875
vt 0.515625 0.75
vt 0.515625 0.78125
vt 0.515625 0.8125
vt 0.515625 0.84375
vt 0.515625 0.875
vt 0.515625 0.90625
vt 0.515625 0.9375
vt 0.515625 0.96875
vt 0.515625 1
vt 0.5234375 0
vt 0.5234375 0.03125
vt 0.5234375 0.0625
vt 0.5234375 0.09375
vt 0.5234375 0.125
vt 0.5234375 0.15625
vt 0.5234375 0.1875
vt 0.5234375 0.21875
vt 0.5234375 0.25
vt 0.5234375 0.28125
vt 0.5234375 0.3125
vt 0.5234375 0.34375
vt 0.5234375 0.375
vt 0.5234375 0.40625
vt 0.5234375 0.4375
vt 0.5234375 0.46875
vt 0.5234375 0.5
vt 0.5234375 0.53125
vt 0.5234375 0.5625
vt 0.5234375 0.59375
vt 0.5234375 0.625
vt 0.5234375 0.65625
vt 0.5234375 0.6875
vt 0.5234375 0.71875
vt 0.5234375 0.75
vt 0.5234375 0.78125
vt 0.5234375 0.8125
vt 0.5234375 0.84375
vt 0.5234375 0.875
vt 0.5234375 0.90625
vt 0.5234375 0.9375
vt 0.5234375 0.96875
vt 0.5234375 1
vt 0.53125 0
vt 0.53125 0.03125
vt 0.53125 0.0625
vt 0.53125 0.09375
vt 0.53125 0.125
vt 0.53125 0.15625
vt 0.53125 0.1875
vt 0.53125 0.21875
vt 0.53125 0.25
vt 0.53125 0.28125
vt 0.53125 0.3125
vt 0.53125 0.34375
vt 0.53125 0.375
vt 0.53125 0.40625
vt 0.53125 0.4375
vt 0.53125 0.46875
vt 0.53125 0.5
vt 0.53125 0.53125
vt 0.53125 0.5625
vt 0.53125 0.59375
vt 0.53125 0.625
vt 0.53125 0.65625
vt 0.53125 0.6875
vt 0.53125 0.71875
vt 0.53125 0.75
vt 0.53125 0.78125
vt 0.53125 0.8125
vt 0.53125 0.84375
vt 0.53125 0.875
vt 0.53125 0.90625
vt 0.53125 0.9375
vt 0.53125 0.96875
vt 0.53125 1
vt 0.5390625 0
vt 0.5390625 0.03125
vt 0.5390625 0.0625
vt 0.5390625 0.09375
vt 0.5390625 0.125
vt 0.5390625 0.15625
vt 0.5390625 0.1875
vt 0.5390625 0.21875
vt 0.5390625 0.25
vt 0.5390625 0.28125
vt 0.5390625 0.3125
vt 0.5390625 0.34375
vt 0.5390625 0.375
vt 0.5390625 0.40625
vt 0.5390625 0.4375
vt 0.5390625 0.46875
vt 0.5390625 0.5
vt 0.5390625 0.53125
vt 0.5390625 0.5625
vt 0.5390625 0.59375
vt 0.5390625 0.625
vt 0.5390625 0.65625
vt 0.5390625 0.6875
vt 0.5390625 0.71875
vt 0.5390625 0.75
vt 0.5390625 0.78125
vt 0.5390625 0.8125
vt 0.5390625 0.84375
vt 0.5390625 0.875
vt 0.5390625 0.90625
vt 0.5390625 0.9375
vt 0.5390625 0.96875
vt 0.5390625 1
vt 0.546875 0
vt 0.546875 0.03125
vt 0.546875 0.0625
vt 0.546875 0.09375
vt 0.546875 0.125
vt 0.546875 0.15625
vt 0.546875 0.1875
vt 0.546875 0.21875
vt 0.546875 0.25
vt 0.546875 0.28125
vt 0.546875 0.3125
vt 0.546875 0.34375
vt 0.546875 0.375
vt 0.546875 0.40625
vt 0.546875 0.4375
vt 0.546875 0.46875
vt 0.546875 0.5
vt 0.546875 0.53125
vt 0.546875 0.5625
vt 0.546875 0.59375
vt 0.546875 0.625
vt 0.546875 0.65625
vt 0.546875 0.6875
vt 0.546875 0.71875
vt 0.546875 0.75
vt 0.546875 0.78125
vt 0.546875 0.8125
vt 0.546875 0.84375
vt 0.546875 0.875
vt 0.546875 0.90625
vt 0.546875 0.9375
vt 0.546875 0.96875
vt 0.546875 1
vt 0.5546875 0
vt 0.5546875 0.03125
vt 0.5546875 0.0625
vt 0.5546875 0.09375
vt 0.5546875 0.125
vt 0.5546875 0.15625
vt 0.5546875 0.1875
vt 0.5546875 0.21875
vt 0.5546875 0.25
vt 0.5546875 0.28125
vt 0.5546875 0.3125
vt 0.5546875 0.34375
vt 0.5546875 0.375
vt 0.5546875 0.40625
vt 0.5546875 0.4375
vt 0.5546875 0.46875
vt 0.5546875 0.5
vt 0.5546875 0.53125
vt 0.5546875 0.5625
vt 0.5546875 0.59375
vt 0.5546875 0.625
vt 0.5546875 0.65625
vt 0.5546875 0.6875
vt 0.5546875 0.71875
vt 0.5546875 0.75
vt 0.5546875 0.78125
vt 0.5546875 0.8125
vt 0.5546875 0.84375
vt 0.5546875 0.875
vt 0.5546875 0.90625
vt 0.5546875 0.9375
vt 0.5546875 0.96875
vt 0.5546875 1
vt 0.5625 0
vt 0.5625 0.03125
vt 0.5625 0.0625
vt 0.5625 0.09375
vt 0.5625 0.125
vt 0.5625 0.15625
vt 0.5625 0.1875
vt 0.5625 0.21875
vt 0.5625 0.25
vt 0.5625 0.28125
vt 0.5625 0.3125
vt 0.5625 0.34375
vt 0.5625 0.375
vt 0.5625 0.40625
vt 0.5625 0.4375
vt 0.5625 0.46875
vt 0.5625 0.5
vt 0.5625 0.53125
vt 0.5625 0.5625
vt 0.5625 0.59375
vt 0.5625 0.625
vt 0.5625 0.65625
vt 0.5625 0.6875
vt 0.5625 0.71875
vt 0.5625 0.75
vt 0.5625 0.78125
vt 0.5625 0.8125
vt 0.5625 0.84375
vt 0.5625 0.875
vt 0.5625 0.90625
vt 0.5625 0.9375
vt 0.5625 0.96875
vt 0.5625 1
vt 0.5703125 0
vt 0.5703125 0.03125
vt 0.5703125 0.0625
vt 0.5703125 0.09375
vt 0.5703125 0.125
vt 0.5703125 0.15625
vt 0.5703125 0.1875
vt 0.5703125 0.21875
vt 0.5703125 0.25
vt 0.5703125 0.28125
vt 0.5703125 0.3125
vt 0.5703125 0.34375
vt 0.5703125 0.375
vt 0.5703125 0.40625
vt 0.5703125 0.4375
vt 0.5703125 0.46875
vt 0.5703125 0.5
vt 0.5703125 0.53125
vt 0.5703125 0.5625
vt 0.5703125 0.59375
vt 0.5703125 0.625
vt 0.5703125 0.65625
vt 0.5703125 0.6875
vt 0.5703125 0.71875
vt 0.5703125 0.75
vt 0.5703125 0.78125
vt 0.5703125 0.8125
vt 0.5703125 0.84375
vt 0.5703125 0.875
vt 0.5703125 0.90625
vt 0.5703125 0.9375
vt 0.5703125 0.96875
vt 0.5703125 1
vt 0.578125 0
vt 0.578125 0.03125
vt 0.578125 0.0625
vt 0.578125 0.09375
vt 0.578125 0.125
vt 0.578125 0.15625
vt 0.578125 0.1875
vt 0.578125 0.21875
vt 0.578125 0.25
vt 0.578125 0.28125
vt 0.578125 0.3125
vt 0.578125 0.34375
vt 0.578125 0.375
vt 0.578125 0.40625
vt 0.578125 0.4375
vt 0.578125 0.46875
vt 0.578125 0.5
vt 0.578125 0.53125
vt 0.578125 0.5625
vt 0.578125 0.59375
vt 0.578125 0.625
vt 0.578125 0.65625
vt 0.578125 0.6875
vt 0.578125 0.71875
vt 0.578125 0.75
vt 0.578125 0.78125
vt 0.578125 0.8125
vt 0.578125 0.84375
vt 0.578125 0.875
vt 0.578125 0.90625
vt 0.578125 0.9375
vt 0.578125 0.96875
vt 0.578125 1
vt 0.5859375 0
vt 0.5859375 0.03125
vt 0.5859375 0.0625
vt 0.5859375 0.09375
vt 0.5859375 0.125
vt 0.5859375 0.15625
vt 0.5859375 0.1875
vt 0.5859375 0.21875
vt 0.5859375 0.25
vt 0.5859375 0.28125
vt 0.5859375 0.3125
vt 0.5859375 0.34375
vt 0.5859375 0.375
vt 0.5859375 0.40625
vt 0.5859375 0.4375
vt 0.5859375 0.46875
vt 0.5859375 0.5
vt 0.5859375 0.53125
vt 0.5859375 0.5625
vt 0.5859375 0.59375
vt 0.5859375 0.625
vt 0.5859375 0.65625
vt 0.5859375 0.6875
vt 0.5859375 0.71875
vt 0.5859375 0.75
vt 0.5859375 0.78125
vt 0.5859375 0.8125
vt 0.5859375 0.84375
vt 0.5859375 0.875
vt 0.5859375 0.90625
vt 0.5859375 0.9375
vt 0.5859375 0.96875
vt 0.5859375 1
vt 0.59375 0
vt 0.59375 0.03125
vt 0.59375 0.0625
vt 0.59375 0.09375
vt 0.59375 0.125
vt 0.59375 0.15625
vt 0.59375 0.1875
vt 0.59375 0.21875
vt 0.59375 0.25
vt 0.59375 0.28125
vt 0.59375 0.3125
vt 0.59375 0.34375
vt 0.59375 0.375
vt 0.59375 0.40625
vt 0.59375 0.4375
vt 0.59375 0.46875
vt 0.59375 0.5
vt 0.59375 0.53125
vt 0.59375 0.5625
vt 0.59375 0.59375
vt 0.59375 0.625
vt 0.59375 0.65625
vt 0.59375 0.6875
vt 0.59375 0.71875
vt 0.59375 0.75
vt 0.59375 0.78125
vt 0.59375 0.8125
vt 0.59375 0.84375
vt 0.59375 0.875
vt 0.59375 0.90625
vt 0.59375 0.9375
vt 0.59375 0.96875
vt 0.59375 1
vt 0.6015625 0
vt 0.6015625 0.03125
vt 0.6015625 0.0625
vt 0.6015625 0.09375
vt 0.6015625 0.125
vt 0.6015625 0.15625
vt 0.6015625 0.1875
vt 0.6015625 0.21875
vt 0.6015625 0.25
vt 0.6015625 0.28125
vt 0.6015625 0.3125
vt 0.6015625 0.34375
vt 0.6015625 0.375
vt 0.6015625 0.40625
vt 0.6015625 0.4375
vt 0.6015625 0.46875
vt 0.6015625 0.5
vt 0.6015625 0.53125
vt 0.6015625 0.5625
vt 0.6015625 0.59375
vt 0.6015625 0.625
vt 0.6015625 0.65625
vt 0.6015625 0.6875
vt 0.6015625 0.71875
vt 0.6015625 0.75
vt 0.6015625 0.78125
vt 0.6015625 0.8125
vt 0.6015625 0.84375
vt 0.6015625 0.875
vt 0.6015625 0.90625
vt 0.6015625 0.9375
vt 0.6015625 0.96875
vt 0.6015625 1
vt 0.609375 0
vt 0.609375 0.03125
vt 0.609375 0.0625
vt 0.609375 0.09375
vt 0.609375 0.125
vt 0.609375 0.15625
vt 0.609375 0.1875
vt 0.609375 0.21875
vt 0.609375 0.25
vt 0.609375 0.28125
vt 0.609375 0.3125
vt 0.609375 0.34375
vt 0.609375 0.375
vt 0.609375 0.40625
vt 0.609375 0.4375
vt 0.609375 0.46875
vt 0.609375 0.5
vt 0.609375 0.53125
vt 0.609375 0.5625
vt 0.609375 0.59375
vt 0.609375 0.625
vt 0.609375 0.65625
vt 0.609375 0.6875
vt 0.609375 0.71875
vt 0.609375 0.75
vt 0.609375 0.78125
vt 0.609375 0.8125
vt 0.609375 0.84375
vt 0.609375 0.875
vt 0.609375 0.90625
vt 0.609375 0.9375
vt 0.609375 0.96875
vt 0.609375 1
vt 0.6171875 0
vt 0.6171875 0.03125
vt 0.6171875 0.0625
vt 0.6171875 0.09375
vt 0.6171875 0.125
vt 0.6171875 0.15625
vt 0.6171875 0.1875
vt 0.6171875 0.21875
vt 0.6171875 0.25
vt 0.6171875 0.28125
vt 0.6171875 0.3125
vt 0.6171875 0.34375
vt 0.6171875 0.375
vt 0.6171875 0.40625
vt 0.6171875 0.4375
vt 0.6171875 0.46875
vt 0.6171875 0.5
vt 0.6171875 0.53125
vt 0.6171875 0.5625
vt 0.6171875 0.59375
vt 0.6171875 0.625
vt 0.6171875 0.65625
vt 0.6171875 0.6875
vt 0.6171875 0.71875
vt 0.6171875 0.75
vt 0.6171875 0.78125
vt 0.6171875 0.8125
vt 0.6171875 0.84375
vt 0.6171875 0.875
vt 0.6171875 0.90625
vt 0.6171875 0.9375
vt 0.6171875 0.96875
vt 0.6171875 1
vt 0.625 0
vt 0.625 0.03125
vt 0.625 0.0625
vt 0.625 0.09375
vt 0.625 0.125
vt 0.625 0.15625
vt 0.625 0.1875
vt 0.625 0.21875
vt 0.625 0.25
vt 0.625 0.28125
vt 0.625 0.3125
vt 0.625 0.34375
vt 0.625 0.375
vt 0.625 0.40625
vt 0.625 0.4375
vt 0.625 0.46875
vt 0.625 0.5
vt 0.625 0.53125
vt 0.625 0.5625
vt 0.625 0.59375
vt 0.625 0.625
vt 0.625 0.65625
vt 0.625 0.6875
vt 0.625 0.71875
vt 0.625 0.75
vt 0.625 0.78125
vt 0.625 0.8125
vt 0.625 0.84375
vt 0.625 0.875
vt 0.625 0.90625
vt 0.625 0.9375
vt 0.625 0.96875
vt 0.625 1
vt 0.6328125 0
vt 0.6328125 0.03125
vt 0.6328125 0.0625
vt 0.6328125 0.09375
vt 0.6328125 0.125
vt 0.6328125 0.15625
vt 0.6328125 0.1875
vt 0.6328125 0.21875
vt 0.6328125 0.25
vt 0.6328125 0.28125
vt 0.6328125 0.3125
vt 0.6328125 0.34375
vt 0.6328125 0.375
vt 0.6328125 0.40625
vt 0.6328125 0.4375
vt 0.6328125 0.46875
vt 0.6328125 0.5
vt 0.6328125 0.53125
vt 0.6328125 0.5625
vt 0.6328125 0.59375
vt 0.6328125 0.625
vt 0.6328125 0.65625
vt 0.6328125 0.6875
vt 0.6328125 0.71875
vt 0.6328125 0.75
vt 0.6328125 0.78125
vt 0.6328125 0.8125
vt 0.6328125 0.84375
vt 0.6328125 0.875
vt 0.6328125 0.90625
vt 0.6328125 0.9375
vt 0.6328125 0.96875
vt 0.6328125 1
vt 0.640625 0
vt 0.640625 0.03125
vt 0.640625 0.0625
vt 0.640625 0.09375
vt 0.640625 0.125
vt 0.640625 0.15625
vt 0.640625 0.1875
vt 0.640625 0.21875
vt 0.640625 0.25
vt 0.640625 0.28125
vt 0.640625 0.3125
vt 0.640625 0.34375
vt 0.640625 0.375
vt 0.640625 0.40625
vt 0.640625 0.4375
vt 0.640625 0.46875
vt 0.640625 0.5
vt 0.640625 0.53125
vt 0.640625 0.5625
vt 0.640625 0.59375
vt 0.640625 0.625
vt 0.640625 0.65625
vt 0.640625 0.6875
vt 0.640625 0.71875
vt 0.640625 0.75
vt 0.640625 0.78125
vt 0.640625 0.8125
vt 0.640625 0.84375
vt 0.640625 0.875
vt 0.640625 0.90625
vt 0.640625 0.9375
vt 0.640625 0.96875
vt 0.640625 1
vt 0.6484375 0
vt 0.6484375 0.03125
vt 0.6484375 0.0625
vt 0.6484375 0.09375
vt 0.6484375 0.125
vt 0.6484375 0.15625
vt 0.6484375 0.1875
vt 0.6484375 0.21875
vt 0.6484375 0.25
vt 0.6484375 0.28125
vt 0.6484375 0.3125
vt 0.6484375 0.34375
vt 0.6484375 0.375
vt 0.6484375 0.40625
vt 0.6484375 0.4375
vt 0.6484375 0.46875
vt 0.6484375 0.5
vt 0.6484375 0.53125
vt 0.6484375 0.5625
vt 0.6484375 0.59375
vt 0.6484375 0.625
vt 0.6484375 0.65625
vt 0.6484375 0.6875
vt 0.6484375 0.71875
vt 0.6484375 0.75
vt 0.6484375 0.78125
vt 0.6484375 0.8125
vt 0.6484375 0.84375
vt 0.6484375 0.875
vt 0.6484375 0.90625
vt 0.6484375 0.9375
vt 0.6484375 0.96875
vt 0.6484375 1
vt 0.65625 0
vt 0.65625 0.03125
vt 0.65625 0.0625
vt 0.65625 0.09375
vt 0.65625 0.125
vt 0.65625 0.15625
vt 0.65625 0.1875
vt 0.65625 0.21875
vt 0.65625 0.25
vt 0.65625 0.28125
vt 0.65625 0.3125
vt 0.65625 0.34375
vt 0.65625 0.375
vt 0.65625 0.40625
vt 0.65625 0.4375
vt 0.65625 0.46875
vt 0.65625 0.5
vt 0.65625 0.53125
vt 0.65625 0.5625
vt 0.65625 0.59375
vt 0.65625 0.625
vt 0.65625 0.65625
vt 0.65625 0.6875
vt 0.65625 0.71875
vt 0.65625 0.75
vt 0.65625 0.78125
vt 0.65625 0.8125
vt 0.65625 0.84375
vt 0.65625 0.875
vt 0.65625 0.90625
vt 0.65625 0.9375
vt 0.65625 0.96875
vt 0.65625 1
vt 0.6640625 0
vt 0.6640625 0.03125
vt 0.6640625 0.0625
vt 0.6640625 0.09375
vt 0.6640625 0.125
vt 0.6640625 0.15625
vt 0.6640625 0.1875
vt 0.6640625 0.21875
vt 0.6640625 0.25
vt 0.6640625 0.28125
vt 0.6640625 0.3125
vt 0.6640625 0.34375
vt 0.6640625 0.375
vt 0.6640625 0.40625
vt 0.6640625 0.4375
vt 0.6640625 0.46875
vt 0.6640625 0.5
vt 0.6640625 0.53125
vt 0.6640625 0.5625
vt 0.6640625 0.59375
vt 0.6640625 0.625
vt 0.6640625 0.65625
vt 0.6640625 0.6875
vt 0.6640625 0.71875
vt 0.6640625 0.75
vt 0.6640625 0.78125
vt 0.6640625 0.8125
vt 0.6640625 0.84375
vt 0.6640625 0.875
vt 0.6640625 0.90625
vt 0.6640625 0.9375
vt 0.6640625 0.96875
vt 0.6640625 1
vt 0.671875 0
vt 0.671875 0.03125
vt 0.671875 0.0625
vt 0.671875 0.09375
vt 0.671875 0.125
vt 0.671875 0.15625
vt 0.671875 0.1875
vt 0.671875 0.21875
vt 0.671875 0.25
vt 0.671875 0.28125
vt 0.671875 0.3125
vt 0.671875 0.34375
vt 0.671875 0.375
vt 0.671875 0.40625
vt 0.671875 0.4375
vt 0.671875 0.46875
vt 0.671875 0.5
vt 0.671875 0.53125
vt 0.671875 0.5625
vt 0.671875 0.59375
vt 0.671875 0.625
vt 0.671875 0.65625
vt 0.671875 0.6875
vt 0.671875 0.71875
vt 0.671875 0.75
vt 0.671875 0.78125
vt 0.671875 0.8125
vt 0.671875 0.84375
vt 0.671875 0.875
vt 0.671875 0.90625
vt 0.671875 0.9375
vt 0.671875 0.96875
vt 0.671875 1
vt 0.6796875 0
vt 0.6796875 0.03125
vt 0.6796875 0.0625
vt 0.6796875 0.09375
vt 0.6796875 0.125
vt 0.6796875 0.15625
vt 0.6796875 0.1875
vt 0.6796875 0.21875
vt 0.6796875 0.25
vt 0.6796875 0.28125
vt 0.6796875 0.3125
vt 0.6796875 0.34375
vt 0.6796875 0.375
vt 0.6796875 0.40625
vt 0.6796875 0.4375
vt 0.6796875 0.46875
vt 0.6796875 0.5
vt 0.6796875 0.53125
vt 0.6796875 0.5625
vt 0.6796875 0.59375
vt 0.6796875 0.625
vt 0.6796875 0.65625
vt 0.6796875 0.6875
vt 0.6796875 0.71875
vt 0.6796875 0.75
vt 0.6796875 0.78125
vt 0.6796875 0.8125
vt 0.6796875 0.84375
vt 0.6796875 0.875
vt 0.6796875 0.90625
vt 0.6796875 0.9375
vt 0.6796875 0.96875
vt 0.6796875 1
vt 0.6875 0
vt 0.6875 0.03125
vt 0.6875 0.0625
vt 0.6875 0.09375
vt 0.6875 0.125
vt 0.6875 0.15625
vt 0.6875 0.1875
vt 0.6875 0.21875
vt 0.6875 0.25
vt 0.6875 0.28125
vt 0.6875 0.3125
vt 0.6875 0.34375
vt 0.6875 0.375
vt 0.6875 0.40625
vt 0.6875 0.4375
vt 0.6875 0.46875
vt 0.6875 0.5
vt 0.6875 0.53125
vt 0.6875 0.5625
vt 0.6875 0.59375
vt 0.6875 0.625
vt 0.6875 0.65625
vt 0.6875 0.6875
vt 0.6875 0.71875
vt 0.6875 0.75
vt 0.6875 0.78125
vt 0.6875 0.8125
vt 0.6875 0.84375
vt 0.6875 0.875
vt 0.6875 0.90625
vt 0.6875 0.9375
vt 0.6875 0.96875
vt 0.6875 1
vt 0.6953125 0
vt 0.6953125 0.03125
vt 0.6953125 0.0625
vt 0.6953125 0.09375
vt 0.6953125 0.125
vt 0.6953125 0.15625
vt 0.6953125 0.1875
vt 0.6953125 0.21875
vt 0.6953125 0.25
vt 0.6953125 0.28125
vt 0.6953125 0.3125
vt 0.6953125 0.34375
vt 0.6953125 0.375
vt 0.6953125 0.40625
vt 0.6953125 0.4375
vt 0.6953125 0.46875
vt 0.6953125 0.5
vt 0.6953125 0.53125
vt 0.6953125 0.5625
vt 0.6953125 0.59375
vt 0.6953125 0.625
vt 0.6953125 0.65625
vt 0.6953125 0.6875
vt 0.6953125 0.71875
vt 0.6953125 0.75
vt 0.6953125 0.78125
vt 0.6953125 0.8125
vt 0.6953125 0.84375
vt 0.6953125 0.875
vt 0.6953125 0.90625
vt 0.6953125 0.9375
vt 0.6953125 0.96875
vt 0.6953125 1
vt 0.703125 0
vt 0.703125 0.03125
vt 0.703125 0.0625
vt 0.703125 0.09375
vt 0.703125 0.125
vt 0.703125 0.15625
vt 0.703125 0.1875
vt 0.703125 0.21875
vt 0.703125 0.25
vt 0.703125 0.28125
vt 0.703125 0.3125
vt 0.703125 0.34375
vt 0.703125 0.375
vt 0.703125 0.40625
vt 0.703125 0.4375
vt 0.703125 0.46875
vt 0.703125 0.5
vt 0.703125 0.53125
vt 0.703125 0.5625
vt 0.703125 0.59375
vt 0.703125 0.625
vt 0.703125 0.65625
vt 0.703125 0.6875
vt 0.703125 0.71875
vt 0.703125 0.75
vt 0.703125 0.78125
vt 0.703125 0.8125
vt 0.703125 0.84375
vt 0.703125 0.875
vt 0.703125 0.90625
vt 0.703125 0.9375
vt 0.703125 0.96875
vt 0.703125 1
vt 0.7109375 0
vt 0.7109375 0.03125
vt 0.7109375 0.0625
vt 0.7109375 0.09375
vt 0.7109375 0.125
vt 0.7109375 0.15625
vt 0.7109375 0.1875
vt 0.7109375 0.21875
vt 0.7109375 0.25
vt 0.7109375 0.28125
vt 0.7109375 0.3125
vt 0.7109375 0.34375
vt 0.7109375 0.375
vt 0.7109375 0.40625
vt 0.7109375 0.4375
vt 0.7109375 0.46875
vt 0.7109375 0.5
vt 0.7109375 0.53125
vt 0.7109375 0.5625
vt 0.7109375 0.59375
vt 0.7109375 0.625
vt 0.7109375 0.65625
vt 0.7109375 0.6875
vt 0.7109375 0.71875
vt 0.7109375 0.75
vt 0.7109375 0.78125
vt 0.7109375 0.8125
vt 0.7109375 0.84375
vt 0.7109375 0.875
vt 0.7109375 0.90625
vt 0.7109375 0.9375
vt 0.7109375 0.96875
vt 0.7109375 1
vt 0.71875 0
vt 0.71875 0.03125
vt 0.71875 0.0625
vt 0.71875 0.09375
vt 0.71875 0.125
vt 0.71875 0.15625
vt 0.71875 0.1875
vt 0.71875 0.21875
vt 0.71875 0.25
vt 0.71875 0.28125
vt 0.71875 0.3125
vt 0.71875 0.34375
vt 0.71875 0.375
vt 0.71875 0.40625
vt 0.71875 0.4375
vt 0.71875 0.46875
vt 0.71875 0.5
vt 0.71875 0.53125
vt 0.71875 0.5625
vt 0.71875 0.59375
vt 0.71875 0.625
vt 0.71875 0.65625
vt 0.71875 0.6875
vt 0.71875 0.71875
vt 0.71875 0.75
vt 0.71875 0.78125
vt 0.71875 0.8125
vt 0.71875 0.84375
vt 0.71875 0.875
vt 0.71875 0.90625
vt 0.71875 0.9375
vt 0.71875 0.96875
vt 0.71875 1
vt 0.7265625 0
vt 0.7265625 0.03125
vt 0.7265625 0.0625
vt 0.7265625 0.09375
vt 0.7265625 0.125
vt 0.7265625 0.15625
vt 0.7265625 0.1875
vt 0.7265625 0.21875
vt 0.7265625 0.25
vt 0.7265625 0.28125
vt 0.7265625 0.3125
vt 0.7265625 0.34375
vt 0.7265625 0.375
vt 0.7265625 0.40625
vt 0.7265625 0.4375
vt 0.7265625 0.46875
vt 0.7265625 0.5
vt 0.7265625 0.53125
vt 0.7265625 0.5625
vt 0.7265625 0.59375
vt 0.7265625 0.625
vt 0.7265625 0.65625
vt 0.7265625 0.6875
vt 0.7265625 0.71875
vt 0.7265625 0.75
vt 0.7265625 0.78125
vt 0.7265625 0.8125
vt 0.7265625 0.84375
vt 0.7265625 0.875
vt 0.7265625 0.90625
vt 0.7265625 0.9375
vt 0.7265625 0.96875
vt 0.7265625 1
vt 0.734375 0
vt 0.734375 0.03125
vt 0.734375 0.0625
vt 0.734375 0.09375
vt 0.734375 0.125
vt 0.734375 0.15625
vt 0.734375 0.1875
vt 0.734375 0.21875
vt 0.734375 0.25
vt 0.734375 0.28125
vt 0.734375 0.3125
vt 0.734375 0.34375
vt 0.734375 0.375
vt 0.734375 0.40625
vt 0.734375 0.4375
vt 0.734375 0.46875
vt 0.734375 0.5
vt 0.734375 0.53125
vt 0.734375 0.5625
vt 0.734375 0.59375
vt 0.734375 0.625
vt 0.734375 0.65625
vt 0.734375 0.6875
vt 0.734375 0.71875
vt 0.734375 0.75
vt 0.734375 0.78125
vt 0.734375 0.8125
vt 0.734375 0.84375
vt 0.734375 0.875
vt 0.734375 0.90625
vt 0.734375 0.9375
vt 0.734375 0.96875
vt 0.734375 1
vt 0.7421875 0
vt 0.7421875 0.03125
vt 0.7421875 0.0625
vt 0.7421875 0.09375
vt 0.7421875 0.125
vt 0.7421875 0.15625
vt 0.7421875 0.1875
vt 0.7421875 0.21875
vt 0.7421875 0.25
vt 0.7421875 0.28125
vt 0.7421875 0.3125
vt 0.7421875 0.34375
vt 0.7421875 0.375
vt 0.7421875 0.40625
vt 0.7421875 0.4375
vt 0.7421875 0.46875
vt 0.7421875 0.5
vt 0.7421875 0.53125
vt 0.7421875 0.5625
vt 0.7421875 0.59375
vt 0.7421875 0.625
vt 0.7421875 0.65625
vt 0.7421875 0.6875
vt 0.7421875 0.71875
vt 0.7421875 0.75
vt 0.7421875 0.78125
vt 0.7421875 0.8125
vt 0.7421875 0.84375
vt 0.7421875 0.875
vt 0.7421875 0.90625
vt 0.7421875 0.9375
vt 0.7421875 0.96875
vt 0.7421875 1
vt 0.75 0
vt 0.75 0.03125
vt 0.75 0.0625
vt 0.75 0.09375
vt 0.75 0.125
vt 0.75 0.15625
vt 0.75 0.1875
vt 0.75 0.21875
vt 0.75 0.25
vt 0.75 0.28125
vt 0.75 0.3125
vt 0.75 0.34375
vt 0.75 0.375
vt 0.75 0.40625
vt 0.75 0.4375
vt 0.75 0.46875
vt 0.75 0.5
vt 0.75 0.53125
vt 0.75 0.5625
vt 0.75 0.59375
vt 0.75 0.625
vt 0.75 0.65625
vt 0.75 0.6875
vt 0.75 0.71875
vt 0.75 0.75
vt 0.75 0.78125
vt 0.75 0.8125
vt 0.75 0.84375
vt 0.75 0.875
vt 0.75 0.90625
vt 0.75 0.9375
vt 0.75 0.96875
vt 0.75 1
vt 0.7578125 0
vt 0.7578125 0.03125
vt 0.7578125 0.0625
vt 0.7578125 0.09375
vt 0.7578125 0.125
vt 0.7578125 0.15625
vt 0.7578125 0.1875
vt 0.7578125 0.21875
vt 0.7578125 0.25
vt 0.7578125 0.28125
vt 0.7578125 0.3125
vt 0.7578125 0.34375
vt 0.7578125 0.375
vt 0.7578125 0.40625
vt 0.7578125 0.4375
vt 0.7578125 0.46875
vt 0.7578125 0.5
vt 0.7578125 0.53125
vt 0.7578125 0.5625
vt 0.7578125 0.59375
vt 0.7578125 0.625
vt 0.7578125 0.65625
vt 0.7578125 0.6875
vt 0.7578125 0.71875
vt 0.7578125 0.75
vt 0.7578125 0.78125
vt 0.7578125 0.8125
vt 0.7578125 0.84375
vt 0.7578125 0.875
vt 0.7578125 0.90625
vt 0.7578125 0.9375
vt 0.7578125 0.96875
vt 0.7578125 1
vt 0.765625 0
vt 0.765625 0.03125
vt 0.765625 0.0625
vt 0.765625 0.09375
vt 0.765625 0.125
vt 0.765625 0.15625
vt 0.765625 0.1875
vt 0.765625 0.21875
vt 0.765625 0.25
vt 0.765625 0.28125
vt 0.765625 0.3125
vt 0.765625 0.34375
vt 0.765625 0.375
vt 0.765625 0.40625
vt 0.765625 0.4375
vt 0.765625 0.46875
vt 0.765625 0.5
vt 0.765625 0.53125
vt 0.765625 0.5625
vt 0.765625 0.59375
vt 0.765625 0.625
vt 0.765625 0.65625
vt 0.765625 0.6875
vt 0.765625 0.71875
vt 0.765625 0.75
vt 0.765625 0.78125
vt 0.765625 0.8125
vt 0.765625 0.84375
vt 0.765625 0.875
vt 0.765625 0.90625
vt 0.765625 0.9375
vt 0.765625 0.96875
vt 0.765625 1
vt 0.7734375 0
vt 0.7734375 0.03125
vt 0.7734375 0.0625
vt 0.7734375 0.09375
vt 0.7734375 0.125
vt 0.7734375 0.15625
vt 0.7734375 0.1875
vt 0.7734375 0.21875
vt 0.7734375 0.25
vt 0.7734375 0.28125
vt 0.7734375 0.3125
vt 0.7734375 0.34375
vt 0.7734375 0.375
vt 0.7734375 0.40625
vt 0.7734375 0.4375
vt 0.7734375 0.46875
vt 0.7734375 0.5
vt 0.7734375 0.53125
vt 0.7734375 0.5625
vt 0.7734375 0.59375
vt 0.7734375 0.625
vt 0.7734375 0.65625
vt 0.7734375 0.6875
vt 0.7734375 0.71875
vt 0.7734375 0.75
vt 0.7734375 0.78125
vt 0.7734375 0.8125
vt 0.7734375 0.84375
vt 0.7734375 0.875
vt 0.7734375 0.90625
vt 0.7734375 0.9375
vt 0.7734375 0.96875
vt 0.7734375 1
vt 0.78125 0
vt 0.78125 0.03125
vt 0.78125 0.0625
vt 0.78125 0.09375
vt 0.78125 0.125
vt 0.78125 0.15625
vt 0.78125 0.1875
vt 0.78125 0.21875
vt 0.78125 0.25
vt 0.78125 0.28125
vt 0.78125 0.3125
vt 0.78125 0.34375
vt 0.78125 0.375
vt 0.78125 0.40625
vt 0.78125 0.4375
vt 0.78125 0.46875
vt 0.78125 0.5
vt 0.78125 0.53125
vt 0.78125 0.5625
vt 0.78125 0.59375
vt 0.78125 0.625
vt 0.78125 0.65625
vt 0.78125 0.6875
vt 0.78125 0.71875
vt 0.78125 0.75
vt 0.78125 0.78125
vt 0.78125 0.8125
vt 0.78125 0.84375
vt 0.78125 0.875
vt 0.78125 0.90625
vt 0.78125 0.9375
vt 0.78125 0.96875
vt 0.78125 1
vt 0.7890625 0
vt 0.7890625 0.03125
vt 0.7890625 0.0625
vt 0.7890625 0.09375
vt 0.7890625 0.125
vt 0.7890625 0.15625
vt 0.7890625 0.1875
vt 0.7890625 0.21875
vt 0.7890625 0.25
vt 0.7890625 0.28125
vt 0.7890625 0.3125
vt 0.7890625 0.34375
vt 0.7890625 0.375
vt 0.7890625 0.40625
vt 0.7890625 0.4375
vt 0.7890625 0.46875
vt 0.7890625 0.5
vt 0.7890625 0.53125
vt 0.7890625 0.5625
vt 0.7890625 0.59375
vt 0.7890625 0.625
vt 0.7890625 0.65625
vt 0.7890625 0.6875
vt 0.7890625 0.71875
vt 0.7890625 0.75
vt 0.7890625 0.78125
vt 0.7890625 0.8125
vt 0.7890625 0.84375
vt 0.7890625 0.875
vt 0.7890625 0.90625
vt 0.7890625 0.9375
vt 0.7890625 0.96875
vt 0.7890625 1
vt 0.796875 0
vt 0.796875 0.03125
vt 0.796875 0.0625
vt 0.796875 0.09375
vt 0.796875 0.125
vt 0.796875 0.15625
vt 0.796875 0.1875
vt 0.796875 0.21875
vt 0.796875 0.25
vt 0.796875 0.28125
vt 0.796875 0.3125
vt 0.796875 0.34375
vt 0.796875 0.375
vt 0.796875 0.40625
vt 0.796875 0.4375
vt 0.796875 0.46875
vt 0.796875 0.5
vt 0.796875 0.53125
vt 0.796875 0.5625
vt 0.796875 0.59375
vt 0.796875 0.625
vt 0.796875 0.65625
vt 0.796875 0.6875
vt 0.796875 0.71875
vt 0.796875 0.75
vt 0.796875 0.78125
vt 0.796875 0.8125
vt 0.796875 0.84375
vt 0.796875 0.875
vt 0.796875 0.90625
vt 0.796875 0.9375
vt 0.796875 0.96875
vt 0.796875 1
vt 0.8046875 0
vt 0.8046875 0.03125
vt 0.8046875 0.0625
vt 0.8046875 0.09375
vt 0.8046875 0.125
vt 0.8046875 0.15625
vt 0.8046875 0.1875
vt 0.8046875 0.21875
vt 0.8046875 0.25
vt 0.8046875 0.28125
vt 0.8046875 0.3125
vt 0.8046875 0.34375
vt 0.8046875 0.375
vt 0.8046875 0.40625
vt 0.8046875 0.4375
vt 0.8046875 0.46875
vt 0.8046875 0.5
vt 0.8046875 0.53125
vt 0.8046875 0.5625
vt 0.8046875 0.59375
vt 0.8046875 0.625
vt 0.8046875 0.65625
vt 0.8046875 0.6875
vt 0.8046875 0.71875
vt 0.8046875 0.75
vt 0.8046875 0.78125
vt 0.8046875 0.8125
vt 0.8046875 0.84375
vt 0.8046875 0.875
vt 0.8046875 0.90625
vt 0.8046875 0.9375
vt 0.8046875 0.96875
vt 0.8046875 1
vt 0.8125 0
vt 0.8125 0.03125
vt 0.8125 0.0625
vt 0.8125 0.09375
vt 0.8125 0.125
vt 0.8125 0.15625
vt 0.8125 0.1875
vt 0.8125 0.21875
vt 0.8125 0.25
vt 0.8125 0.28125
vt 0.8125 0.3125
vt 0.8125 0.34375
vt 0.8125 0.375
vt 0.8125 0.40625
vt 0.8125 0.4375
vt 0.8125 0.46875
vt 0.8125 0.5
vt 0.8125 0.53125
vt 0.8125 0.5625
vt 0.8125 0.59375
vt 0.8125 0.625
vt 0.8125 0.65625
vt 0.8125 0.6875
vt 0.8125 0.71875
vt 0.8125 0.75
vt 0.8125 0.78125
vt 0.8125 0.8125
vt 0.8125 0.84375
vt 0.8125 0.875
vt 0.8125 0.90625
vt 0.8125 0.9375
vt 0.8125 0.96875
vt 0.8125 1
vt 0.8203125 0
vt 0.8203125 0.03125
vt 0.8203125 0.0625
vt 0.8203125 0.09375
vt 0.8203125 0.125
vt 0.8203125 0.15625
vt 0.8203125 0.1875
vt 0.8203125 0.21875
vt 0.8203125 0.25
vt 0.8203125 0.28125
vt 0.8203125 0.3125
vt 0.8203125 0.34375
vt 0.8203125 0.375
vt 0.8203125 0.40625
vt 0.8203125 0.4375
vt 0.8203125 0.46875
vt 0.8203125 0.5
vt 0.8203125 0.53125
vt 0.8203125 0.5625
vt 0.8203125 0.59375
vt 0.8203125 0.625
vt 0.8203125 0.65625
vt 0.8203125 0.6875
vt 0.8203125 0.71875
vt 0.8203125 0.75
vt 0.8203125 0.78125
vt 0.8203125 0.8125
vt 0.8203125 0.84375
vt 0.8203125 0.875
vt 0.8203125 0.90625
vt 0.8203125 0.9375
vt 0.8203125 0.96875
vt 0.8203125 1
vt 0.828125 0
vt 0.828125 0.03125
vt 0.828125 0.0625
vt 0.828125 0.09375
vt 0.828125 0.125
vt 0.828125 0.15625
vt 0.828125 0.1875
vt 0.828125 0.21875
vt 0.828125 0.25
vt 0.828125 0.28125
vt 0.828125 0.3125
vt 0.828125 0.34375
vt 0.828125 0.375
vt 0.828125 0.40625
vt 0.828125 0.4375
vt 0.828125 0.46875
vt 0.828125 0.5
vt 0.828125 0.53125
vt 0.828125 0.5625
vt 0.828125 0.59375
vt 0.828125 0.625
vt 0.828125 0.65625
vt 0.828125 0.6875
vt 0.828125 0.71875
vt 0.828125 0.75
vt 0.828125 0.78125
vt 0.828125 0.8125
vt 0.828125 0.84375
vt 0.828125 0.875
vt 0.828125 0.90625
vt 0.828125 0.9375
vt 0.828125 0.96875
vt 0.828125 1
vt 0.8359375 0
vt 0.8359375 0.03125
vt 0.8359375 0.0625
vt 0.8359375 0.09375
vt 0.8359375 0.125
vt 0.8359375 0.15625
vt 0.8359375 0.1875
vt 0.8359375 0.21875
vt 0.8359375 0.25
vt 0.8359375 0.28125
vt 0.8359375 0.3125
vt 0.8359375 0.34375
vt 0.8359375 0.375
vt 0.8359375 0.40625
vt 0.8359375 0.4375
vt 0.8359375 0.46875
vt 0.8359375 0.5
vt 0.8359375 0.53125
vt 0.8359375 0.5625
vt 0.8359375 0.59375
vt 0.8359375 0.625
vt 0.8359375 0.65625
vt 0.8359375 0.6875
vt 0.8359375 0.71875
vt 0.8359375 0.75
vt 0.8359375 0.78125
vt 0.8359375 0.8125
vt 0.8359375 0.84375
vt 0.8359375 0.875
vt 0.8359375 0.90625
vt 0.8359375 0.9375
vt 0.8359375 0.96875
vt 0.8359375 1
vt 0.84375 0
vt 0.84375 0.03125
vt 0.84375 0.0625
vt 0.84375 0.09375
vt 0.84375 0.125
vt 0.84375 0.15625
vt 0.84375 0.1875
vt 0.84375 0.21875
vt 0.84375 0.25
vt 0.84375 0.28125
vt 0.84375 0.3125
vt 0.84375 0.34375
vt 0.84375 0.375
vt 0.84375 0.40625
vt 0.84375 0.4375
vt 0.84375 0.46875
vt 0.84375 0.5
vt 0.84375 0.53125
vt 0.84375 0.5625
vt 0.84375 0.59375
vt 0.84375 0.625
vt 0.84375 0.65625
vt 0.84375 0.6875
vt 0.84375 0.71875
vt 0.84375 0.75
vt 0.84375 0.78125
vt 0.84375 0.8125
vt 0.84375 0.84375
vt 0.84375 0.875
vt 0.84375 0.90625
vt 0.84375 0.9375
vt 0.84375 0.96875
vt 0.84375 1
vt 0.8515625 0
vt 0.8515625 0.03125
vt 0.8515625 0.0625
vt 0.8515625 0.09375
vt 0.8515625 0.125
vt 0.8515625 0.15625
vt 0.8515625 0.1875
vt 0.8515625 0.21875
vt 0.8515625 0.25
vt 0.8515625 0.28125
vt 0.8515625 0.3125
vt 0.8515625 0.34375
vt 0.8515625 0.375
vt 0.8515625 0.40625
vt 0.8515625 0.4375
vt 0.8515625 0.46875
vt 0.8515625 0.5
vt 0.8515625 0.53125
vt 0.8515625 0.5625
vt 0.8515625 0.59375
vt 0.8515625 0.625
vt 0.8515625 0.65625
vt 0.8515625 0.6875
vt 0.8515625 0.71875
vt 0.8515625 0.75
vt 0.8515625 0.78125
vt 0.8515625 0.8125
vt 0.8515625 0.84375
vt 0.8515625 0.875
vt 0.8515625 0.90625
vt 0.8515625 0.9375
vt 0.8515625 0.96875
vt 0.8515625 1
vt 0.859375 0
vt 0.859375 0.03125
vt 0.859375 0.0625
vt 0.859375 0.09375
vt 0.859375 0.125
vt 0.859375 0.15625
vt 0.859375 0.1875
vt 0.859375 0.21875
vt 0.859375 0.25
vt 0.859375 0.28125
vt 0.859375 0.3125
vt 0.859375 0.34375
vt 0.859375 0.375
vt 0.859375 0.40625
vt 0.859375 0.4375
vt 0.859375 0.46875
vt 0.859375 0.5
vt 0.859375 0.53125
vt 0.859375 0.5625
vt 0.859375 0.59375
vt 0.859375 0.625
vt 0.859375 0.65625
vt 0.859375 0.6875
vt 0.859375 0.71875
vt 0.859375 0.75
vt 0.859375 0.78125
vt 0.859375 0.8125
vt 0.859375 0.84375
vt 0.859375 0.875
vt 0.859375 0.90625
vt 0.859375 0.9375
vt 0.859375 0.96875
vt 0.859375 1
vt 0.8671875 0
vt 0.8671875 0.03125
vt 0.8671875 0.0625
vt 0.8671875 0.09375
vt 0.8671875 0.125
vt 0.8671875 0.15625
vt 0.8671875 0.1875
vt 0.8671875 0.21875
vt 0.8671875 0.25
vt 0.8671875 0.28125
vt 0.8671875 0.3125
vt 0.8671875 0.34375
vt 0.8671875 0.375
vt 0.8671875 0.40625
vt 0.8671875 0.4375
vt 0.8671875 0.46875
vt 0.8671875 0.5
vt 0.8671875 0.53125
vt 0.8671875 0.5625
vt 0.8671875 0.59375
vt 0.8671875 0.625
vt 0.8671875 0.65625
vt 0.8671875 0.6875
vt 0.8671875 0.71875
vt 0.8671875 0.75
vt 0.8671875 0.78125
vt 0.8671875 0.8125
vt 0.8671875 0.84375
vt 0.8671875 0.875
vt 0.8671875 0.90625
vt 0.8671875 0.9375
vt 0.8671875 0.96875
vt 0.8671875 1
vt 0.875 0
vt 0.875 0.03125
vt 0.875 0.0625
vt 0.875 0.09375
vt 0.875 0.125
vt 0.875 0.15625
vt 0.875 0.1875
vt 0.875 0.21875
vt 0.875 0.25
vt 0.875 0.28125
vt 0.875 0.3125
vt 0.875 0.34375
vt 0.875 0.375
vt 0.875 0.40625
vt 0.875 0.4375
vt 0.875 0.46875
vt 0.875 0.5
vt 0.875 0.53125
vt 0.875 0.5625
vt 0.875 0.59375
vt 0.875 0.625
vt 0.875 0.65625
vt 0.875 0.6875
vt 0.875 0.71875
vt 0.875 0.75
vt 0.875 0.78125
vt 0.875 0.8125
vt 0.875 0.84375
vt 0.875 0.875
vt 0.875 0.90625
vt 0.875 0.9375
vt 0.875 0.96875
vt 0.875 1
vt 0.8828125 0
vt 0.8828125 0.03125
vt 0.8828125 0.0625
vt 0.8828125 0.09375
vt 0.8828125 0.125
vt 0.8828125 0.15625
vt 0.8828125 0.1875
vt 0.8828125 0.21875
vt 0.8828125 0.25
vt 0.8828125 0.28125
vt 0.8828125 0.3125
vt 0.8828125 0.34375
vt 0.8828125 0.375
vt 0.8828125 0.40625
vt 0.8828125 0.4375
vt 0.8828125 0.46875
vt 0.8828125 0.5
vt 0.8828125 0.53125
vt 0.8828125 0.5625
vt 0.8828125 0.59375
vt 0.8828125 0.625
vt 0.8828125 0.65625
vt 0.8828125 0.6875
vt 0.8828125 0.71875
vt 0.8828125 0.75
vt 0.8828125 0.78125
vt 0.8828125 0.8125
vt 0.8828125 0.84375
vt 0.8828125 0.875
vt 0.8828125 0.90625
vt 0.8828125 0.9375
vt 0.8828125 0.96875
vt 0.8828125 1
vt 0.890625 0
vt 0.890625 0.03125
vt 0.890625 0.0625
vt 0.890625 0.09375
vt 0.890625 0.125
vt 0.890625 0.15625
vt 0.890625 0.1875
vt 0.890625 0.21875
vt 0.890625 0.25
vt 0.890625 0.28125
vt 0.890625 0.3125
vt 0.890625 0.34375
vt 0.890625 0.375
vt 0.890625 0.40625
vt 0.890625 0.4375
vt 0.890625 0.46875
vt 0.890625 0.5
vt 0.890625 0.53125
vt 0.890625 0.5625
vt 0.890625 0.59375
vt 0.890625 0.625
vt 0.890625 0.65625
vt 0.890625 0.6875
vt 0.890625 0.71875
vt 0.890625 0.75
vt 0.890625 0.78125
vt 0.890625 0.8125
vt 0.890625 0.84375
vt 0.890625 0.875
vt 0.890625 0.90625
vt 0.890625 0.9375
vt 0.890625 0.96875
vt 0.890625 1
vt 0.8984375 0
vt 0.8984375 0.03125
vt 0.8984375 0.0625
vt 0.8984375 0.09375
vt 0.8984375 0.125
vt 0.8984375 0.15625
vt 0.8984375 0.1875
vt 0.8984375 0.21875
vt 0.8984375 0.25
vt 0.8984375 0.28125
vt 0.8984375 0.3125
vt 0.8984375 0.34375
vt 0.8984375 0.375
vt 0.8984375 0.40625
vt 0.8984375 0.4375
vt 0.8984375 0.46875
vt 0.8984375 0.5
vt 0.8984375 0.53125
vt 0.8984375 0.5625
vt 0.8984375 0.59375
vt 0.8984375 0.625
vt 0.8984375 0.65625
vt 0.8984375 0.6875
vt 0.8984375 0.71875
vt 0.8984375 0.75
vt 0.8984375 0.78125
vt 0.8984375 0.8125
vt 0.8984375 0.84375
vt 0.8984375 0.875
vt 0.8984375 0.90625
vt 0.8984375 0.9375
vt 0.8984375 0.96875
vt 0.8984375 1
vt 0.90625 0
vt 0.90625 0.03125
vt 0.90625 0.0625
vt 0.90625 0.09375
vt 0.90625 0.125
vt 0.90625 0.15625
vt 0.90625 0.1875
vt 0.90625 0.21875
vt 0.90625 0.25
vt 0.90625 0.28125
vt 0.90625 0.3125
vt 0.90625 0.34375
vt 0.90625 0.375
vt 0.90625 0.40625
vt 0.90625 0.4375
vt 0.90625 0.46875
vt 0.90625 0.5
vt 0.90625 0.53125
vt 0.90625 0.5625
vt 0.90625 0.59375
vt 0.90625 0.625
vt 0.90625 0.65625
vt 0.90625 0.6875
vt 0.90625 0.71875
vt 0.90625 0.75
vt 0.90625 0.78125
vt 0.90625 0.8125
vt 0.90625 0.84375
vt 0.90625 0.875
vt 0.90625 0.90625
vt 0.90625 0.9375
vt 0.90625 0.96875
vt 0.90625 1
vt 0.9140625 0
vt 0.9140625 0.03125
vt 0.9140625 0.0625
vt 0.9140625 0.09375
vt 0.9140625 0.125
vt 0.9140625 0.15625
vt 0.9140625 0.1875
vt 0.9140625 0.21875
vt 0.9140625 0.25
vt 0.9140625 0.28125
vt 0.9140625 0.3125
vt 0.9140625 0.34375
vt 0.9140625 0.375
vt 0.9140625 0.40625
vt 0.9140625 0.4375
vt 0.9140625 0.46875
vt 0.9140625 0.5
vt 0.9140625 0.53125
vt 0.9140625 0.5625
vt 0.9140625 0.59375
vt 0.9140625 0.625
vt 0.9140625 0.65625
vt 0.9140625 0.6875
vt 0.9140625 0.71875
vt 0.9140625 0.75
vt 0.9140625 0.78125
vt 0.9140625 0.8125
vt 0.9140625 0.84375
vt 0.9140625 0.875
vt 0.9140625 0.90625
vt 0.9140625 0.9375
vt 0.9140625 0.96875
vt 0.9140625 1
vt 0.921875 0
vt 0.921875 0.03125
vt 0.921875 0.0625
vt 0.921875 0.09375
vt 0.921875 0.125
vt 0.921875 0.15625
vt 0.921875 0.1875
vt 0.921875 0.21875
vt 0.921875 0.25
vt 0.921875 0.28125
vt 0.921875 0.3125
vt 0.921875 0.34375
vt 0.921875 0.375
vt 0.921875 0.40625
vt 0.921875 0.4375
vt 0.921875 0.46875
vt 0.921875 0.5
vt 0.921875 0.53125
vt 0.921875 0.5625
vt 0.921875 0.59375
vt 0.921875 0.625
vt 0.921875 0.65625
vt 0.921875 0.6875
vt 0.921875 0.71875
vt 0.921875 0.75
vt 0.921875 0.78125
vt 0.921875 0.8125
vt 0.921875 0.84375
vt 0.921875 0.875
vt 0.921875 0.90625
vt 0.921875 0.9375
vt 0.921875 0.96875
vt 0.921875 1
vt 0.9296875 0
vt 0.9296875 0.03125
vt 0.9296875 0.0625
vt 0.9296875 0.09375
vt 0.9296875 0.125
vt 0.9296875 0.15625
vt 0.9296875 0.1875
vt 0.9296875 0.21875
vt 0.9296875 0.25
vt 0.9296875 0.28125
vt 0.9296875 0.3125
vt 0.9296875 0.34375
vt 0.9296875 0.375
vt 0.9296875 0.40625
vt 0.9296875 0.4375
vt 0.9296875 0.46875
vt 0.9296875 0.5
vt 0.9296875 0.53125
vt 0.9296875 0.5625
vt 0.9296875 0.59375
vt 0.9296875 0.625
vt 0.9296875 0.65625
vt 0.9296875 0.6875
vt 0.9296875 0.71875
vt 0.9296875 0.75
vt 0.9296875 0.78125
vt 0.9296875 0.8125
vt 0.9296875 0.84375
vt 0.9296875 0.875
vt 0.9296875 0.90625
vt 0.9296875 0.9375
vt 0.9296875 0.96875
vt 0.9296875 1
vt 0.9375 0
vt 0.9375 0.03125
vt 0.9375 0.0625
vt 0.9375 0.09375
vt 0.9375 0.125
vt 0.9375 0.15625
vt 0.9375 0.1875
vt 0.9375 0.21875
vt 0.9375 0.25
vt 0.9375 0.28125
vt 0.9375 0.3125
vt 0.9375 0.34375
vt 0.9375 0.375
vt 0.9375 0.40625
vt 0.9375 0.4375
vt 0.9375 0.46875
vt 0.9375 0.5
vt 0.9375 0.53125
vt 0.9375 0.5625
vt 0.9375 0.59375
vt 0.9375 0.625
vt 0.9375 0.65625
vt 0.9375 0.6875
vt 0.9375 0.71875
vt 0.9375 0.75
vt 0.9375 0.78125
vt 0.9375 0.8125
vt 0.9375 0.84375
vt 0.9375 0.875
vt 0.9375 0.90625
vt 0.9375 0.9375
vt 0.9375 0.96875
vt 0.9375 1
vt 0.9453125 0
vt 0.9453125 0.03125
vt 0.9453125 0.0625
vt 0.9453125 0.09375
vt 0.9453125 0.125
vt 0.9453125 0.15625
vt 0.9453125 0.1875
vt 0.9453125 0.21875
vt 0.9453125 0.25
vt 0.9453125 0.28125
vt 0.9453125 0.3125
vt 0.9453125 0.34375
vt 0.9453125 0.375
vt 0.9453125 0.40625
vt 0.9453125 0.4375
vt 0.9453125 0.46875
vt 0.9453125 0.5
vt 0.9453125 0.53125
vt 0.9453125 0.5625
vt 0.9453125 0.59375
vt 0.9453125 0.625
vt 0.9453125 0.65625
vt 0.9453125 0.6875
vt 0.9453125 0.71875
vt 0.9453125 0.75
vt 0.9453125 0.78125
vt 0.9453125 0.8125
vt 0.9453125 0.84375
vt 0.9453125 0.875
vt 0.9453125 0.90625
vt 0.9453125 0.9375
vt 0.9453125 0.96875
vt 0.9453125 1
vt 0.953125 0
vt 0.953125 0.03125
vt 0.953125 0.0625
vt 0.953125 0.09375
vt 0.953125 0.125
vt 0.953125 0.15625
vt 0.953125 0.1875
vt 0.953125 0.21875
vt 0.953125 0.25
vt 0.953125 0.28125
vt 0.953125 0.3125
vt 0.953125 0.34375
vt 0.953125 0.375
vt 0.953125 0.40625
vt 0.953125 0.4375
vt 0.953125 0.46875
vt 0.953125 0.5
vt 0.953125 0.53125
vt 0.953125 0.5625
vt 0.953125 0.59375
vt 0.953125 0.625
vt 0.953125 0.65625
vt 0.953125 0.6875
vt 0.953125 0.71875
vt 0.953125 0.75
vt 0.953125 0.78125
vt 0.953125 0.8125
vt 0.953125 0.84375
vt 0.953125 0.875
vt 0.953125 0.90625
vt 0.953125 0.9375
vt 0.953125 0.96875
vt 0.953125 1
vt 0.9609375 0
vt 0.9609375 0.03125
vt 0.9609375 0.0625
vt 0.9609375 0.09375
vt 0.9609375 0.125
vt 0.9609375 0.15625
vt 0.9609375 0.1875
vt 0.9609375 0.21875
vt 0.9609375 0.25
vt 0.9609375 0.28125
vt 0.9609375 0.3125
vt 0.9609375 0.34375
vt 0.9609375 0.375
vt 0.9609375 0.40625
vt 0.9609375 0.4375
vt 0.9609375 0.46875
vt 0.9609375 0.5
vt 0.9609375 0.53125
vt 0.9609375 0.5625
vt 0.9609375 0.59375
vt 0.9609375 0.625
vt 0.9609375 0.65625
vt 0.9609375 0.6875
vt 0.9609375 0.71875
vt 0.9609375 0.75
vt 0.9609375 0.78125
vt 0.9609375 0.8125
vt 0.9609375 0.84375
vt 0.9609375 0.875
vt 0.9609375 0.90625
vt 0.9609375 0.9375
vt 0.9609375 0.96875
vt 0.9609375 1
vt 0.96875 0
vt 0.96875 0.03125
vt 0.96875 0.0625
vt 0.96875 0.09375
vt 0.96875 0.125
vt 0.96875 0.15625
vt 0.96875 0.1875
vt 0.96875 0.21875
vt 0.96875 0.25
vt 0.96875 0.28125
vt 0.96875 0.3125
vt 0.96875 0.34375
vt 0.96875 0.375
vt 0.96875 0.40625
vt 0.96875 0.4375
vt 0.96875 0.46875
vt 0.96875 0.5
vt 0.96875 0.53125
vt 0.96875 0.5625
vt 0.96875 0.59375
vt 0.96875 0.625
vt 0.96875 0.65625
vt 0.96875 0.6875
vt 0.96875 0.71875
vt 0.96875 0.75
vt 0.96875 0.78125
vt 0.96875 0.8125
vt 0.96875 0.84375
vt 0.96875 0.875
vt 0.96875 0.90625
vt 0.96875 0.9375
vt 0.96875 0.96875
vt 0.96875 1
vt 0.9765625 0
vt 0.9765625 0.03125
vt 0.9765625 0.0625
vt 0.9765625 0.09375
vt 0.9765625 0.125
vt 0.9765625 0.15625
vt 0.9765625 0.1875
vt 0.9765625 0.21875
vt 0.9765625 0.25
vt 0.9765625 0.28125
vt 0.9765625 0.3125
vt 0.9765625 0.34375
vt 0.9765625 0.375
vt 0.9765625 0.40625
vt 0.9765625 0.4375
vt 0.9765625 0.46875
vt 0.9765625 0.5
vt 0.9765625 0.53125
vt 0.9765625 0.5625
vt 0.9765625 0.59375
vt 0.9765625 0.625
vt 0.9765625 0.65625
vt 0.9765625 0.6875
vt 0.9765625 0.71875
vt 0.9765625 0.75
vt 0.9765625 0.78125
vt 0.9765625 0.8125
vt 0.9765625 0.84375
vt 0.9765625 0.875
vt 0.9765625 0.90625
vt 0.9765625 0.9375
vt 0.9765625 0.96875
vt 0.9765625 1
vt 0.984375 0
vt 0.984375 0.03125
vt 0.984375 0.0625
vt 0.984375 0.09375
vt 0.984375 0.125
vt 0.984375 0.15625
vt 0.984375 0.1875
vt 0.984375 0.21875
vt 0.984375 0.25
vt 0.984375 0.28125
vt 0.984375 0.3125
vt 0.984375 0.34375
vt 0.984375 0.375
vt 0.984375 0.40625
vt 0.984375 0.4375
vt 0.984375 0.46875
vt 0.984375 0.5
vt 0.984375 0.53125
vt 0.984375 0.5625
vt 0.984375 0.59375
vt 0.984375 0.625
vt 0.984375 0.65625
vt 0.984375 0.6875
vt 0.984375 0.71875
vt 0.984375 0.75
vt 0.984375 0.78125
vt 0.984375 0.8125
vt 0.984375 0.84375
vt 0.984375 0.875
vt 0.984375 0.90625
vt 0.984375 0.9375
vt 0.984375 0.96875
vt 0.984375 1
vt 0.9921875 0
vt 0.9921875 0.03125
vt 0.9921875 0.0625
vt 0.9921875 0.09375
vt 0.9921875 0.125
vt 0.9921875 0.15625
vt 0.9921875 0.1875
vt 0.9921875 0.21875
vt 0.9921875 0.25
vt 0.9921875 0.28125
vt 0.9921875 0.3125
vt 0.9921875 0.34375
vt 0.9921875 0.375
vt 0.9921875 0.40625
vt 0.9921875 0.4375
vt 0.9921875 0.46875
vt 0.9921875 0.5
vt 0.9921875 0.53125
vt 0.9921875 0.5625
vt 0.9921875 0.59375
vt 0.9921875 0.625
vt 0.9921875 0.65625
vt 0.9921875 0.6875
vt 0.9921875 0.71875
vt 0.9921875 0.75
vt 0.9921875 0.78125
vt 0.9921875 0.8125
vt 0.9921875 0.84375
vt 0.9921875 0.875
vt 0.9921875 0.90625
vt 0.9921875 0.9375
vt 0.9921875 0.96875
vt 0.9921875 1
vt 1 0
vt 1 0.03125
vt 1 0.0625
vt 1 0.09375
vt 1 0.125
vt 1 0.15625
vt 1 0.1875
vt 1 0.21875
vt 1 0.25
vt 1 0.28125
vt 1 0.3125
vt 1 0.34375
vt 1 0.375
vt 1 0.40625
vt 1 0.4375
vt 1 0.46875
vt 1 0.5
vt 1 0.53125
vt 1 0.5625
vt 1 0.59375
vt 1 0.625
vt 1 0.65625
vt 1 0.6875
vt 1 0.71875
vt 1 0.75
vt 1 0.78125
vt 1 0.8125
vt 1 0.84375
vt 1 0.875
vt 1 0.90625
vt 1 0.9375
vt 1 0.96875
vt 1 1
vn -0.99996937538815 -0.006999878763700936 -0.00349999758951209
vn -0.9807552443667443 0.08038282933249884 -0.17792625268810125
vn -0.9238512435882497 0.1646764711161884 -0.3455148905346395
vn -0.8314441522754068 0.24264168973555872 -0.4998256016345128
vn -0.7070851369134402 0.3112823088089749 -0.6349282899498614
vn -0.55555320814423 0.36796054925151145 -0.7456310529445378
vn -0.3826717061920398 0.4104982532593845 -0.8276796175761897
vn -0.19508434681639117 0.4372607435835389 -0.8779209188463348
vn 0 0.4472195559545766 -0.8944242107477812
vn 0.195084350568372 0.4399919858598882 -0.8765552740942175
vn 0.3826717156380958 0.41585573750632054 -0.8250008264442349
vn 0.5555531998927973 0.37573838371383783 -0.7417420772027069
vn 0.7070851333089189 0.3211816552526395 -0.6299785381921221
vn 0.8314441491219108 0.2542820587756114 -0.4940053253516385
vn 0.9238512377624227 0.177610558590946 -0.33904775469224335
vn 0.9807552457900389 0.09411358605528176 -0.17106075170867033
vn 0.99996937538815 0.006999878763700936 0.00349999758951209
vn 0.9807552443667443 -0.08038282933249884 0.17792625268810125
vn 0.9238512435882497 -0.1646764711161884 0.3455148905346395
vn 0.8314441522754068 -0.24264168973555872 0.4998256016345128
vn 0.7070851369134402 -0.3112823088089749 0.6349282899498614
vn 0.55555320814423 -0.36796054925151145 0.7456310529445378
vn 0.3826717061920398 -0.4104982532593845 0.8276796175761897
vn 0.19508434681639117 -0.4372607435835389 0.8779209188463348
vn 0 -0.4472195559545766 0.8944242107477812
vn -0.195084350568372 -0.4399919858598882 0.8765552740942175
vn -0.3826717156380958 -0.41585573750632054 0.8250008264442349
vn -0.5555531998927973 -0.37573838371383783 0.7417420772027069
vn -0.7070851333089189 -0.3211816552526395 0.6299785381921221
vn -0.8314441491219108 -0.2542820587756114 0.4940053253516385
vn -0.9238512377624227 -0.177610558590946 0.33904775469224335
vn -0.9807552457900389 -0.09411358605528176 0.17106075170867033
vn -0.99996937538815 -0.006999878763700936 -0.00349999758951209
vn -0.9869816904984248 -0.14377246805365537 -0.07208758596757552
vn -0.9680487972869126 -0.05339378043105895 -0.24501149010330503
vn -0.9119143333673538 0.03903680602064121 -0.40851973804809205
vn -0.8207354998026192 0.1299672253039773 -0.5563288233684555
vn -0.6980162926254758 0.21590309053182963 -0.6827584570902001
vn -0.5484726965990928 0.293541905104287 -0.782950094854752
vn -0.3778515805698729 0.359900091839503 -0.8530534021705594
vn -0.19270986057609105 0.4124274794038281 -0.8903743504107406
vn -0.0001624060821051892 0.44910556001549806 -0.8934786900578159
vn 0.1923912906199521 0.4685247226846303 -0.8622471661460417
vn 0.377551499195726 0.4699387887794746 -0.7978799410033691
vn 0.5482026374733923 0.4532933265065375 -0.7028506444557435
vn 0.6977866245385782 0.4192280741342575 -0.5808111986461165
vn 0.8205550501422649 0.36905212057717307 -0.43645153451845775
vn 0.9117900283225909 0.30469370389872724 -0.27531925297000887
vn 0.9679854310789746 0.2286260676493639 -0.10360659443317279
vn 0.9869816904984248 0.14377246805365537 0.07208758596757552
vn 0.9680487972869126 0.05339378043105895 0.24501149010330503
vn 0.9119143333673538 -0.03903680602064121 0.40851973804809205
vn 0.8207354998026192 -0.1299672253039773 0.5563288233684555
vn 0.6980162926254758 -0.21590309053182963 0.6827584570902001
vn 0.5484726965990928 -0.293541905104287 0.782950094854752
vn 0.3778515805698729 -0.359900091839503 0.8530534021705594
vn 0.19270986057609105 -0.4124274794038281 0.8903743504107406
vn 0.0001624060821051892 -0.44910556001549806 0.8934786900578159
vn -0.1923912906199521 -0.4685247226846303 0.8622471661460417
vn -0.377551499195726 -0.4699387887794746 0.7978799410033691
vn -0.5482026374733923 -0.4532933265065375 0.7028506444557435
vn -0.6977866245385782 -0.4192280741342575 0.5808111986461165
vn -0.8205550501422649 -0.36905212057717307 0.43645153451845775
vn -0.9117900283225909 -0.30469370389872724 0.27531925297000887
vn -0.9679854310789746 -0.2286260676493639 0.10360659443317279
vn -0.9869816904984248 -0.14377246805365537 -0.07208758596757552
vn -0.9506526640856727 -0.276909025022364 -0.13993178383761481
vn -0.9326182155541451 -0.18296487919279245 -0.31104198590956944
vn -0.8787437782284784 -0.08198949792509681 -0.47019899452756103
vn -0.7910997185273813 0.0221366842657463 -0.6112865142922889
vn -0.6730541061782696 0.12541216744071437 -0.7288826780863934
vn -0.529143440147861 0.22386812635060385 -0.8184682533566938
vn -0.3648980581714898 0.3137209733917918 -0.8766005692427895
vn -0.18662987375439213 0.3915176930167151 -0.9010456072126921
vn -0.001189593012790705 0.45426861211762737 -0.8908639699264913
vn 0.18429639974625217 0.49956223474717015 -0.8464469331594172
vn 0.36269997828883765 0.5256579413747273 -0.7695014323696614
vn 0.5271652453035544 0.5315529221127465 -0.6629843852893096
vn 0.6713717766176667 0.517020657107002 -0.5309892444163833
vn 0.7897778844184621 0.4826195595924917 -0.3785885021791439
vn 0.8778333025274407 0.42967164307839634 -0.21163877742058007
vn 0.9321540621301851 0.3602117012521572 -0.03655591245232049
vn 0.9506526640856727 0.276909025022364 0.13993178383761481
vn 0.9326182155541451 0.18296487919279245 0.31104198590956944
vn 0.8787437782284784 0.08198949792509681 0.47019899452756103
vn 0.7910997185273813 -0.0221366842657463 0.6112865142922889
vn 0.6730541061782696 -0.12541216744071437 0.7288826780863934
vn 0.529143440147861 -0.22386812635060385 0.8184682533566938
vn 0.3648980581714898 -0.3137209733917918 0.8766005692427895
vn 0.18662987375439213 -0.3915176930167151 0.9010456072126921
vn 0.001189593012790705 -0.45426861211762737 0.8908639699264913
vn -0.18429639974625217 -0.49956223474717015 0.8464469331594172
vn -0.36269997828883765 -0.5256579413747273 0.7695014323696614
vn -0.5271652453035544 -0.5315529221127465 0.6629843852893096
vn -0.6713717766176667 -0.517020657107002 0.5309892444163833
vn -0.7897778844184621 -0.4826195595924917 0.3785885021791439
vn -0.8778333025274407 -0.42967164307839634 0.21163877742058007
vn -0.9321540621301851 -0.3602117012521572 0.03655591245232049
vn -0.9506526640856727 -0.276909025022364 -0.13993178383761481
vn -0.8916497642244262 -0.40300177694700967 -0.20627715757222836
vn -0.8752604604008166 -0.30506813111494097 -0.37530329313368355
vn -0.8252353657648434 -0.19541092191952517 -0.5299067490469683
vn -0.7434969743935562 -0.07824416668582775 -0.6641461431396465
vn -0.6331864021565488 0.0419294723848249 -0.7728627947246365
vn -0.4985428215121284 0.16049178139914577 -0.8518787726091401
vn -0.3447405075588255 0.27288648293939916 -0.8981575306576505
vn -0.17769001767733372 0.37479431161451465 -0.9099205908205567
vn -0.003811005138216561 0.46229900154045234 -0.886715912462688
vn 0.17021446128871245 0.5320378008059681 -0.829435238992016
vn 0.33769868554868554 0.5813306951002262 -0.7402798259529824
vn 0.4922053285010422 0.6082833492261609 -0.6226759041824129
vn 0.627796827565693 0.6118600356988556 -0.4811428478248914
vn 0.7392624003961817 0.5919232951212421 -0.3211197845871326
vn 0.8223185495727006 0.5492392749329861 -0.14875624995185233
vn 0.8737734700180038 0.48544827903544957 0.029323906189610085
vn 0.8916497642244262 0.40300177694700967 0.20627715757222836
vn 0.8752604604008166 0.30506813111494097 0.37530329313368355
vn 0.8252353657648434 0.19541092191952517 0.5299067490469683
vn 0.7434969743935562 0.07824416668582775 0.6641461431396465
vn 0.6331864021565488 -0.0419294723848249 0.7728627947246365
vn 0.4985428215121284 -0.16049178139914577 0.8518787726091401
vn 0.3447405075588255 -0.27288648293939916 0.8981575306576505
vn 0.17769001767733372 -0.37479431161451465 0.9099205908205567
vn 0.003811005138216561 -0.46229900154045234 0.886715912462688
vn -0.17021446128871245 -0.5320378008059681 0.829435238992016
vn -0.33769868554868554 -0.5813306951002262 0.7402798259529824
vn -0.4922053285010422 -0.6082833492261609 0.6226759041824129
vn -0.627796827565693 -0.6118600356988556 0.4811428478248914
vn -0.7392624003961817 -0.5919232951212421 0.3211197845871326
vn -0.8223185495727006 -0.5492392749329861 0.14875624995185233
vn -0.8737734700180038 -0.48544827903544957 -0.029323906189610085
vn -0.8916497642244262 -0.40300177694700967 -0.20627715757222836
vn -0.8110803393831234 -0.5187504309521855 -0.2702714810206195
vn -0.7971683284550664 -0.416593260927818 -0.43700424604079346
vn -0.7526216014146506 -0.29842663220622545 -0.5869431576175813
vn -0.6791520742592939 -0.1687916375163523 -0.7143261461922327
vn -0.5795830492611539 -0.032670076961322514 -0.8142580396167324
vn -0.4577410310209993 0.10470697487581752 -0.8828984074808311
vn -0.3183082602606219 0.23806018846424568 -0.9176095019768616
vn -0.16664307962773275 0.36226489386093363 -0.9170573758975562
vn -0.008573906367375515 0.4725479710644559 -0.8812632428352323
vn 0.1498247699343651 0.5646712841414164 -0.8116026609001467
vn 0.3024657363217282 0.6350945818917004 -0.7107526647175944
vn 0.44348314938655786 0.6811115823768509 -0.5825887988644155
vn 0.567457729887588 0.7009538342291274 -0.43203639553897555
vn 0.6696252307898614 0.6938588107188686 -0.2648811074376997
vn 0.7460594114902379 0.6600992028388964 -0.08754654155529887
vn 0.7938229717119097 0.6009723156626698 0.09315237726177898
vn 0.8110803393831234 0.5187504309521855 0.2702714810206195
vn 0.7971683284550664 0.416593260927818 0.43700424604079346
vn 0.7526216014146506 0.29842663220622545 0.5869431576175813
vn 0.6791520742592939 0.1687916375163523 0.7143261461922327
vn 0.5795830492611539 0.032670076961322514 0.8142580396167324
vn 0.4577410310209993 -0.10470697487581752 0.8828984074808311
vn 0.3183082602606219 -0.23806018846424568 0.9176095019768616
vn 0.16664307962773275 -0.36226489386093363 0.9170573758975562
vn 0.008573906367375515 -0.4725479710644559 0.8812632428352323
vn -0.1498247699343651 -0.5646712841414164 0.8116026609001467
vn -0.3024657363217282 -0.6350945818917004 0.7107526647175944
vn -0.44348314938655786 -0.6811115823768509 0.5825887988644155
vn -0.567457729887588 -0.7009538342291274 0.43203639553897555
vn -0.6696252307898614 -0.6938588107188686 0.2648811074376997
vn -0.7460594114902379 -0.6600992028388964 0.08754654155529887
vn -0.7938229717119097 -0.6009723156626698 -0.09315237726177898
vn -0.8110803393831234 -0.5187504309521855 -0.2702714810206195
vn -0.710506089517899 -0.6210317681067344 -0.330908808828364
vn -0.6999266757419504 -0.514643014489038 -0.4952223906715631
vn -0.6624494311855409 -0.38847688525822294 -0.6405048483360783
vn -0.5995146626958502 -0.24738174655289413 -0.761173068812291
vn -0.5135408607743879 -0.09677989720287929 -0.8525898403174301
vn -0.40783196601437377 0.057541157928592754 -0.9112420658864951
vn -0.2864503208058546 0.20965092961694304 -0.9348757679076801
vn -0.15406056140469088 0.35370395487514916 -0.922582709422494
vn -0.015750330000048 0.484164329182461 -0.8748353156178524
vn 0.12316517987707813 0.5960185152342334 -0.7934685047081749
vn 0.25734749349756697 0.6849680519890206 -0.6816091514532988
vn 0.38164011188021474 0.7475946652177259 -0.5435559231045627
vn 0.49126651683785094 0.7814916340588768 -0.38461413823466245
vn 0.5820137854175558 0.7853563422237145 -0.21089184268936306
vn 0.6503946755400619 0.759040173862383 -0.02906510781161869
vn 0.6937811963440255 0.7035545699376042 0.15387858434287
vn 0.710506089517899 0.6210317681067344 0.330908808828364
vn 0.6999266757419504 0.514643014489038 0.4952223906715631
vn 0.6624494311855409 0.38847688525822294 0.6405048483360783
vn 0.5995146626958502 0.24738174655289413 0.761173068812291
vn 0.5135408607743879 0.09677989720287929 0.8525898403174301
vn 0.40783196601437377 -0.057541157928592754 0.9112420658864951
vn 0.2864503208058546 -0.20965092961694304 0.9348757679076801
vn 0.15406056140469088 -0.35370395487514916 0.922582709422494
vn 0.015750330000048 -0.484164329182461 0.8748353156178524
vn -0.12316517987707813 -0.5960185152342334 0.7934685047081749
vn -0.25734749349756697 -0.6849680519890206 0.6816091514532988
vn -0.38164011188021474 -0.7475946652177259 0.5435559231045627
vn -0.49126651683785094 -0.7814916340588768 0.38461413823466245
vn -0.5820137854175558 -0.7853563422237145 0.21089184268936306
vn -0.6503946755400619 -0.759040173862383 0.02906510781161869
vn -0.6937811963440255 -0.7035545699376042 -0.15387858434287
vn -0.710506089517899 -0.6210317681067344 -0.330908808828364
vn -0.5919637034993209 -0.7069938720338811 -0.38696077145611063
vn -0.5855128088587592 -0.5966159619349186 -0.5488389058975298
vn -0.5565609960362414 -0.4633103930763777 -0.6896255051537459
vn -0.5062208122375402 -0.3122000959436576 -0.8039101873656882
vn -0.4364268781353126 -0.14909213786817566 -0.8873010280997999
vn -0.34986128936950767 0.01974537011003781 -0.9365934008735718
vn -0.2498507377648769 0.18782407248076635 -0.9498930079935776
vn -0.14023854997994353 0.34868477953116556 -0.9266887684777588
vn -0.02523709338184428 0.49614576750796613 -0.8678723791558107
vn 0.09073422354431347 0.6245401077902794 -0.7757041668310909
vn 0.2032186708736138 0.7289337593823659 -0.6537260483115637
vn 0.30789354812756525 0.8053148485430859 -0.506625658388366
vn 0.4007362450604314 0.8507481867092946 -0.3400558552733843
vn 0.4781788632477417 0.863487728598777 -0.16041794569941992
vn 0.5372453358183438 0.8430439274949542 0.025384748478519344
vn 0.5756657645609798 0.7902024286732099 0.21021191505569592
vn 0.5919637034993209 0.7069938720338811 0.38696077145611063
vn 0.5855128088587592 0.5966159619349186 0.5488389058975298
vn 0.5565609960362414 0.4633103930763777 0.6896255051537459
vn 0.5062208122375402 0.3122000959436576 0.8039101873656882
vn 0.4364268781353126 0.14909213786817566 0.8873010280997999
vn 0.34986128936950767 -0.01974537011003781 0.9365934008735718
vn 0.2498507377648769 -0.18782407248076635 0.9498930079935776
vn 0.14023854997994353 -0.34868477953116556 0.9266887684777588
vn 0.02523709338184428 -0.49614576750796613 0.8678723791558107
vn -0.09073422354431347 -0.6245401077902794 0.7757041668310909
vn -0.2032186708736138 -0.7289337593823659 0.6537260483115637
vn -0.30789354812756525 -0.8053148485430859 0.506625658388366
vn -0.4007362450604314 -0.8507481867092946 0.3400558552733843
vn -0.4781788632477417 -0.863487728598777 0.16041794569941992
vn -0.5372453358183438 -0.8430439274949542 -0.025384748478519344
vn -0.5756657645609798 -0.7902024286732099 -0.21021191505569592
vn -0.5919637034993209 -0.7069938720338811 -0.38696077145611063
vn -0.45799068584531405 -0.7741896673767007 -0.43689231007891677
vn -0.45630016858144506 -0.6603241553465039 -0.5964580169789581
vn -0.4370743352568119 -0.521082701477586 -0.73310220548068
vn -0.4010519454566759 -0.3618163826932927 -0.8415736701324229
vn -0.349617368112961 -0.18864561946007313 -0.9177039425502602
vn -0.28474717787525494 -0.008225333719544538 -0.958567362566283
vn -0.2089343395546251 0.17251105825681967 -0.9625935676774414
vn -0.1250922543963949 0.34661794071080676 -0.9296278454668981
vn -0.03644294590083774 0.5074044958782473 -0.8609370414011761
vn 0.053606844437695166 0.648691761304197 -0.7591609217059921
vn 0.1415965564457587 0.7650501767819817 -0.6282106670604707
vn 0.2241447823732018 0.8520081478763586 -0.4731186241178496
vn 0.2980792579672503 0.9062239105683908 -0.299844926393339
vn 0.36055872186877097 0.9256140081614956 -0.11504832019446697
vn 0.40918209205891953 0.9094332843065348 0.07416951485425291
vn 0.44208085095625205 0.8583035383370293 0.2605370555140507
vn 0.45799068584531405 0.7741896673767007 0.43689231007891677
vn 0.45630016858144506 0.6603241553465039 0.5964580169789581
vn 0.4370743352568119 0.521082701477586 0.73310220548068
vn 0.4010519454566759 0.3618163826932927 0.8415736701324229
vn 0.349617368112961 0.18864561946007313 0.9177039425502602
vn 0.28474717787525494 0.008225333719544538 0.958567362566283
vn 0.2089343395546251 -0.17251105825681967 0.9625935676774414
vn 0.1250922543963949 -0.34661794071080676 0.9296278454668981
vn 0.03644294590083774 -0.5074044958782473 0.8609370414011761
vn -0.053606844437695166 -0.648691761304197 0.7591609217059921
vn -0.1415965564457587 -0.7650501767819817 0.6282106670604707
vn -0.2241447823732018 -0.8520081478763586 0.4731186241178496
vn -0.2980792579672503 -0.9062239105683908 0.299844926393339
vn -0.36055872186877097 -0.9256140081614956 0.11504832019446697
vn -0.40918209205891953 -0.9094332843065348 -0.07416951485425291
vn -0.44208085095625205 -0.8583035383370293 -0.2605370555140507
vn -0.45799068584531405 -0.7741896673767007 -0.43689231007891677
vn -0.31165453282893785 -0.8207695350184303 -0.4787575822405387
vn -0.3150603436762121 -0.7041668810497457 -0.6363065169203442
vn -0.306358570296992 -0.560503472712203 -0.7694025496988841
vn -0.28588361070265517 -0.39530027634815357 -0.8729308407031375
vn -0.2544222728055862 -0.21490586921887878 -0.9429129198795179
vn -0.21318367265019586 -0.026252778421147056 -0.9766593640264472
vn -0.1637525281770859 0.16340920541870924 -0.9728733427841667
vn -0.10802846422148177 0.34679144685799956 -0.9317003505978106
vn -0.048152923876889235 0.5168467195478391 -0.854722624255813
vn 0.013573105893022451 0.6670398335308853 -0.744898403327263
vn 0.07477753118871491 0.7915990026010555 -0.6064481345592009
vn 0.1331082842267605 0.8857374532942341 -0.4446924201086099
vn 0.18632377965348054 0.9458375119873778 -0.26584741874460294
vn 0.23237893924575917 0.9695895680409395 -0.07678605434061474
vn 0.26950391721323935 0.9560808395461474 0.11522615527497886
vn 0.2962720153048077 0.9058304603134384 0.3028102873344502
vn 0.31165453282893785 0.8207695350184303 0.4787575822405387
vn 0.3150603436762121 0.7041668810497457 0.6363065169203442
vn 0.306358570296992 0.560503472712203 0.7694025496988841
vn 0.28588361070265517 0.39530027634815357 0.8729308407031375
vn 0.2544222728055862 0.21490586921887878 0.9429129198795179
vn 0.21318367265019586 0.026252778421147056 0.9766593640264472
vn 0.1637525281770859 -0.16340920541870924 0.9728733427841667
vn 0.10802846422148177 -0.34679144685799956 0.9317003505978106
vn 0.048152923876889235 -0.5168467195478391 0.854722624255813
vn -0.013573105893022451 -0.6670398335308853 0.744898403327263
vn -0.07477753118871491 -0.7915990026010555 0.6064481345592009
vn -0.1331082842267605 -0.8857374532942341 0.4446924201086099
vn -0.18632377965348054 -0.9458375119873778 0.26584741874460294
vn -0.23237893924575917 -0.9695895680409395 0.07678605434061474
vn -0.26950391721323935 -0.9560808395461474 -0.11522615527497886
vn -0.2962720153048077 -0.9058304603134384 -0.3028102873344502
vn -0.31165453282893785 -0.8207695350184303 -0.4787575822405387
vn -0.1565828602701958 -0.8457580107851427 -0.5100737153219744
vn -0.1649585926753949 -0.7273841939608279 -0.6661087727079639
vn -0.1669950617833956 -0.581057423604811 -0.7965456169069661
vn -0.1626139863632018 -0.41240095696731977 -0.8963716540205336
vn -0.15198376848273668 -0.22789615502875143 -0.9617506312141922
vn -0.13551287603390164 -0.03463341359702165 -0.9901700798810467
vn -0.11383431553944161 0.15996025712218684 -0.980537844627667
vn -0.08778116145708942 0.34840676342157795 -0.9332240861097323
vn -0.0583546266207935 0.5234641964200335 -0.8500470414149304
vn -0.026685557522592045 0.6784051469388194 -0.7342031991394667
vn 0.006009023514162191 0.8072753980208425 -0.5901443242010352
vn 0.0384726823364119 0.9051225208635229 -0.4234065126323674
vn 0.06945786035742112 0.9681862809665236 -0.2403974437941901
vn 0.09777380678057393 0.9940431868584155 -0.04815002978192544
vn 0.12233235506382721 0.9816995714189352 0.1459477522280374
vn 0.14218975718715965 0.9316297844983484 0.3344368663688522
vn 0.1565828602701958 0.8457580107851427 0.5100737153219744
vn 0.1649585926753949 0.7273841939608279 0.6661087727079639
vn 0.1669950617833956 0.581057423604811 0.7965456169069661
vn 0.1626139863632018 0.41240095696731977 0.8963716540205336
vn 0.15198376848273668 0.22789615502875143 0.9617506312141922
vn 0.13551287603390164 0.03463341359702165 0.9901700798810467
vn 0.11383431553944161 -0.15996025712218684 0.980537844627667
vn 0.08778116145708942 -0.34840676342157795 0.9332240861097323
vn 0.0583546266207935 -0.5234641964200335 0.8500470414149304
vn 0.026685557522592045 -0.6784051469388194 0.7342031991394667
vn -0.006009023514162191 -0.8072753980208425 0.5901443242010352
vn -0.0384726823364119 -0.9051225208635229 0.4234065126323674
vn -0.06945786035742112 -0.9681862809665236 0.2403974437941901
vn -0.09777380678057393 -0.9940431868584155 0.04815002978192544
vn -0.12233235506382721 -0.9816995714189352 -0.1459477522280374
vn -0.14218975718715965 -0.9316297844983484 -0.3344368663688522
vn -0.1565828602701958 -0.8457580107851427 -0.5100737153219744
vn 0.0030029043430145927 -0.8494411671533104 -0.5276747919985647
vn -0.00954179091643091 -0.7304176079910648 -0.6829341638567499
vn -0.021719801056370443 -0.5833245120672199 -0.8119487446037534
vn -0.033063131712460364 -0.4138145967301178 -0.9097605777645317
vn -0.04313586249940296 -0.22840201696865756 -0.9726108245393331
vn -0.05155090968364426 -0.03421207132036001 -0.9980841837674613
vn -0.05798488167852776 0.16129262905460282 -0.9852017262009752
vn -0.06219053051731816 0.350598940097373 -0.9344585176007403
vn -0.06400622392019031 0.5264319152290227 -0.8478046012659884
vn -0.0633622020951669 0.6820344173527944 -0.728570027445465
vn -0.06028320462095345 0.8114267347759516 -0.5813368983055057
vn -0.054887554638908834 0.9096363633612292 -0.4117633334777622
vn -0.0473826113943296 0.9728891770050603 -0.22636593693369703
vn -0.0380567806106869 0.9987544072711821 -0.032269419051784085
vn -0.027268445216827586 0.9862380659104807 0.16306719242266865
vn -0.015432199002815023 0.9358211476542093 0.3521372272809228
vn -0.0030029043430145927 0.8494411671533104 0.5276747919985647
vn 0.00954179091643091 0.7304176079910648 0.6829341638567499
vn 0.021719801056370443 0.5833245120672199 0.8119487446037534
vn 0.033063131712460364 0.4138145967301178 0.9097605777645317
vn 0.04313586249940296 0.22840201696865756 0.9726108245393331
vn 0.05155090968364426 0.03421207132036001 0.9980841837674613
vn 0.05798488167852776 -0.16129262905460282 0.9852017262009752
vn 0.06219053051731816 -0.350598940097373 0.9344585176007403
vn 0.06400622392019031 -0.5264319152290227 0.8478046012659884
vn 0.0633622020951669 -0.6820344173527944 0.728570027445465
vn 0.06028320462095345 -0.8114267347759516 0.5813368983055057
vn 0.054887554638908834 -0.9096363633612292 0.4117633334777622
vn 0.0473826113943296 -0.9728891770050603 0.22636593693369703
vn 0.0380567806106869 -0.9987544072711821 0.032269419051784085
vn 0.027268445216827586 -0.9862380659104807 -0.16306719242266865
vn 0.015432199002815023 -0.9358211476542093 -0.3521372272809228
vn 0.0030029043430145927 -0.8494411671533104 -0.5276747919985647
vn 0.16222423734836866 -0.8338796712174847 -0.5275679963255542
vn 0.14725884420910407 -0.7153957304325038 -0.683025461956685
vn 0.12663439234249532 -0.5694195175129866 -0.8122346605207909
vn 0.10114344813848983 -0.4015608076047818 -0.9102301471026171
vn 0.07176561670541066 -0.2182703768394778 -0.9732459806509578
vn 0.039629875974080624 -0.026591930109282465 -0.9988605218864853
vn 0.005971178452282974 0.16610843054035299 -0.9860894149778263
vn -0.027916988682433645 0.35242534093467626 -0.9354234446548698
vn -0.06073232032302876 0.5251987608651882 -0.8488096646798102
vn -0.09121374765015487 0.6777890309073689 -0.7295766456111817
vn -0.11818986858245925 0.804332297351626 -0.5823063715961868
vn -0.14062403047922484 0.8999655186237475 -0.4126583906090694
vn -0.15765409374095468 0.9610135678714108 -0.22715217166864088
vn -0.1686255882556787 0.9851304004677301 -0.03291663803786395
vn -0.17311690545466604 0.9713892227162143 0.16258387077625178
vn -0.17095543148996226 0.9203181107888586 0.3518363474658452
vn -0.16222423734836866 0.8338796712174847 0.5275679963255542
vn -0.14725884420910407 0.7153957304325038 0.683025461956685
vn -0.12663439234249532 0.5694195175129866 0.8122346605207909
vn -0.10114344813848983 0.4015608076047818 0.9102301471026171
vn -0.07176561670541066 0.2182703768394778 0.9732459806509578
vn -0.039629875974080624 0.026591930109282465 0.9988605218864853
vn -0.005971178452282974 -0.16610843054035299 0.9860894149778263
vn 0.027916988682433645 -0.35242534093467626 0.9354234446548698
vn 0.06073232032302876 -0.5251987608651882 0.8488096646798102
vn 0.09121374765015487 -0.6777890309073689 0.7295766456111817
vn 0.11818986858245925 -0.804332297351626 0.5823063715961868
vn 0.14062403047922484 -0.8999655186237475 0.4126583906090694
vn 0.15765409374095468 -0.9610135678714108 0.22715217166864088
vn 0.1686255882556787 -0.9851304004677301 0.03291663803786395
vn 0.17311690545466604 -0.9713892227162143 -0.16258387077625178
vn 0.17095543148996226 -0.9203181107888586 -0.3518363474658452
vn 0.16222423734836866 -0.8338796712174847 -0.5275679963255542
vn 0.31536609552230954 -0.8035180726110961 -0.5048791269030272
vn 0.3010169594425381 -0.6867217487115015 -0.6616661015758526
vn 0.27509991241516046 -0.5435350716503787 -0.793025638977195
vn 0.2386109374107291 -0.3794606613618629 -0.8939096302349533
vn 0.19295229094212732 -0.20080378731209164 -0.9604411759297418
vn 0.13987857422244498 -0.014430126504264007 -0.9900635110550065
vn 0.08142941484801795 0.17249806309377236 -0.9816382575197478
vn 0.019850969551029655 0.35279727402350525 -0.9354891888469198
vn -0.0424903412243961 0.5195386465406221 -0.8533898087353593
vn -0.10319876645298368 0.6663144810399473 -0.7384951096378691
vn -0.1599413308204054 0.7874841703273656 -0.5952205071897461
vn -0.21053743318315385 0.8783913236333978 -0.42907187252745477
vn -0.2530426927685168 0.9355423856556553 -0.24643425143064623
vn -0.2858236668677641 0.9567410740296788 -0.05432631703697643
vn -0.30762061967646054 0.9411727340221552 0.1398693643480663
vn -0.3175958722081277 0.8894356570547401 0.3286899358300481
vn -0.31536609552230954 0.8035180726110961 0.5048791269030272
vn -0.3010169594425381 0.6867217487115015 0.6616661015758526
vn -0.27509991241516046 0.5435350716503787 0.793025638977195
vn -0.2386109374107291 0.3794606613618629 0.8939096302349533
vn -0.19295229094212732 0.20080378731209164 0.9604411759297418
vn -0.13987857422244498 0.014430126504264007 0.9900635110550065
vn -0.08142941484801795 -0.17249806309377236 0.9816382575197478
vn -0.019850969551029655 -0.35279727402350525 0.9354891888469198
vn 0.0424903412243961 -0.5195386465406221 0.8533898087353593
vn 0.10319876645298368 -0.6663144810399473 0.7384951096378691
vn 0.1599413308204054 -0.7874841703273656 0.5952205071897461
vn 0.21053743318315385 -0.8783913236333978 0.42907187252745477
vn 0.2530426927685168 -0.9355423856556553 0.24643425143064623
vn 0.2858236668677641 -0.9567410740296788 0.05432631703697643
vn 0.30762061967646054 -0.9411727340221552 -0.1398693643480663
vn 0.3175958722081277 -0.8894356570547401 -0.3286899358300481
vn 0.31536609552230954 -0.8035180726110961 -0.5048791269030272
vn 0.4553919101123129 -0.7657230436881088 -0.45418765787863247
vn 0.4463538809147848 -0.6516100740385475 -0.6133290506765423
vn 0.42016271120061754 -0.5124561234920362 -0.7489005391986717
vn 0.3778249387333661 -0.3536087334417188 -0.8556922223000929
vn 0.32096755798023896 -0.1811723725668501 -0.9296001280887929
vn 0.2517755575122447 -0.001773649789655045 -0.9677840269429031
vn 0.1729079781006924 0.17769321779178218 -0.9687765229710786
vn 0.08739564665217597 0.350331459374009 -0.932539473437519
vn -0.0014752561579177725 0.5095066389168008 -0.8604654603869776
vn -0.09028946773962832 0.6491017460707176 -0.7553242583574559
vn -0.175633892041704 0.7637522800340094 -0.6211563335498845
vn -0.254228834173978 0.8490522035933066 -0.46311775548761946
vn -0.3230538653381959 0.9017235600797908 -0.2872817802908471
vn -0.3794641470756178 0.9197421611801622 -0.10040576692510564
vn -0.42129183581575996 0.9024155900053477 0.09032879934044653
vn -0.4469294914945492 0.8504096996732124 0.2775920970311301
vn -0.4553919101123129 0.7657230436881088 0.45418765787863247
vn -0.4463538809147848 0.6516100740385475 0.6133290506765423
vn -0.42016271120061754 0.5124561234920362 0.7489005391986717
vn -0.3778249387333661 0.3536087334417188 0.8556922223000929
vn -0.32096755798023896 0.1811723725668501 0.9296001280887929
vn -0.2517755575122447 0.001773649789655045 0.9677840269429031
vn -0.1729079781006924 -0.17769321779178218 0.9687765229710786
vn -0.08739564665217597 -0.350331459374009 0.932539473437519
vn 0.0014752561579177725 -0.5095066389168008 0.8604654603869776
vn 0.09028946773962832 -0.6491017460707176 0.7553242583574559
vn 0.175633892041704 -0.7637522800340094 0.6211563335498845
vn 0.254228834173978 -0.8490522035933066 0.46311775548761946
vn 0.3230538653381959 -0.9017235600797908 0.2872817802908471
vn 0.3794641470756178 -0.9197421611801622 0.10040576692510564
vn 0.42129183581575996 -0.9024155900053477 -0.09032879934044653
vn 0.4469294914945492 -0.8504096996732124 -0.2775920970311301
vn 0.4553919101123129 -0.7657230436881088 -0.45418765787863247
vn 0.5729813976790008 -0.7307385553578886 -0.37109767127709764
vn 0.575789101928993 -0.6200788106786147 -0.5328875853753757
vn 0.556469562702785 -0.48558977510977275 -0.6741989291701755
vn 0.5157651838348509 -0.33243980598357115 -0.7896011971504399
vn 0.4552402682107802 -0.16651434785807998 -0.8746595167016564
vn 0.3772207270563466 0.005810151450176104 -0.9261051588341399
vn 0.2847047750893758 0.17791137128712922 -0.9419611111972942
vn 0.18124779605001665 0.3431755516425843 -0.9216180212983139
vn 0.07082556997408253 0.4952516898732086 -0.86585766862434
vn -0.04231844520977018 0.6282956079968769 -0.7768228743844136
vn -0.15383619120356898 0.7371944213177607 -0.6579352638778004
vn -0.25944209344975766 0.8177633363112221 -0.5137634922136314
vn -0.35507776849281353 0.8669060350512648 -0.3498481166361468
vn -0.43706804374776603 0.8827339978723632 -0.1724883014432444
vn -0.502262011371278 0.8646390102013694 0.011500172662816102
vn -0.5481543588242945 0.8133164118358326 0.19504669476925923
vn -0.5729813976790008 0.7307385553578886 0.37109767127709764
vn -0.575789101928993 0.6200788106786147 0.5328875853753757
vn -0.556469562702785 0.48558977510977275 0.6741989291701755
vn -0.5157651838348509 0.33243980598357115 0.7896011971504399
vn -0.4552402682107802 0.16651434785807998 0.8746595167016564
vn -0.3772207270563466 -0.005810151450176104 0.9261051588341399
vn -0.2847047750893758 -0.17791137128712922 0.9419611111972942
vn -0.18124779605001665 -0.3431755516425843 0.9216180212983139
vn -0.07082556997408253 -0.4952516898732086 0.86585766862434
vn 0.04231844520977018 -0.6282956079968769 0.7768228743844136
vn 0.15383619120356898 -0.7371944213177607 0.6579352638778004
vn 0.25944209344975766 -0.8177633363112221 0.5137634922136314
vn 0.35507776849281353 -0.8669060350512648 0.3498481166361468
vn 0.43706804374776603 -0.8827339978723632 0.1724883014432444
vn 0.502262011371278 -0.8646390102013694 -0.011500172662816102
vn 0.5481543588242945 -0.8133164118358326 -0.19504669476925923
vn 0.5729813976790008 -0.7307385553578886 -0.37109767127709764
vn 0.655819373010592 -0.7099415839269249 -0.2566785877227062
vn 0.6782252818952144 -0.6032689836846948 -0.4196153003909561
vn 0.6745674061844574 -0.4734130833283587 -0.5664264003797048
vn 0.6449862666232866 -0.325364169817882 -0.6914700809623473
vn 0.5906186627438206 -0.16481171346253823 -0.7899409435674565
vn 0.5135539180327117 0.0020743627126416906 -0.8580548177666665
vn 0.41675358467333035 0.1688807286655187 -0.8931941273582875
vn 0.30393765135366907 0.3291971169633987 -0.8940084799780155
vn 0.1794415717280241 0.47686261069490116 -0.8604666018254395
vn 0.0480496356580795 0.6062025957366187 -0.7938574465452292
vn -0.08518881650216881 0.712246502641258 -0.696740830595033
vn -0.2151535006756878 0.7909191855594789 -0.5728488570826755
vn -0.33684996815460444 0.8391973040570939 -0.42694260014379815
vn -0.44560147974692615 0.855225537382526 -0.2646291772577605
vn -0.537228776207472 0.8383879270011674 -0.09214622007064245
vn -0.6082106715553938 0.7893315406838525 0.08387787484070253
vn -0.655819373010592 0.7099415839269249 0.2566785877227062
vn -0.6782252818952144 0.6032689836846948 0.4196153003909561
vn -0.6745674061844574 0.4734130833283587 0.5664264003797048
vn -0.6449862666232866 0.325364169817882 0.6914700809623473
vn -0.5906186627438206 0.16481171346253823 0.7899409435674565
vn -0.5135539180327117 -0.0020743627126416906 0.8580548177666665
vn -0.41675358467333035 -0.1688807286655187 0.8931941273582875
vn -0.30393765135366907 -0.3291971169633987 0.8940084799780155
vn -0.1794415717280241 -0.47686261069490116 0.8604666018254395
vn -0.0480496356580795 -0.6062025957366187 0.7938574465452292
vn 0.08518881650216881 -0.712246502641258 0.696740830595033
vn 0.2151535006756878 -0.7909191855594789 0.5728488570826755
vn 0.33684996815460444 -0.8391973040570939 0.42694260014379815
vn 0.44560147974692615 -0.855225537382526 0.2646291772577605
vn 0.537228776207472 -0.8383879270011674 0.09214622007064245
vn 0.6082106715553938 -0.7893315406838525 -0.08387787484070253
vn 0.655819373010592 -0.7099415839269249 -0.2566785877227062
vn 0.6916762592559003 -0.7112948300665964 -0.12507444624021474
vn 0.7403232066451737 -0.6088581255647593 -0.2849795302059004
vn 0.7605199684470837 -0.4830233372537258 -0.43393298245411177
vn 0.7514903459940389 -0.3386262318735496 -0.5662106807230685
vn 0.7135813794836933 -0.18121591115269947 -0.6767291987192855
vn 0.648249912632544 -0.01684156402739981 -0.7612413628363938
vn 0.5580065307451436 0.14817999454851077 -0.8164994800129222
vn 0.44631928999840903 0.3075070733917313 -0.8403799683413262
vn 0.3174802293469259 0.45501684147156357 -0.8319651302494986
vn 0.1764406074956274 0.5850405560885386 -0.7915783345684669
vn 0.028620458069076607 0.6925814939555737 -0.7207716306918451
vn -0.1202995620731134 0.7735069346611956 -0.6222660503322178
vn -0.2645965169613415 0.824706896789793 -0.49984719424967883
vn -0.39872521595121585 0.8442138525153485 -0.35821944864265787
vn -0.5175310986462204 0.831278148061453 -0.2028255469351859
vn -0.6164485869499543 0.78639686838763 -0.039637167375245
vn -0.6916762592559003 0.7112948300665964 0.12507444624021474
vn -0.7403232066451737 0.6088581255647593 0.2849795302059004
vn -0.7605199684470837 0.4830233372537258 0.43393298245411177
vn -0.7514903459940389 0.3386262318735496 0.5662106807230685
vn -0.7135813794836933 0.18121591115269947 0.6767291987192855
vn -0.648249912632544 0.01684156402739981 0.7612413628363938
vn -0.5580065307451436 -0.14817999454851077 0.8164994800129222
vn -0.44631928999840903 -0.3075070733917313 0.8403799683413262
vn -0.3174802293469259 -0.45501684147156357 0.8319651302494986
vn -0.1764406074956274 -0.5850405560885386 0.7915783345684669
vn -0.028620458069076607 -0.6925814939555737 0.7207716306918451
vn 0.1202995620731134 -0.7735069346611956 0.6222660503322178
vn 0.2645965169613415 -0.824706896789793 0.49984719424967883
vn 0.39872521595121585 -0.8442138525153485 0.35821944864265787
vn 0.5175310986462204 -0.831278148061453 0.2028255469351859
vn 0.6164485869499543 -0.78639686838763 0.039637167375245
vn 0.6916762592559003 -0.7112948300665964 -0.12507444624021474
vn 0.6790478992045176 -0.7340674580294261 -0.006238401089067939
vn 0.7559056972390918 -0.6355111082203563 -0.15726477103921602
vn 0.8037144685798014 -0.5125324221924482 -0.3022475296789524
vn 0.82063693900478 -0.36985740557881436 -0.4356150983142955
vn 0.8060228075413044 -0.21296895635767799 -0.5522422089546892
vn 0.7604336691802219 -0.04789624706245768 -0.6476469596118217
vn 0.6856214608319083 0.1190170904680567 -0.7181630348487998
vn 0.5844612084147708 0.28135666070975623 -0.7610804985890789
vn 0.46084046040694476 0.4328838556453927 -0.7747500484501397
vn 0.319509862847816 0.5677756053220293 -0.7586463665926128
vn 0.16590069004666153 0.6808479930067992 -0.7133883735109896
vn 0.005916046914288259 0.7677558070041518 -0.6407152418979214
vn -0.15429595202940105 0.8251591969058361 -0.543419781521667
vn -0.3085784542439587 0.8508521716929002 -0.42524101342871956
vn -0.4510024441396836 0.843847385275076 -0.29072045979677624
vn -0.5760946699287708 0.80441401007375 -0.14502769279254712
vn -0.6790478992045176 0.7340674580294261 0.006238401089067939
vn -0.7559056972390918 0.6355111082203563 0.15726477103921602
vn -0.8037144685798014 0.5125324221924482 0.3022475296789524
vn -0.82063693900478 0.36985740557881436 0.4356150983142955
vn -0.8060228075413044 0.21296895635767799 0.5522422089546892
vn -0.7604336691802219 0.04789624706245768 0.6476469596118217
vn -0.6856214608319083 -0.1190170904680567 0.7181630348487998
vn -0.5844612084147708 -0.28135666070975623 0.7610804985890789
vn -0.46084046040694476 -0.4328838556453927 0.7747500484501397
vn -0.319509862847816 -0.5677756053220293 0.7586463665926128
vn -0.16590069004666153 -0.6808479930067992 0.7133883735109896
vn -0.005916046914288259 -0.7677558070041518 0.6407152418979214
vn 0.15429595202940105 -0.8251591969058361 0.543419781521667
vn 0.3085784542439587 -0.8508521716929002 0.42524101342871956
vn 0.4510024441396836 -0.843847385275076 0.29072045979677624
vn 0.5760946699287708 -0.80441401007375 0.14502769279254712
vn 0.6790478992045176 -0.7340674580294261 -0.006238401089067939
vn 0.6353015931504333 -0.7691764870099923 0.06898853217374944
vn 0.7362669199324838 -0.6731724224425787 -0.06891960734017498
vn 0.8089379126669094 -0.5512987412387866 -0.2041792138260725
vn 0.8505219233437384 -0.40823888837831745 -0.3315923218762815
vn 0.8594208334317633 -0.24949069247417105 -0.44626250731179745
vn 0.8352926968993912 -0.08115469663816154 -0.5437830686221389
vn 0.7790647096807746 0.0903000304003881 -0.6204063850732836
vn 0.6928976795684881 0.25828456958690643 -0.6731878539916709
vn 0.5801030289784654 0.41634338321691455 -0.7000990380092685
vn 0.44501530727584065 0.5584023545099817 -0.7001058396898985
vn 0.29282594015174435 0.6790022320785881 -0.6732079452936826
vn 0.12938340184638933 0.7735084400720283 -0.6204390610398358
vn -0.03903125987067605 0.8382891449865167 -0.543827059046056
vn -0.20594596327202971 0.8708548915406399 -0.446316051797038
vn -0.36494630017382707 0.86995415549984 -0.33165338128533417
vn -0.509921927491451 0.8356215670987415 -0.20424550047148368
vn -0.6353015931504333 0.7691764870099923 -0.06898853217374944
vn -0.7362669199324838 0.6731724224425787 0.06891960734017498
vn -0.8089379126669094 0.5512987412387866 0.2041792138260725
vn -0.8505219233437384 0.40823888837831745 0.3315923218762815
vn -0.8594208334317633 0.24949069247417105 0.44626250731179745
vn -0.8352926968993912 0.08115469663816154 0.5437830686221389
vn -0.7790647096807746 -0.0903000304003881 0.6204063850732836
vn -0.6928976795684881 -0.25828456958690643 0.6731878539916709
vn -0.5801030289784654 -0.41634338321691455 0.7000990380092685
vn -0.44501530727584065 -0.5584023545099817 0.7001058396898985
vn -0.29282594015174435 -0.6790022320785881 0.6732079452936826
vn -0.12938340184638933 -0.7735084400720283 0.6204390610398358
vn 0.03903125987067605 -0.8382891449865167 0.543827059046056
vn 0.20594596327202971 -0.8708548915406399 0.446316051797038
vn 0.36494630017382707 -0.86995415549984 0.33165338128533417
vn 0.509921927491451 -0.8356215670987415 0.20424550047148368
vn 0.6353015931504333 -0.7691764870099923 0.06898853217374944
vn 0.5852934544354329 -0.8058533429254614 0.08962121339781502
vn 0.7028824738840023 -0.7104502968730102 -0.034879844892955696
vn 0.7934601408332265 -0.5877450183651414 -0.15804049574674234
vn 0.8535455551159483 -0.4424530610237029 -0.2751277414812305
vn 0.8808297085499325 -0.28015783959132323 -0.3816419912055849
vn 0.8742640623533323 -0.10709633689251839 -0.47348994065518735
vn 0.8341009594146934 0.07008082400557324 -0.5471419081099417
vn 0.7618837953454339 0.2445648163826856 -0.5997675657934001
vn 0.6603878780681233 0.40965032851603667 -0.6293444675592094
vn 0.5335135909271196 0.558993204961276 -0.634736043645838
vn 0.3861367422655201 0.6868542465148771 -0.6157350569173821
vn 0.22392081486366436 0.7883199197063168 -0.5730716995848065
vn 0.05309977381436923 0.8594908712700774 -0.5083855389606062
vn -0.11976187928278414 0.8976320813294306 -0.42416239677610545
vn -0.28802115201704087 0.901277795446361 -0.3236389213709071
vn -0.4452119235155757 0.8702879076225444 -0.21067819299950016
vn -0.5852934544354329 0.8058533429254614 -0.08962121339781502
vn -0.7028824738840023 0.7104502968730102 0.034879844892955696
vn -0.7934601408332265 0.5877450183651414 0.15804049574674234
vn -0.8535455551159483 0.4424530610237029 0.2751277414812305
vn -0.8808297085499325 0.28015783959132323 0.3816419912055849
vn -0.8742640623533323 0.10709633689251839 0.47348994065518735
vn -0.8341009594146934 -0.07008082400557324 0.5471419081099417
vn -0.7618837953454339 -0.2445648163826856 0.5997675657934001
vn -0.6603878780681233 -0.40965032851603667 0.6293444675592094
vn -0.5335135909271196 -0.558993204961276 0.634736043645838
vn -0.3861367422655201 -0.6868542465148771 0.6157350569173821
vn -0.22392081486366436 -0.7883199197063168 0.5730716995848065
vn -0.05309977381436923 -0.8594908712700774 0.5083855389606062
vn 0.11976187928278414 -0.8976320813294306 0.42416239677610545
vn 0.28802115201704087 -0.901277795446361 0.3236389213709071
vn 0.4452119235155757 -0.8702879076225444 0.21067819299950016
vn 0.5852934544354329 -0.8058533429254614 0.08962121339781502
vn 0.5432610004697821 -0.8369944828724332 0.0656332309861379
vn 0.670158404480329 -0.7406279050337041 -0.04855943975960182
vn 0.7713019895148105 -0.6157994308071153 -0.16088599065216244
vn 0.842804911230117 -0.4673060788541013 -0.26702979285540224
vn 0.8819192850093248 -0.30085445140016603 -0.3629117989282606
vn 0.8871420093472325 -0.12284113560409131 -0.4448472891396013
vn 0.8582723665788147 0.05989288489165946 -0.5096875387004819
vn 0.7964197836323688 0.2403252524458997 -0.5549408088037725
vn 0.7039612354821833 0.4115220502949741 -0.5788680169601866
vn 0.5844498674020807 0.5669042871347475 -0.5805496376038264
vn 0.44247840004055927 0.7005007448942048 -0.5599210407729033
vn 0.28350276246253553 0.8071773192103584 -0.517775008115002
vn 0.11363224273916887 0.8828345200462636 -0.45573119667710926
vn -0.060605093267126396 0.9245648893236149 -0.3761738801406801
vn -0.23251340214639724 0.9307647516152937 -0.28216040645850426
vn -0.3954863633157124 0.9011958434875154 -0.17730366074093962
vn -0.5432610004697821 0.8369944828724332 -0.0656332309861379
vn -0.670158404480329 0.7406279050337041 0.04855943975960182
vn -0.7713019895148105 0.6157994308071153 0.16088599065216244
vn -0.842804911230117 0.4673060788541013 0.26702979285540224
vn -0.8819192850093248 0.30085445140016603 0.3629117989282606
vn -0.8871420093472325 0.12284113560409131 0.4448472891396013
vn -0.8582723665788147 -0.05989288489165946 0.5096875387004819
vn -0.7964197836323688 -0.2403252524458997 0.5549408088037725
vn -0.7039612354821833 -0.4115220502949741 0.5788680169601866
vn -0.5844498674020807 -0.5669042871347475 0.5805496376038264
vn -0.44247840004055927 -0.7005007448942048 0.5599210407729033
vn -0.28350276246253553 -0.8071773192103584 0.517775008115002
vn -0.11363224273916887 -0.8828345200462636 0.45573119667710926
vn 0.060605093267126396 -0.9245648893236149 0.3761738801406801
vn 0.23251340214639724 -0.9307647516152937 0.28216040645850426
vn 0.3954863633157124 -0.9011958434875154 0.17730366074093962
vn 0.5432610004697821 -0.8369944828724332 0.0656332309861379
vn 0.509175915694485 -0.8605152094445231 0.015920464545077194
vn 0.6398307250435064 -0.7628881532466967 -0.09283484758508372
vn 0.7458972259454084 -0.6359437043748111 -0.1980225572832232
vn 0.823299276449273 -0.4845603334034031 -0.2956003800574123
vn 0.8690624078807857 -0.31455557965644115 -0.3818184365840017
vn 0.8814279515657577 -0.13246262191627034 -0.4533634524238355
vn 0.8599207352467871 0.054720807509971756 -0.5074859232708645
vn 0.8053672257949741 0.23980134559601254 -0.5421060286195393
vn 0.7198639032572308 0.41566643791884184 -0.5558933109645464
vn 0.6066966503153179 0.5755576945369631 -0.5483178957096589
vn 0.47021434800913153 0.7133306430212852 -0.5196709157276235
vn 0.3156619964003765 0.8236906523185313 -0.4710533019856682
vn 0.14897890653991183 0.9023966949777193 -0.40433339003780155
vn -0.023429341975789556 0.9464241412295343 -0.322075163327631
vn -0.19493721212336232 0.954081048067695 -0.2274397437732018
vn -0.35895377335785766 0.9250731452286483 -0.1240639535438566
vn -0.509175915694485 0.8605152094445231 -0.015920464545077194
vn -0.6398307250435064 0.7628881532466967 0.09283484758508372
vn -0.7458972259454084 0.6359437043748111 0.1980225572832232
vn -0.823299276449273 0.4845603334034031 0.2956003800574123
vn -0.8690624078807857 0.31455557965644115 0.3818184365840017
vn -0.8814279515657577 0.13246262191627034 0.4533634524238355
vn -0.8599207352467871 -0.054720807509971756 0.5074859232708645
vn -0.8053672257949741 -0.23980134559601254 0.5421060286195393
vn -0.7198639032572308 -0.41566643791884184 0.5558933109645464
vn -0.6066966503153179 -0.5755576945369631 0.5483178957096589
vn -0.47021434800913153 -0.7133306430212852 0.5196709157276235
vn -0.3156619964003765 -0.8236906523185313 0.4710533019856682
vn -0.14897890653991183 -0.9023966949777193 0.40433339003780155
vn 0.023429341975789556 -0.9464241412295343 0.322075163327631
vn 0.19493721212336232 -0.954081048067695 0.2274397437732018
vn 0.35895377335785766 -0.9250731452286483 0.1240639535438566
vn 0.509175915694485 -0.8605152094445231 0.015920464545077194
vn 0.4753966137589365 -0.8788879706251755 -0.03942073967973136
vn 0.6060479339861085 -0.7814686967307192 -0.14836636324032673
vn 0.7134092022135549 -0.6540180002721738 -0.2516103446144568
vn 0.7933545494464602 -0.5014337761922462 -0.345185061910548
vn 0.8428117174909204 -0.3295797163603581 -0.4254945586301086
vn 0.8598801070810771 -0.14506009513283077 -0.4894525209315911
vn 0.8439037848033896 0.0450341070780294 -0.5346010953918808
vn 0.7954967157505672 0.23339766661703376 -0.5592052435803738
vn 0.7165191634178735 0.4127918701832885 -0.5623194469032117
vn 0.610006164849317 0.5763227449996408 -0.5438240270913995
vn 0.4800509796305225 0.7177058437184385 -0.5044297561089948
vn 0.33164772060215686 0.8315079129174354 -0.4456505134913279
vn 0.17049939860869123 0.9133555851861455 -0.369745223205586
vn 0.0027988912160150665 0.9601035308065904 -0.279630785752713
vn -0.1650091745042477 0.9699552278641825 -0.17877032267232856
vn -0.3264760282111324 0.9425320953117133 -0.07103979385383324
vn -0.4753966137589365 0.8788879706251755 0.03942073967973136
vn -0.6060479339861085 0.7814686967307192 0.14836636324032673
vn -0.7134092022135549 0.6540180002721738 0.2516103446144568
vn -0.7933545494464602 0.5014337761922462 0.345185061910548
vn -0.8428117174909204 0.3295797163603581 0.4254945586301086
vn -0.8598801070810771 0.14506009513283077 0.4894525209315911
vn -0.8439037848033896 -0.0450341070780294 0.5346010953918808
vn -0.7954967157505672 -0.23339766661703376 0.5592052435803738
vn -0.7165191634178735 -0.4127918701832885 0.5623194469032117
vn -0.610006164849317 -0.5763227449996408 0.5438240270913995
vn -0.4800509796305225 -0.7177058437184385 0.5044297561089948
vn -0.33164772060215686 -0.8315079129174354 0.4456505134913279
vn -0.17049939860869123 -0.9133555851861455 0.369745223205586
vn -0.0027988912160150665 -0.9601035308065904 0.279630785752713
vn 0.1650091745042477 -0.9699552278641825 0.17877032267232856
vn 0.3264760282111324 -0.9425320953117133 0.07103979385383324
vn 0.4753966137589365 -0.8788879706251755 -0.03942073967973136
vn 0.4337718503733049 -0.8974267279400818 -0.08041921289391936
vn 0.5619080720065278 -0.8037703715326315 -0.19548019966278413
vn 0.668450481665843 -0.6792255710414151 -0.3030290038992402
vn 0.7493047195631279 -0.5285785252842861 -0.39893255050034615
vn 0.801363608956939 -0.35761846074768916 -0.47950537303763724
vn 0.8226265264982852 -0.17291535339872563 -0.5416510670721143
vn 0.8122763712798039 0.018432807356737045 -0.582981413317323
vn 0.7707109215899167 0.20907259838981823 -0.6019080693465997
vn 0.6995274548364205 0.39167786337772675 -0.5977037654808094
vn 0.6014615266444251 0.5592311592006727 -0.5705300540248772
vn 0.48028180006320026 0.7052934766278874 -0.5214312076911007
vn 0.34064510076869964 0.8242518211943758 -0.4522939868935215
vn 0.1879176036621969 0.9115346007151808 -0.3657754036739944
vn 0.027968529635142268 0.9637876161026988 -0.2652002873247406
vn -0.13305535686065548 0.9790028167046515 -0.1544336650314382
vn -0.28896600234477493 0.9565954879390175 -0.037732240108325286
vn -0.4337718503733049 0.8974267279400818 0.08041921289391936
vn -0.5619080720065278 0.8037703715326315 0.19548019966278413
vn -0.668450481665843 0.6792255710414151 0.3030290038992402
vn -0.7493047195631279 0.5285785252842861 0.39893255050034615
vn -0.801363608956939 0.35761846074768916 0.47950537303763724
vn -0.8226265264982852 0.17291535339872563 0.5416510670721143
vn -0.8122763712798039 -0.018432807356737045 0.582981413317323
vn -0.7707109215899167 -0.20907259838981823 0.6019080693465997
vn -0.6995274548364205 -0.39167786337772675 0.5977037654808094
vn -0.6014615266444251 -0.5592311592006727 0.5705300540248772
vn -0.48028180006320026 -0.7052934766278874 0.5214312076911007
vn -0.34064510076869964 -0.8242518211943758 0.4522939868935215
vn -0.1879176036621969 -0.9115346007151808 0.3657754036739944
vn -0.027968529635142268 -0.9637876161026988 0.2652002873247406
vn 0.13305535686065548 -0.9790028167046515 0.1544336650314382
vn 0.28896600234477493 -0.9565954879390175 0.037732240108325286
vn 0.4337718503733049 -0.8974267279400818 -0.08041921289391936
vn 0.38111994290740175 -0.9204176218104881 -0.0870573981863917
vn 0.5047767262039826 -0.8363480733149685 -0.21382786755970212
vn 0.6090352082096636 -0.7201381494684621 -0.33238104765637627
vn 0.6898888277423939 -0.576253706154109 -0.4381610109307756
vn 0.7442303867392382 -0.4102241679185914 -0.5271027067939067
vn 0.7699716078676129 -0.22842994295289087 -0.5957881202577826
vn 0.7661232520038285 -0.03785727255997663 -0.6415777346926855
vn 0.7328332153270143 0.15417023185568934 -0.6627118665928905
vn 0.6713807780121929 0.34027306245197914 -0.6583783820002705
vn 0.5841276041082389 0.5132993452204467 -0.6287437668200211
vn 0.474426690879769 0.6665998755113398 -0.5749468853286694
vn 0.3464938401316071 0.7942833302434181 -0.4990551172448565
vn 0.20524542603501944 0.8914429196850303 -0.4039849453075346
vn 0.056109532262738106 0.9543448609865076 -0.2933898544563199
vn -0.09518260480075211 0.9805718630787339 -0.17151994951504848
vn -0.24281692633626648 0.9691160372619108 -0.04305864148320288
vn -0.38111994290740175 0.9204176218104881 0.0870573981863917
vn -0.5047767262039826 0.8363480733149685 0.21382786755970212
vn -0.6090352082096636 0.7201381494684621 0.33238104765637627
vn -0.6898888277423939 0.576253706154109 0.4381610109307756
vn -0.7442303867392382 0.4102241679185914 0.5271027067939067
vn -0.7699716078676129 0.22842994295289087 0.5957881202577826
vn -0.7661232520038285 0.03785727255997663 0.6415777346926855
vn -0.7328332153270143 -0.15417023185568934 0.6627118665928905
vn -0.6713807780121929 -0.34027306245197914 0.6583783820002705
vn -0.5841276041082389 -0.5132993452204467 0.6287437668200211
vn -0.474426690879769 -0.6665998755113398 0.5749468853286694
vn -0.3464938401316071 -0.7942833302434181 0.4990551172448565
vn -0.20524542603501944 -0.8914429196850303 0.4039849453075346
vn -0.056109532262738106 -0.9543448609865076 0.2933898544563199
vn 0.09518260480075211 -0.9805718630787339 0.17151994951504848
vn 0.24281692633626648 -0.9691160372619108 0.04305864148320288
vn 0.38111994290740175 -0.9204176218104881 -0.0870573981863917
vn 0.3239781208851037 -0.9450913517039241 -0.04290121352837002
vn 0.4410835292805264 -0.8781590633540061 -0.1851539350017977
vn 0.5412382988653491 -0.7774796355360026 -0.32029130517100807
vn 0.6205936291257392 -0.6469220745272515 -0.4431200480433062
vn 0.6760998905581579 -0.49150368144346235 -0.5489199113848672
vn 0.7056239811261561 -0.31719705318126246 -0.6336251468437765
vn 0.7080313409820986 -0.13070074930504363 -0.693980499955288
vn 0.6832294907895643 0.06081832437280213 -0.7276665406186527
vn 0.6321714712988443 0.25000018642793576 -0.7333888038836234
vn 0.5568195023280985 0.42957467133067334 -0.7109273124435666
vn 0.4600692017723019 0.5926408670252067 -0.6611453186041691
vn 0.34563876033001667 0.7329321680625334 -0.5859558723800655
vn 0.21792559488025037 0.8450573149685829 -0.4882484710822742
vn 0.0818376753340416 0.9247073999349252 -0.37177791677493455
vn -0.05739522051815042 0.9688214780431254 -0.24102019073929704
vn -0.1944224506385894 0.9757042972525262 -0.10100017331984772
vn -0.3239781208851037 0.9450913517039241 0.04290121352837002
vn -0.4410835292805264 0.8781590633540061 0.1851539350017977
vn -0.5412382988653491 0.7774796355360026 0.32029130517100807
vn -0.6205936291257392 0.6469220745272515 0.4431200480433062
vn -0.6760998905581579 0.49150368144346235 0.5489199113848672
vn -0.7056239811261561 0.31719705318126246 0.6336251468437765
vn -0.7080313409820986 0.13070074930504363 0.693980499955288
vn -0.6832294907895643 -0.06081832437280213 0.7276665406186527
vn -0.6321714712988443 -0.25000018642793576 0.7333888038836234
vn -0.5568195023280985 -0.42957467133067334 0.7109273124435666
vn -0.4600692017723019 -0.5926408670252067 0.6611453186041691
vn -0.34563876033001667 -0.7329321680625334 0.5859558723800655
vn -0.21792559488025037 -0.8450573149685829 0.4882484710822742
vn -0.0818376753340416 -0.9247073999349252 0.37177791677493455
vn 0.05739522051815042 -0.9688214780431254 0.24102019073929704
vn 0.1944224506385894 -0.9757042972525262 0.10100017331984772
vn 0.3239781208851037 -0.9450913517039241 -0.04290121352837002
vn 0.28035649633116466 -0.9583684793805758 0.05413033063520565
vn 0.3886830515845205 -0.915535272848685 -0.1035405697339398
vn 0.48207273492331537 -0.837518562609347 -0.2572324542672018
vn 0.5569366400417036 -0.7273164631490804 -0.4010390771625255
vn 0.6103977605190515 -0.5891640228965973 -0.5294339695161467
vn 0.6404016610703651 -0.42837032653959317 -0.6374830004311327
vn 0.6457952772593982 -0.25111460357452847 -0.7210339213525702
vn 0.6263713314568369 -0.0642086945603584 -0.7768759223143964
vn 0.5828763188949146 0.12516473110039347 -0.8028629938912866
vn 0.5169816587763894 0.30972814407562643 -0.7979965170702695
vn 0.4312197084661844 0.4823888668551433 -0.7624634707083021
vn 0.3288862057045933 0.6365116733734304 -0.6976293810875452
vn 0.2139137976959736 0.7661736584763381 -0.6059858184910516
vn 0.09072080901011212 0.8663920665989293 -0.49105449977266996
vn -0.03595853503030363 0.9333154911473386 -0.3572522606546763
vn -0.16125601879560852 0.9643721193464668 -0.20972103335000591
vn -0.28035649633116466 0.9583684793805758 -0.05413033063520565
vn -0.3886830515845205 0.915535272848685 0.1035405697339398
vn -0.48207273492331537 0.837518562609347 0.2572324542672018
vn -0.5569366400417036 0.7273164631490804 0.4010390771625255
vn -0.6103977605190515 0.5891640228965973 0.5294339695161467
vn -0.6404016610703651 0.42837032653959317 0.6374830004311327
vn -0.6457952772593982 0.25111460357452847 0.7210339213525702
vn -0.6263713314568369 0.0642086945603584 0.7768759223143964
vn -0.5828763188949146 -0.12516473110039347 0.8028629938912866
vn -0.5169816587763894 -0.30972814407562643 0.7979965170702695
vn -0.4312197084661844 -0.4823888668551433 0.7624634707083021
vn -0.3288862057045933 -0.6365116733734304 0.6976293810875452
vn -0.2139137976959736 -0.7661736584763381 0.6059858184910516
vn -0.09072080901011212 -0.8663920665989293 0.49105449977266996
vn 0.03595853503030363 -0.9333154911473386 0.3572522606546763
vn 0.16125601879560852 -0.9643721193464668 0.20972103335000591
vn 0.28035649633116466 -0.9583684793805758 0.05413033063520565
vn 0.2717896664652972 -0.944830822610661 0.1828253096470625
vn 0.36997312663639087 -0.9289385169793595 0.013896662875723293
vn 0.45393868834355866 -0.8773476395148502 -0.1555660202700132
vn 0.5204596566718218 -0.7920407724757408 -0.31905040434558446
vn 0.566979651155047 -0.676296239465451 -0.4702738262555022
vn 0.591710975698979 -0.5345619835536961 -0.6034248975444255
vn 0.5937031418620642 -0.3722848240438151 -0.71338670377978
vn 0.5728795993972654 -0.19570099861713453 -0.79593346690203
vn 0.5300406708097575 -0.011596470840373196 -0.8478929231639989
vn 0.4668325348685492 0.17295369005309258 -0.867268358401956
vn 0.3856843207203267 0.35085735573786087 -0.8533151356182171
vn 0.2897144550583672 0.5152777423681079 -0.8065695151381926
vn 0.18261102378156632 0.6598963335217297 -0.7288278555310755
vn 0.06848995573729211 0.7791554543575937 -0.623077767143007
vn -0.048263142769974746 0.8684720817042952 -0.49338312937328255
vn -0.1631615157615595 0.9244137978145817 -0.34472808151412904
vn -0.2717896664652972 0.944830822610661 -0.1828253096470625
vn -0.36997312663639087 0.9289385169793595 -0.013896662875723293
vn -0.45393868834355866 0.8773476395148502 0.1555660202700132
vn -0.5204596566718218 0.7920407724757408 0.31905040434558446
vn -0.566979651155047 0.676296239465451 0.4702738262555022
vn -0.591710975698979 0.5345619835536961 0.6034248975444255
vn -0.5937031418620642 0.3722848240438151 0.71338670377978
vn -0.5728795993972654 0.19570099861713453 0.79593346690203
vn -0.5300406708097575 0.011596470840373196 0.8478929231639989
vn -0.4668325348685492 -0.17295369005309258 0.867268358401956
vn -0.3856843207203267 -0.35085735573786087 0.8533151356182171
vn -0.2897144550583672 -0.5152777423681079 0.8065695151381926
vn -0.18261102378156632 -0.6598963335217297 0.7288278555310755
vn -0.06848995573729211 -0.7791554543575937 0.623077767143007
vn 0.048263142769974746 -0.8684720817042952 0.49338312937328255
vn 0.1631615157615595 -0.9244137978145817 0.34472808151412904
vn 0.2717896664652972 -0.944830822610661 0.1828253096470625
vn 0.308124955879165 -0.8994866504782562 0.30981087323699585
vn 0.39667043038149796 -0.9079622614466855 0.1351188419487746
vn 0.46997208573333943 -0.8815453868057083 -0.04476571939585973
vn 0.5252129532428155 -0.8212512287006387 -0.2229299735424811
vn 0.5602702021404481 -0.729396835562514 -0.39252714156462143
vn 0.573796574523144 -0.6095121547725174 -0.5470396916587211
vn 0.5652722787503219 -0.46620423188683596 -0.680529841408313
vn 0.5350248780778598 -0.30498036554952307 -0.7878676008486771
vn 0.4842167512182253 -0.13203625423261134 -0.8649280694993594
vn 0.4148004658431623 0.045981925062488695 -0.9087498204147517
vn 0.3294436256427661 0.22223303678265044 -0.9176488298285517
vn 0.231426450405125 0.38994387259791885 -0.891283105570964
vn 0.12451568980577031 0.5426693554173966 -0.8306658857104103
vn 0.012819860864049785 0.6745403900963387 -0.7381266241615362
vn -0.09936862336523099 0.7804891982715624 -0.6172215874966726
vn -0.20773843491884775 0.8564442627485207 -0.47259704555002296
vn -0.308124955879165 0.8994866504782562 -0.30981087323699585
vn -0.39667043038149796 0.9079622614466855 -0.1351188419487746
vn -0.46997208573333943 0.8815453868057083 0.04476571939585973
vn -0.5252129532428155 0.8212512287006387 0.2229299735424811
vn -0.5602702021404481 0.729396835562514 0.39252714156462143
vn -0.573796574523144 0.6095121547725174 0.5470396916587211
vn -0.5652722787503219 0.46620423188683596 0.680529841408313
vn -0.5350248780778598 0.30498036554952307 0.7878676008486771
vn -0.4842167512182253 0.13203625423261134 0.8649280694993594
vn -0.4148004658431623 -0.045981925062488695 0.9087498204147517
vn -0.3294436256427661 -0.22223303678265044 0.9176488298285517
vn -0.231426450405125 -0.38994387259791885 0.891283105570964
vn -0.12451568980577031 -0.5426693554173966 0.8306658857104103
vn -0.012819860864049785 -0.6745403900963387 0.7381266241615362
vn 0.09936862336523099 -0.7804891982715624 0.6172215874966726
vn 0.20773843491884775 -0.8564442627485207 0.47259704555002296
vn 0.308124955879165 -0.8994866504782562 0.30981087323699585
vn 0.3824362691829582 -0.8273518545250643 0.4113774529885624
vn 0.46331404811960475 -0.854500576489677 0.23488051769747534
vn 0.526386917749616 -0.8488113302045436 0.04935725416240887
vn 0.5692310220771576 -0.8105027515472852 -0.13806278730807287
vn 0.5901999470431223 -0.7410469647278992 -0.32017716748366576
vn 0.5884877515116846 -0.6431132037429759 -0.48998731972589593
vn 0.5641603499836441 -0.5204649595269255 -0.6409674916959267
vn 0.5181525416174781 -0.37781551965605203 -0.7673156956053844
vn 0.45223245939808226 -0.22064686268029085 -0.8641763504378646
vn 0.36893333050693444 -0.054998853872110814 -0.9278272057413577
vn 0.2714562768259066 0.11276272909312536 -0.9558221888506708
vn 0.1635473387399621 0.2761909096082117 -0.9470854499150879
vn 0.049353354381481196 0.4290052117360248 -0.9019527563651127
vn -0.06673725072169871 0.565333078774086 -0.8221585305827109
vn -0.18026318201146052 0.6799355354877837 -0.7107691979764205
vn -0.2868616934741203 0.7684084326366162 -0.5720654241169439
vn -0.3824362691829582 0.8273518545250643 -0.4113774529885624
vn -0.46331404811960475 0.854500576489677 -0.23488051769747534
vn -0.526386917749616 0.8488113302045436 -0.04935725416240887
vn -0.5692310220771576 0.8105027515472852 0.13806278730807287
vn -0.5901999470431223 0.7410469647278992 0.32017716748366576
vn -0.5884877515116846 0.6431132037429759 0.48998731972589593
vn -0.5641603499836441 0.5204649595269255 0.6409674916959267
vn -0.5181525416174781 0.37781551965605203 0.7673156956053844
vn -0.45223245939808226 0.22064686268029085 0.8641763504378646
vn -0.36893333050693444 0.054998853872110814 0.9278272057413577
vn -0.2714562768259066 -0.11276272909312536 0.9558221888506708
vn -0.1635473387399621 -0.2761909096082117 0.9470854499150879
vn -0.049353354381481196 -0.4290052117360248 0.9019527563651127
vn 0.06673725072169871 -0.565333078774086 0.8221585305827109
vn 0.18026318201146052 -0.6799355354877837 0.7107691979764205
vn 0.2868616934741203 -0.7684084326366162 0.5720654241169439
vn 0.3824362691829582 -0.8273518545250643 0.4113774529885624
vn 0.4793540311337685 -0.7347052803726792 0.4800290239436664
vn 0.5548403360611394 -0.7745973603970935 0.3035640471884264
vn 0.6090044343916498 -0.7847220852166401 0.11543330483250887
vn 0.6397648622674905 -0.7646903597608143 -0.07713348622184388
vn 0.6459394785913274 -0.7152720196198478 -0.2667360642022523
vn 0.6272909603764207 -0.6383662185652138 -0.44608813257559027
vn 0.5845360726967654 -0.5369282934297037 -0.6082972854048485
vn 0.519317747667533 -0.4148565542800604 -0.747129919310153
vn 0.4341423296861568 -0.276842122626491 -0.8572507665288702
vn 0.33228304412910586 -0.12818878669467954 -0.9344279605994465
vn 0.2176543441642828 0.025390775494487268 -0.9756955954529081
vn 0.094661309221278 0.1779945770199593 -0.9794677978820945
vn -0.03196950961052806 0.3237581509726323 -0.9455996034971907
vn -0.15737175771886852 0.4570798824647419 -0.8753925467574484
vn -0.2767263088144352 0.5728362867616373 -0.771544644579351
vn -0.3854464274676257 0.6665788858062068 -0.6380467385308072
vn -0.4793540311337685 0.7347052803726792 -0.4800290239436664
vn -0.5548403360611394 0.7745973603970935 -0.3035640471884264
vn -0.6090044343916498 0.7847220852166401 -0.11543330483250887
vn -0.6397648622674905 0.7646903597608143 0.07713348622184388
vn -0.6459394785913274 0.7152720196198478 0.2667360642022523
vn -0.6272909603764207 0.6383662185652138 0.44608813257559027
vn -0.5845360726967654 0.5369282934297037 0.6082972854048485
vn -0.519317747667533 0.4148565542800604 0.747129919310153
vn -0.4341423296861568 0.276842122626491 0.8572507665288702
vn -0.33228304412910586 0.12818878669467954 0.9344279605994465
vn -0.2176543441642828 -0.025390775494487268 0.9756955954529081
vn -0.094661309221278 -0.1779945770199593 0.9794677978820945
vn 0.03196950961052806 -0.3237581509726323 0.9455996034971907
vn 0.15737175771886852 -0.4570798824647419 0.8753925467574484
vn 0.2767263088144352 -0.5728362867616373 0.771544644579351
vn 0.3854464274676257 -0.6665788858062068 0.6380467385308072
vn 0.4793540311337685 -0.7347052803726792 0.4800290239436664
vn 0.583598802301057 -0.6254760131407788 0.5178727594093825
vn 0.6555274096113748 -0.6733388271019041 0.34190442987073577
vn 0.7022644875068407 -0.6953256127876508 0.15279686445811744
vn 0.7220139244013689 -0.6905914296885981 -0.042182581845976855
vn 0.7140167808070221 -0.6593181954425068 -0.23554098132684556
vn 0.6785803536289752 -0.6027077524428308 -0.4198476733460437
vn 0.6170664964901993 -0.5229355641330569 -0.5880198420752079
vn 0.5318390700857433 -0.4230672696264209 -0.7335947715879504
vn 0.4261734224997238 -0.3069407370796707 -0.8509780243201702
vn 0.3041301359977852 -0.17901864590832223 -0.9356586903327085
vn 0.17039929454253677 -0.04421696471537485 -0.9843825173431134
vn 0.030120122074202334 0.09228395158166312 -0.9952770722400412
vn -0.11131656039420527 0.2252384397810067 -0.967923689464733
vn -0.24847540179020947 0.34953716284268527 -0.9033735365268788
vn -0.37608548796560654 0.46040335049963366 -0.804107244458339
vn -0.4892427964588294 0.5535764743199887 -0.673939591649426
vn -0.583598802301057 0.6254760131407788 -0.5178727594093825
vn -0.6555274096113748 0.6733388271019041 -0.34190442987073577
vn -0.7022644875068407 0.6953256127876508 -0.15279686445811744
vn -0.7220139244013689 0.6905914296885981 0.042182581845976855
vn -0.7140167808070221 0.6593181954425068 0.23554098132684556
vn -0.6785803536289752 0.6027077524428308 0.4198476733460437
vn -0.6170664964901993 0.5229355641330569 0.5880198420752079
vn -0.5318390700857433 0.4230672696264209 0.7335947715879504
vn -0.4261734224997238 0.3069407370796707 0.8509780243201702
vn -0.3041301359977852 0.17901864590832223 0.9356586903327085
vn -0.17039929454253677 0.04421696471537485 0.9843825173431134
vn -0.030120122074202334 -0.09228395158166312 0.9952770722400412
vn 0.11131656039420527 -0.2252384397810067 0.967923689464733
vn 0.24847540179020947 -0.34953716284268527 0.9033735365268788
vn 0.37608548796560654 -0.46040335049963366 0.804107244458339
vn 0.4892427964588294 -0.5535764743199887 0.673939591649426
vn 0.583598802301057 -0.6254760131407788 0.5178727594093825
vn 0.683221081293069 -0.502215191577819 0.5300838192448285
vn 0.7528049866784866 -0.5546460689479568 0.3544748090239726
vn 0.793459011590789 -0.5857622126228956 0.16524353902194738
vn 0.8036208307011818 -0.594367873155583 -0.030337960110252915
vn 0.7828999899636161 -0.5801322565300423 -0.22475357760963616
vn 0.732092718461549 -0.5436025115674342 -0.41053204624384326
vn 0.6531515290585184 -0.48618243403491795 -0.5805339963554265
vn 0.5491101076843975 -0.4100786098046621 -0.7282263545213843
vn 0.4239666842213197 -0.3182157339791655 -0.8479333684426394
vn 0.28253045998647686 -0.21412398163992452 -0.9350547896602077
vn 0.1302367578229397 -0.10180356200398087 -0.9862425775006222
vn -0.027061881956148247 0.01442910662161029 -0.9995296170835027
vn -0.18332053836733303 0.13010726951279894 -0.9744052948504719
vn -0.3325343073088938 0.24078549017967166 -0.911835117870292
vn -0.46896895361242597 0.34221043887234215 -0.8142236400857354
vn -0.5873813708382911 0.43048447951214436 -0.6853219959196465
vn -0.683221081293069 0.502215191577819 -0.5300838192448285
vn -0.7528049866784866 0.5546460689479568 -0.3544748090239726
vn -0.793459011590789 0.5857622126228956 -0.16524353902194738
vn -0.8036208307011818 0.594367873155583 0.030337960110252915
vn -0.7828999899636161 0.5801322565300423 0.22475357760963616
vn -0.732092718461549 0.5436025115674342 0.41053204624384326
vn -0.6531515290585184 0.48618243403491795 0.5805339963554265
vn -0.5491101076843975 0.4100786098046621 0.7282263545213843
vn -0.4239666842213197 0.3182157339791655 0.8479333684426394
vn -0.28253045998647686 0.21412398163992452 0.9350547896602077
vn -0.1302367578229397 0.10180356200398087 0.9862425775006222
vn 0.027061881956148247 -0.01442910662161029 0.9995296170835027
vn 0.18332053836733303 -0.13010726951279894 0.9744052948504719
vn 0.3325343073088938 -0.24078549017967166 0.911835117870292
vn 0.46896895361242597 -0.34221043887234215 0.8142236400857354
vn 0.5873813708382911 -0.43048447951214436 0.6853219959196465
vn 0.683221081293069 -0.502215191577819 0.5300838192448285
vn 0.7697970456834168 -0.3674170761537712 0.5219360119858539
vn 0.8377306027638067 -0.42216456754577225 0.34638781026745197
vn 0.8734706563687382 -0.4606885273610257 0.15752807121492687
vn 0.8756437268654722 -0.4815084618075435 -0.037385355540369446
vn 0.8441662876085602 -0.48382431771303014 -0.2308620983502977
vn 0.7802480306230158 -0.467547049891956 -0.4154669262964672
vn 0.6863452621262265 -0.4333022426951574 -0.5841055963027818
vn 0.5660666124811915 -0.3824058701870181 -0.7302974330234073
vn 0.4240343868974313 -0.31681385638136694 -0.8484243155009681
vn 0.26570672532304385 -0.23904684847689933 -0.9339467545590416
vn 0.09716810977870391 -0.15209339475755113 -0.9835781401155466
vn -0.07510462455742124 -0.05929509964267143 -0.9954111645588745
vn -0.24449112898398118 0.03578188253798153 -0.9689910963110943
vn -0.40448198480073877 0.1294837916309238 -0.9053332379165888
vn -0.5489288039809853 0.2182097014739451 -0.8068839410613258
vn -0.6722805902875895 0.2985499415430573 -0.6774265571463871
vn -0.7697970456834168 0.3674170761537712 -0.5219360119858539
vn -0.8377306027638067 0.42216456754577225 -0.34638781026745197
vn -0.8734706563687382 0.4606885273610257 -0.15752807121492687
vn -0.8756437268654722 0.4815084618075435 0.037385355540369446
vn -0.8441662876085602 0.48382431771303014 0.2308620983502977
vn -0.7802480306230158 0.467547049891956 0.4154669262964672
vn -0.6863452621262265 0.4333022426951574 0.5841055963027818
vn -0.5660666124811915 0.3824058701870181 0.7302974330234073
vn -0.4240343868974313 0.31681385638136694 0.8484243155009681
vn -0.26570672532304385 0.23904684847689933 0.9339467545590416
vn -0.09716810977870391 0.15209339475755113 0.9835781401155466
vn 0.07510462455742124 0.05929509964267143 0.9954111645588745
vn 0.24449112898398118 -0.03578188253798153 0.9689910963110943
vn 0.40448198480073877 -0.1294837916309238 0.9053332379165888
vn 0.5489288039809853 -0.2182097014739451 0.8068839410613258
vn 0.6722805902875895 -0.2985499415430573 0.6774265571463871
vn 0.7697970456834168 -0.3674170761537712 0.5219360119858539
vn 0.8377851134794062 -0.22401944990811073 0.4979270927507018
vn 0.9044165499779256 -0.2797038222642824 0.3221746047359672
vn 0.936291773868733 -0.3246393271773858 0.13404111845085231
vn 0.932185833729169 -0.357099117780556 -0.05924349310264123
vn 0.892256506635372 -0.3758358096268864 -0.2502514147191675
vn 0.8180382772702119 -0.3801293338217653 -0.43164228996821513
vn 0.7123832716956958 -0.3698146946711618 -0.596445442445
vn 0.5793517873676964 -0.34528827939540274 -0.7383275090270018
vn 0.42405615261432056 -0.3074926508791282 -0.8518360458945529
vn 0.25246426327593996 -0.2578802392943807 -0.9326090166570392
vn 0.07117032292098406 -0.19835762769866458 -0.977542345205097
vn -0.11285865752475813 -0.1312122459169093 -0.9849092699041622
vn -0.2925505282824744 -0.05902446318345613 -0.9544266871517946
vn -0.46099986571865015 0.015431602132589305 -0.8872660195584007
vn -0.6117332670872209 0.08929464356996193 -0.7860081911586599
vn -0.738958060365415 0.15972614280202616 -0.6545445319659849
vn -0.8377851134794062 0.22401944990811073 -0.4979270927507018
vn -0.9044165499779256 0.2797038222642824 -0.3221746047359672
vn -0.936291773868733 0.3246393271773858 -0.13404111845085231
vn -0.932185833729169 0.357099117780556 0.05924349310264123
vn -0.892256506635372 0.3758358096268864 0.2502514147191675
vn -0.8180382772702119 0.3801293338217653 0.43164228996821513
vn -0.7123832716956958 0.3698146946711618 0.596445442445
vn -0.5793517873676964 0.34528827939540274 0.7383275090270018
vn -0.42405615261432056 0.3074926508791282 0.8518360458945529
vn -0.25246426327593996 0.2578802392943807 0.9326090166570392
vn -0.07117032292098406 0.19835762769866458 0.977542345205097
vn 0.11285865752475813 0.1312122459169093 0.9849092699041622
vn 0.2925505282824744 0.05902446318345613 0.9544266871517946
vn 0.46099986571865015 -0.015431602132589305 0.8872660195584007
vn 0.6117332670872209 -0.08929464356996193 0.7860081911586599
vn 0.738958060365415 -0.15972614280202616 0.6545445319659849
vn 0.8377851134794062 -0.22401944990811073 0.4979270927507018
vn 0.8838406638817046 -0.07538034628400232 0.4616746519609364
vn 0.9493312128406005 -0.13125778580878503 0.2855549719251437
vn 0.9783394895955638 -0.1820910715169606 0.09846159033702931
vn 0.9697507291738122 -0.22592670349617824 -0.09241562592013025
vn 0.9238949985523441 -0.2610800854232909 -0.2797413459704
vn 0.8425344844520234 -0.2862003154303915 -0.45631679999393787
vn 0.7287958772283493 -0.30032202238333483 -0.6153561994540597
vn 0.5870500172455635 -0.3029025179232299 -0.750747855067033
vn 0.42274415886643274 -0.2938426760377682 -0.8572886666014402
vn 0.24219249268836807 -0.2734905788388415 -0.930884364339519
vn 0.05233350158859968 -0.24262841672821836 -0.9687066924551695
vn -0.13953663302097216 -0.20244216764202527 -0.9693021700200454
vn -0.3260444762359993 -0.15447618359317697 -0.9326479015247287
vn -0.5000225981578224 -0.10057377231048045 -0.8601524967438859
vn -0.6547850906101326 -0.04280636047604904 -0.7546019484585733
vn -0.7843846276227056 0.01660607237364582 -0.620052412550351
vn -0.8838406638817046 0.07538034628400232 -0.4616746519609364
vn -0.9493312128406005 0.13125778580878503 -0.2855549719251437
vn -0.9783394895955638 0.1820910715169606 -0.09846159033702931
vn -0.9697507291738122 0.22592670349617824 0.09241562592013025
vn -0.9238949985523441 0.2610800854232909 0.2797413459704
vn -0.8425344844520234 0.2862003154303915 0.45631679999393787
vn -0.7287958772283493 0.30032202238333483 0.6153561994540597
vn -0.5870500172455635 0.3029025179232299 0.750747855067033
vn -0.42274415886643274 0.2938426760377682 0.8572886666014402
vn -0.24219249268836807 0.2734905788388415 0.930884364339519
vn -0.05233350158859968 0.24262841672821836 0.9687066924551695
vn 0.13953663302097216 0.20244216764202527 0.9693021700200454
vn 0.3260444762359993 0.15447618359317697 0.9326479015247287
vn 0.5000225981578224 0.10057377231048045 0.8601524967438859
vn 0.6547850906101326 0.04280636047604904 0.7546019484585733
vn 0.7843846276227056 -0.01660607237364582 0.620052412550351
vn 0.8838406638817046 -0.07538034628400232 0.4616746519609364
vn 0.9062605653428879 0.07491324968620551 0.4160285960433985
vn 0.9707092609868188 0.01913336285421256 0.23949414410443
vn 0.997854140139667 -0.03738180647455504 0.053756074548134775
vn 0.98665204383302 -0.09246041880570117 -0.13404780995748794
vn 0.9375334611906596 -0.143985826326835 -0.31670031727934944
vn 0.8523859983446963 -0.1899779291236791 -0.48718220028218795
vn 0.7344818159745503 -0.22866930206117575 -0.6389419475175986
vn 0.5883519179751437 -0.2585730310153929 -0.7661475107617869
vn 0.41961195018027897 -0.27853994866649645 -0.8639104746805473
vn 0.23474657334131344 -0.2878027235608911 -0.9284738222564192
vn 0.04086000077649764 -0.2860054060228829 -0.9573564477571718
vn -0.15459678923564202 -0.2732170794863134 -0.9494483978790001
vn -0.34411252577903323 -0.24992915248085262 -0.905053583133163
vn -0.5204042086099246 -0.21703658538525297 -0.8258780662212721
vn -0.676697033005076 -0.1758034423086209 -0.7149645272281462
vn -0.8069847914137178 -0.1278142645617082 -0.5765752858053387
vn -0.9062605653428879 -0.07491324968620551 -0.4160285960433985
vn -0.9707092609868188 -0.01913336285421256 -0.23949414410443
vn -0.997854140139667 0.03738180647455504 -0.053756074548134775
vn -0.98665204383302 0.09246041880570117 0.13404780995748794
vn -0.9375334611906596 0.143985826326835 0.31670031727934944
vn -0.8523859983446963 0.1899779291236791 0.48718220028218795
vn -0.7344818159745503 0.22866930206117575 0.6389419475175986
vn -0.5883519179751437 0.2585730310153929 0.7661475107617869
vn -0.41961195018027897 0.27853994866649645 0.8639104746805473
vn -0.23474657334131344 0.2878027235608911 0.9284738222564192
vn -0.04086000077649764 0.2860054060228829 0.9573564477571718
vn 0.15459678923564202 0.2732170794863134 0.9494483978790001
vn 0.34411252577903323 0.24992915248085262 0.905053583133163
vn 0.5204042086099246 0.21703658538525297 0.8258780662212721
vn 0.676697033005076 0.1758034423086209 0.7149645272281462
vn 0.8069847914137178 0.1278142645617082 0.5765752858053387
vn 0.9062605653428879 0.07491324968620551 0.4160285960433985
vn 0.90456407752385 0.22323582940634062 0.3632211366684069
vn 0.9680977885823467 0.16753346917017015 0.18633091114943173
vn 0.9944280475069815 0.10539288168208047 0.002280092585771953
vn 0.9825429947199679 0.03920210910218409 -0.18185834643660906
vn 0.932899364970377 -0.028495179766662704 -0.35900807730179674
vn 0.847404936992981 -0.09509741292445197 -0.5223613259181791
vn 0.7293452019957164 -0.15804511298912993 -0.6656405325594895
vn 0.5832571574467567 -0.21491923127855098 -0.7833395255658726
vn 0.41475485703736203 -0.2635340921815426 -0.8709352391664764
vn 0.23031375859353598 -0.3020215274429961 -0.925061386916305
vn 0.03702184122723339 -0.3289024178148745 -0.9436379511378691
vn -0.1576928006555601 -0.3431437816533703 -0.9259510385187922
vn -0.34634741473106995 -0.3441983097004773 -0.8726803492163889
vn -0.5216920828990401 -0.3320255188606507 -0.7858730339347297
vn -0.6769884144339069 -0.30709313963609497 -0.6688650763126375
vn -0.8062684726152268 -0.2703593735090696 -0.5261529808168844
vn -0.90456407752385 -0.22323582940634062 -0.3632211366684069
vn -0.9680977885823467 -0.16753346917017015 -0.18633091114943173
vn -0.9944280475069815 -0.10539288168208047 -0.002280092585771953
vn -0.9825429947199679 -0.03920210910218409 0.18185834643660906
vn -0.932899364970377 0.028495179766662704 0.35900807730179674
vn -0.847404936992981 0.09509741292445197 0.5223613259181791
vn -0.7293452019957164 0.15804511298912993 0.6656405325594895
vn -0.5832571574467567 0.21491923127855098 0.7833395255658726
vn -0.41475485703736203 0.2635340921815426 0.8709352391664764
vn -0.23031375859353598 0.3020215274429961 0.925061386916305
vn -0.03702184122723339 0.3289024178148745 0.9436379511378691
vn 0.1576928006555601 0.3431437816533703 0.9259510385187922
vn 0.34634741473106995 0.3441983097004773 0.8726803492163889
vn 0.5216920828990401 0.3320255188606507 0.7858730339347297
vn 0.6769884144339069 0.30709313963609497 0.6688650763126375
vn 0.8062684726152268 0.2703593735090696 0.5261529808168844
vn 0.90456407752385 0.22323582940634062 0.3632211366684069
vn 0.8791862256926706 0.36606476238663244 0.30500519715423635
vn 0.942019416235297 0.31022382219025857 0.12790855945313848
vn 0.9686513324840059 0.2424611394602187 -0.05410352972415207
vn 0.9580585149192384 0.16538083188506628 -0.23403645535631168
vn 0.9106480409838341 0.08194503870739556 -0.40497550059670123
vn 0.8282418813169246 -0.004639867208525219 -0.5603515482845468
vn 0.7140068465378074 -0.09104646810629358 -0.6941936068147745
vn 0.5723329356034335 -0.17395420887950644 -0.8013581871027843
vn 0.4086645843745497 -0.2501769663217727 -0.877727032168892
vn 0.2292914801362392 -0.3167855689529843 -0.9203653190120032
vn 0.041106846161706505 -0.3712202904637023 -0.9276344771226879
vn -0.14865751613381467 -0.41138923303447594 -0.8992551594737894
vn -0.3327090510831734 -0.43574870531843707 -0.8363179737041649
vn -0.5039747369559896 -0.44336259472333645 -0.7412415760805188
vn -0.6558729943073477 -0.43393832027368506 -0.6176796496051707
vn -0.7825664159094878 -0.4078380103512457 -0.4703806564935637
vn -0.8791862256926706 -0.36606476238663244 -0.30500519715423635
vn -0.942019416235297 -0.31022382219025857 -0.12790855945313848
vn -0.9686513324840059 -0.2424611394602187 0.05410352972415207
vn -0.9580585149192384 -0.16538083188506628 0.23403645535631168
vn -0.9106480409838341 -0.08194503870739556 0.40497550059670123
vn -0.8282418813169246 0.004639867208525219 0.5603515482845468
vn -0.7140068465378074 0.09104646810629358 0.6941936068147745
vn -0.5723329356034335 0.17395420887950644 0.8013581871027843
vn -0.4086645843745497 0.2501769663217727 0.877727032168892
vn -0.2292914801362392 0.3167855689529843 0.9203653190120032
vn -0.041106846161706505 0.3712202904637023 0.9276344771226879
vn 0.14865751613381467 0.41138923303447594 0.8992551594737894
vn 0.3327090510831734 0.43574870531843707 0.8363179737041649
vn 0.5039747369559896 0.44336259472333645 0.7412415760805188
vn 0.6558729943073477 0.43393832027368506 0.6176796496051707
vn 0.7825664159094878 0.4078380103512457 0.4703806564935637
vn 0.8791862256926706 0.36606476238663244 0.30500519715423635
vn 0.8312578188480318 0.5000727765004214 0.242770790679547
vn 0.8937267523425111 0.4437762728519574 0.06568951058527614
vn 0.9218502614283525 0.37042570007889647 -0.11391618070115303
vn 0.9145475730515119 0.2828398975273053 -0.2891441318656373
vn 0.8720993311815669 0.18438471668091513 -0.4532604469917517
vn 0.796136815778486 0.07884372961959667 -0.5999581959284872
vn 0.6895791909644358 -0.029727181512015515 -0.723599912982434
vn 0.5565214084910344 -0.13715569497044952 -0.8194340957199233
vn 0.40207686957888783 -0.23931337855861376 -0.8837778554549236
vn 0.23218071794992984 -0.33227441193209484 -0.9141585362438156
vn 0.0533619934128122 -0.41246628861605206 -0.909408631152306
vn -0.12750740588718967 -0.4768073648339569 -0.8697106405489227
vn -0.3034767747999439 -0.5228249329820921 -0.7965901936436922
vn -0.467783685508415 -0.5487506938852513 -0.6928571999572636
vn -0.6141139289206696 -0.5535882729738264 -0.5624980945136392
vn -0.7368441433033456 -0.5371517095289527 -0.41052253218268353
vn -0.8312578188480318 -0.5000727765004214 -0.242770790679547
vn -0.8937267523425111 -0.4437762728519574 -0.06568951058527614
vn -0.9218502614283525 -0.37042570007889647 0.11391618070115303
vn -0.9145475730515119 -0.2828398975273053 0.2891441318656373
vn -0.8720993311815669 -0.18438471668091513 0.4532604469917517
vn -0.796136815778486 -0.07884372961959667 0.5999581959284872
vn -0.6895791909644358 0.029727181512015515 0.723599912982434
vn -0.5565214084910344 0.13715569497044952 0.8194340957199233
vn -0.40207686957888783 0.23931337855861376 0.8837778554549236
vn -0.23218071794992984 0.33227441193209484 0.9141585362438156
vn -0.0533619934128122 0.41246628861605206 0.909408631152306
vn 0.12750740588718967 0.4768073648339569 0.8697106405489227
vn 0.3034767747999439 0.5228249329820921 0.7965901936436922
vn 0.467783685508415 0.5487506938852513 0.6928571999572636
vn 0.6141139289206696 0.5535882729738264 0.5624980945136392
vn 0.7368441433033456 0.5371517095289527 0.41052253218268353
vn 0.8312578188480318 0.5000727765004214 0.242770790679547
vn 0.76244928391089 0.6221857229107449 0.17764012967177442
vn 0.8250246642396052 0.5650960801919552 0.0008506162556076535
vn 0.8558948283683008 0.486290081279058 -0.17597158754186487
vn 0.8538734231954054 0.3887962362268352 -0.346031304734712
vn 0.8190381520003401 0.2763611969989073 -0.5027931924372077
vn 0.7527276730369318 0.1533057213462891 -0.6402330872790782
vn 0.65749030423401 0.024358812392851214 -0.7530691522676246
vn 0.5369859759866008 -0.10552419380174602 -0.8369651761669713
vn 0.3958455705905929 -0.23135197651869768 -0.888697106558078
vn 0.23949300837532914 -0.3482890070148198 -0.9062769259624597
vn 0.07393689388247544 -0.45184149938781215 -0.8890290181731896
vn -0.09446058627910352 -0.5380299804481999 -0.8376162234452706
vn -0.2592279903899552 -0.6035422666134611 -0.7540143111436752
vn -0.41403340826122176 -0.645860783918194 -0.6414360331632236
vn -0.552927739727135 -0.663359233505653 -0.5042077369131043
vn -0.6705734163786985 -0.6553651123821336 -0.34760302461076775
vn -0.76244928391089 -0.6221857229107449 -0.17764012967177442
vn -0.8250246642396052 -0.5650960801919552 -0.0008506162556076535
vn -0.8558948283683008 -0.486290081279058 0.17597158754186487
vn -0.8538734231954054 -0.3887962362268352 0.346031304734712
vn -0.8190381520003401 -0.2763611969989073 0.5027931924372077
vn -0.7527276730369318 -0.1533057213462891 0.6402330872790782
vn -0.65749030423401 -0.024358812392851214 0.7530691522676246
vn -0.5369859759866008 0.10552419380174602 0.8369651761669713
vn -0.3958455705905929 0.23135197651869768 0.888697106558078
vn -0.23949300837532914 0.3482890070148198 0.9062769259624597
vn -0.07393689388247544 0.45184149938781215 0.8890290181731896
vn 0.09446058627910352 0.5380299804481999 0.8376162234452706
vn 0.2592279903899552 0.6035422666134611 0.7540143111436752
vn 0.41403340826122176 0.645860783918194 0.6414360331632236
vn 0.552927739727135 0.663359233505653 0.5042077369131043
vn 0.6705734163786985 0.6553651123821336 0.34760302461076775
vn 0.76244928391089 0.6221857229107449 0.17764012967177442
vn 0.6748597623055552 0.7296192051210316 0.11054463686422673
vn 0.7381412293105409 0.6714454803983084 -0.06563910758540256
vn 0.7730563773039197 0.5874684372477881 -0.23930038183709917
vn 0.7782633472197221 0.4809153779599544 -0.40376547848471195
vn 0.7535620990691178 0.3558809786928927 -0.552714114032864
vn 0.6999019357458629 0.2171702823628933 -0.6804221842338882
vn 0.6193448919607292 0.07011385282877386 -0.7819820665742009
vn 0.5149867515802298 -0.07963702053507485 -0.8534908263462114
vn 0.39083798937940595 -0.22632747435797823 -0.892200392517624
vn 0.251669555326578 -0.36432030713636177 -0.8966231921659118
vn 0.10282957776672741 -0.4883125232168496 -0.8665892669574844
vn -0.049962085186269434 -0.5935391240636165 -0.8032528233686047
vn -0.2008337258633204 -0.6759563782551335 -0.7090478046310132
vn -0.34398742523581555 -0.7323969988556664 -0.5875944922706875
vn -0.47392190192168226 -0.7606920114554953 -0.4435602491057194
vn -0.5856438289336271 -0.7597540630201269 -0.2824802105570752
vn -0.6748597623055552 -0.7296192051210316 -0.11054463686422673
vn -0.7381412293105409 -0.6714454803983084 0.06563910758540256
vn -0.7730563773039197 -0.5874684372477881 0.23930038183709917
vn -0.7782633472197221 -0.4809153779599544 0.40376547848471195
vn -0.7535620990691178 -0.3558809786928927 0.552714114032864
vn -0.6999019357458629 -0.2171702823628933 0.6804221842338882
vn -0.6193448919607292 -0.07011385282877386 0.7819820665742009
vn -0.5149867515802298 0.07963702053507485 0.8534908263462114
vn -0.39083798937940595 0.22632747435797823 0.892200392517624
vn -0.251669555326578 0.36432030713636177 0.8966231921659118
vn -0.10282957776672741 0.4883125232168496 0.8665892669574844
vn 0.049962085186269434 0.5935391240636165 0.8032528233686047
vn 0.2008337258633204 0.6759563782551335 0.7090478046310132
vn 0.34398742523581555 0.7323969988556664 0.5875944922706875
vn 0.47392190192168226 0.7606920114554953 0.4435602491057194
vn 0.5856438289336271 0.7597540630201269 0.2824802105570752
vn 0.6748597623055552 0.7296192051210316 0.11054463686422673
vn 0.5709372168150834 0.8199039109257646 0.042287956962738675
vn 0.6356322035350537 0.7604569036442091 -0.1329548777933114
vn 0.6759002167429478 0.6717859465578094 -0.3030883353319031
vn 0.6901937604855153 0.5572986507257832 -0.46157424850838996
vn 0.6779635089143051 0.4213946844604493 -0.6023221733334092
vn 0.6396795557911327 0.26929673748969196 -0.7199231438704183
vn 0.5768130392805446 0.10684988594288508 -0.8098579008628201
vn 0.49177991764084317 -0.05970315564813111 -0.8686702745062828
vn 0.3878479872799943 -0.2239618435865408 -0.8941001238005593
vn 0.26901128598882723 -0.37961378285410674 -0.8851702118111704
vn 0.13983662490037466 -0.5206773900812374 -0.8422237076897462
vn 0.005288112336695834 -0.6417316665463711 -0.7669110144074942
vn -0.12946361321491423 -0.7381245504243723 -0.6621263632526327
vn -0.2592401123282982 -0.8061517218278483 -0.5318965741138089
vn -0.3790541838378152 -0.8431989441801871 -0.3812262664723736
vn -0.4843014289419465 -0.8478424739502146 -0.21590568610105773
vn -0.5709372168150834 -0.8199039109257646 -0.042287956962738675
vn -0.6356322035350537 -0.7604569036442091 0.1329548777933114
vn -0.6759002167429478 -0.6717859465578094 0.3030883353319031
vn -0.6901937604855153 -0.5572986507257832 0.46157424850838996
vn -0.6779635089143051 -0.4213946844604493 0.6023221733334092
vn -0.6396795557911327 -0.26929673748969196 0.7199231438704183
vn -0.5768130392805446 -0.10684988594288508 0.8098579008628201
vn -0.49177991764084317 0.05970315564813111 0.8686702745062828
vn -0.3878479872799943 0.2239618435865408 0.8941001238005593
vn -0.26901128598882723 0.37961378285410674 0.8851702118111704
vn -0.13983662490037466 0.5206773900812374 0.8422237076897462
vn -0.005288112336695834 0.6417316665463711 0.7669110144074942
vn 0.12946361321491423 0.7381245504243723 0.6621263632526327
vn 0.2592401123282982 0.8061517218278483 0.5318965741138089
vn 0.3790541838378152 0.8431989441801871 0.3812262664723736
vn 0.4843014289419465 0.8478424739502146 0.21590568610105773
vn 0.5709372168150834 0.8199039109257646 0.042287956962738675
vn 0.45341819160212393 0.890906803597521 -0.026400962632224703
vn 0.5203080238497345 0.8301411368723053 -0.20036280390816216
vn 0.5672027403825646 0.7374735986307956 -0.3666247981588983
vn 0.5923001579303562 0.6164653702758818 -0.5187976196613617
vn 0.5946357972522235 0.47176672029864436 -0.6510333557083486
vn 0.5741199206897613 0.3089383516659008 -0.7582502301596343
vn 0.5315409366785455 0.13423763377356993 -0.8363279801093394
vn 0.4685351518188764 -0.04562174497298432 -0.8822660981221495
vn 0.38752383523126266 -0.22372791476726997 -0.8942992213356458
vn 0.29162016790536976 -0.3932363428621748 -0.8719649398474837
vn 0.18450969554760815 -0.5476329355459579 -0.8161215229083506
vn 0.07030862595526245 -0.6809842611426179 -0.7289150383908441
vn -0.04659436672627882 -0.7881657531101386 -0.6136967578647496
vn -0.16170676240180343 -0.8650584917295596 -0.4748944397232994
vn -0.2706048544410084 -0.9087075182397645 -0.3178421920505345
vn -0.36910376353203245 -0.9174354175928489 -0.14857545656239654
vn -0.45341819160212393 -0.890906803597521 0.026400962632224703
vn -0.5203080238497345 -0.8301411368723053 0.20036280390816216
vn -0.5672027403825646 -0.7374735986307956 0.3666247981588983
vn -0.5923001579303562 -0.6164653702758818 0.5187976196613617
vn -0.5946357972522235 -0.47176672029864436 0.6510333557083486
vn -0.5741199206897613 -0.3089383516659008 0.7582502301596343
vn -0.5315409366785455 -0.13423763377356993 0.8363279801093394
vn -0.4685351518188764 0.04562174497298432 0.8822660981221495
vn -0.38752383523126266 0.22372791476726997 0.8942992213356458
vn -0.29162016790536976 0.3932363428621748 0.8719649398474837
vn -0.18450969554760815 0.5476329355459579 0.8161215229083506
vn -0.07030862595526245 0.6809842611426179 0.7289150383908441
vn 0.04659436672627882 0.7881657531101386 0.6136967578647496
vn 0.16170676240180343 0.8650584917295596 0.4748944397232994
vn 0.2706048544410084 0.9087075182397645 0.3178421920505345
vn 0.36910376353203245 0.9174354175928489 0.14857545656239654
vn 0.45341819160212393 0.890906803597521 -0.026400962632224703
vn 0.3252799442797087 0.9408517282751735 -0.09482079545652765
vn 0.39517545211576866 0.8788941393926554 -0.2671730783337672
vn 0.4498846320861576 0.7831611190393749 -0.4292580569281103
vn 0.48730493728187596 0.6573316802207533 -0.5748469015997809
vn 0.5059984275846633 0.5062413165096982 -0.6983447005171413
vn 0.5052466825136923 0.3356964181558013 -0.7950054746014479
vn 0.4850785605056199 0.1522508968717826 -0.8611146581841082
vn 0.44626916414112905 -0.03704554667231423 -0.8941316796806427
vn 0.3903098888925365 -0.2249183441504549 -0.89278772902483
vn 0.3193512194684995 -0.4041476761926851 -0.8571344436271563
vn 0.23612007389157633 -0.5678458187452382 -0.7885419689775469
vn 0.14381495301301297 -0.7097219915179864 -0.6896462528322822
vn 0.045983112031592936 -0.8243239285905605 -0.5642478304441361
vn -0.05361583573881322 -0.9072475632147804 -0.41716567595965004
vn -0.15115435591943133 -0.9553061831451333 -0.2540520756287166
vn -0.2428840972613182 -0.9666529209388597 -0.0811754010641492
vn -0.3252799442797087 -0.9408517282751735 0.09482079545652765
vn -0.39517545211576866 -0.8788941393926554 0.2671730783337672
vn -0.4498846320861576 -0.7831611190393749 0.4292580569281103
vn -0.48730493728187596 -0.6573316802207533 0.5748469015997809
vn -0.5059984275846633 -0.5062413165096982 0.6983447005171413
vn -0.5052466825136923 -0.3356964181558013 0.7950054746014479
vn -0.4850785605056199 -0.1522508968717826 0.8611146581841082
vn -0.44626916414112905 0.03704554667231423 0.8941316796806427
vn -0.3903098888925365 0.2249183441504549 0.89278772902483
vn -0.3193512194684995 0.4041476761926851 0.8571344436271563
vn -0.23612007389157633 0.5678458187452382 0.7885419689775469
vn -0.14381495301301297 0.7097219915179864 0.6896462528322822
vn -0.045983112031592936 0.8243239285905605 0.5642478304441361
vn 0.05361583573881322 0.9072475632147804 0.41716567595965004
vn 0.15115435591943133 0.9553061831451333 0.2540520756287166
vn 0.2428840972613182 0.9666529209388597 0.0811754010641492
vn 0.3252799442797087 0.9408517282751735 -0.09482079545652765
vn 0.189697977818109 0.9683432422703835 -0.16225301957437263
vn 0.26338708644681436 0.90550572518769 -0.33269599388236365
vn 0.3269543596497058 0.8078701369443778 -0.4903536362050589
vn 0.37795695920867556 0.6791885541614769 -0.6291672630404207
vn 0.41443487424029957 0.5244061277711218 -0.7438023582710159
vn 0.4349863155816824 0.34947108616922157 -0.829853520320531
vn 0.4388214653978399 0.1611060502424296 -0.8840138924708005
vn 0.4257929610042319 -0.03345018987509149 -0.9042021008361841
vn 0.3964014571159644 -0.22672095447369997 -0.8896423402687592
vn 0.35177648157278435 -0.41127899394125467 -0.8408941051969278
vn 0.29363293456923184 -0.5800317723646908 -0.7598307987859776
vn 0.22420521663625423 -0.7264942715769969 -0.6495676209594341
vn 0.14616143978951004 -0.8450380126965302 -0.5143419005064204
vn 0.06250074463760451 -0.9311073955840911 -0.35935035106196267
vn -0.02356180669117214 -0.9813948595572116 -0.19054912988551992
vn -0.10871889153307869 -0.993967864326838 -0.014425231691834626
vn -0.189697977818109 -0.9683432422703835 0.16225301957437263
vn -0.26338708644681436 -0.90550572518769 0.33269599388236365
vn -0.3269543596497058 -0.8078701369443778 0.4903536362050589
vn -0.37795695920867556 -0.6791885541614769 0.6291672630404207
vn -0.41443487424029957 -0.5244061277711218 0.7438023582710159
vn -0.4349863155816824 -0.34947108616922157 0.829853520320531
vn -0.4388214653978399 -0.1611060502424296 0.8840138924708005
vn -0.4257929610042319 0.03345018987509149 0.9042021008361841
vn -0.3964014571159644 0.22672095447369997 0.8896423402687592
vn -0.35177648157278435 0.41127899394125467 0.8408941051969278
vn -0.29363293456923184 0.5800317723646908 0.7598307987859776
vn -0.22420521663625423 0.7264942715769969 0.6495676209594341
vn -0.14616143978951004 0.8450380126965302 0.5143419005064204
vn -0.06250074463760451 0.9311073955840911 0.35935035106196267
vn 0.02356180669117214 0.9813948595572116 0.19054912988551992
vn 0.10871889153307869 0.993967864326838 0.014425231691834626
vn 0.189697977818109 0.9683432422703835 -0.16225301957437263
vn 0.05000469203612873 0.9723959788906489 -0.22791575419805568
vn 0.12819421190847202 0.9091722297915031 -0.39619704770367986
vn 0.20145731959261898 0.8110095179951606 -0.5492526832923208
vn 0.2669785254966778 0.6816801260807089 -0.6812009047485243
vn 0.32223988276736354 0.5261541718865866 -0.7869709304417896
vn 0.3651177569949641 0.3504084036091399 -0.8624981009875097
vn 0.39396435960836457 0.16119665291450105 -0.9048799491907936
vn 0.407671135710621 -0.03420980747632365 -0.9124877720719579
vn 0.4057113276683116 -0.228301602235868 -0.8850292068729436
vn 0.38816025817453365 -0.4136199053297653 -0.8235594622666146
vn 0.3556924224117055 -0.5830429890462815 -0.7304408077064634
vn 0.3095555330168809 -0.7300601063778375 -0.6092516828488989
vn 0.25152257779072545 -0.8490213986130826 -0.46464939207814915
vn 0.1838237456877603 -0.9353552866654342 -0.30219086390614947
vn 0.10906068835376193 -0.9857439863466816 -0.12811931797023046
vn 0.030106487287843403 -0.9982510982592782 0.05087577269518024
vn -0.05000469203612873 -0.9723959788906489 0.22791575419805568
vn -0.12819421190847202 -0.9091722297915031 0.39619704770367986
vn -0.20145731959261898 -0.8110095179951606 0.5492526832923208
vn -0.2669785254966778 -0.6816801260807089 0.6812009047485243
vn -0.32223988276736354 -0.5261541718865866 0.7869709304417896
vn -0.3651177569949641 -0.3504084036091399 0.8624981009875097
vn -0.39396435960836457 -0.16119665291450105 0.9048799491907936
vn -0.407671135710621 0.03420980747632365 0.9124877720719579
vn -0.4057113276683116 0.228301602235868 0.8850292068729436
vn -0.38816025817453365 0.4136199053297653 0.8235594622666146
vn -0.3556924224117055 0.5830429890462815 0.7304408077064634
vn -0.3095555330168809 0.7300601063778375 0.6092516828488989
vn -0.25152257779072545 0.8490213986130826 0.46464939207814915
vn -0.1838237456877603 0.9353552866654342 0.30219086390614947
vn -0.10906068835376193 0.9857439863466816 0.12811931797023046
vn -0.030106487287843403 0.9982510982592782 -0.05087577269518024
vn 0.05000469203612873 0.9723959788906489 -0.22791575419805568
vn -0.09035687110239643 0.9524734575873584 -0.29091226931184566
vn -0.007102570001184882 0.8895165287073631 -0.45684778499603285
vn 0.07642468073447299 0.7923759826811017 -0.6052268750186102
vn 0.15701498123977345 0.664784909681553 -0.7303473964668891
vn 0.23157126913005285 0.5116464431904618 -0.8274011508839265
vn 0.29722842360248797 0.3388457571920379 -0.8926582868240984
vn 0.3514632212758012 0.15302341863465194 -0.9236110855981544
vn 0.3921915336653161 -0.03867954431569939 -0.9190700157076049
vn 0.4178481019674298 -0.22889606203722207 -0.8792096203216093
vn 0.427447025553481 -0.4103162630326553 -0.8055616702875074
vn 0.42061939484833966 -0.5759682011263525 -0.7009564579691738
vn 0.3976275933853176 -0.7194860005032996 -0.5694139022348914
vn 0.3593551846728296 -0.8353543952388822 -0.4159890450526765
vn 0.3072729774089497 -0.9191205702940998 -0.24657796863565912
vn 0.24338240586763227 -0.9675654635870415 -0.0676910495388917
vn 0.17013880522211774 -0.978827352214812 0.11379719466546873
vn 0.09035687110239643 -0.9524734575873584 0.29091226931184566
vn 0.007102570001184882 -0.8895165287073631 0.45684778499603285
vn -0.07642468073447299 -0.7923759826811017 0.6052268750186102
vn -0.15701498123977345 -0.664784909681553 0.7303473964668891
vn -0.23157126913005285 -0.5116464431904618 0.8274011508839265
vn -0.29722842360248797 -0.3388457571920379 0.8926582868240984
vn -0.3514632212758012 -0.15302341863465194 0.9236110855981544
vn -0.3921915336653161 0.03867954431569939 0.9190700157076049
vn -0.4178481019674298 0.22889606203722207 0.8792096203216093
vn -0.427447025553481 0.4103162630326553 0.8055616702875074
vn -0.42061939484833966 0.5759682011263525 0.7009564579691738
vn -0.3976275933853176 0.7194860005032996 0.5694139022348914
vn -0.3593551846728296 0.8353543952388822 0.4159890450526765
vn -0.3072729774089497 0.9191205702940998 0.24657796863565912
vn -0.24338240586763227 0.9675654635870415 0.0676910495388917
vn -0.17013880522211774 0.978827352214812 -0.11379719466546873
vn -0.09035687110239643 0.9524734575873584 -0.29091226931184566
vn -0.22789108683113873 0.9085406037043993 -0.3501708496767943
vn -0.13921277133631435 0.8466196004604387 -0.5136682357446977
vn -0.04518457835083692 0.7521635228087125 -0.6574255766512623
vn 0.050580024359143695 0.6288021758135881 -0.775918478210131
vn 0.1444008621756528 0.48127632445349633 -0.8645932514908159
vn 0.23267247232575308 0.3152553202061332 -0.9200421749591429
vn 0.3120025993176201 0.13711920384032195 -0.9401344063256301
vn 0.37934265180408694 -0.046286319231754434 -0.9240977919972644
vn 0.4321047355034313 -0.2279130810852284 -0.8725486376275811
vn 0.46826133305701895 -0.40078127532872254 -0.7874678998597633
vn 0.48642286775343907 -0.5582476867758479 -0.6721252219162254
vn 0.485891468553108 -0.6942609055123418 -0.5309531767156942
vn 0.46668752584177325 -0.8035941047554586 -0.369376864497436
vn 0.42954903869200245 -0.8820456272190065 -0.19360561681574784
vn 0.37590324334981134 -0.9266006216492516 -0.010394209845522577
vn 0.30781167917930535 -0.9355468802380226 0.1732166419190699
vn 0.22789108683113873 -0.9085406037043993 0.3501708496767943
vn 0.13921277133631435 -0.8466196004604387 0.5136682357446977
vn 0.04518457835083692 -0.7521635228087125 0.6574255766512623
vn -0.050580024359143695 -0.6288021758135881 0.775918478210131
vn -0.1444008621756528 -0.48127632445349633 0.8645932514908159
vn -0.23267247232575308 -0.3152553202061332 0.9200421749591429
vn -0.3120025993176201 -0.13711920384032195 0.9401344063256301
vn -0.37934265180408694 0.046286319231754434 0.9240977919972644
vn -0.4321047355034313 0.2279130810852284 0.8725486376275811
vn -0.46826133305701895 0.40078127532872254 0.7874678998597633
vn -0.48642286775343907 0.5582476867758479 0.6721252219162254
vn -0.485891468553108 0.6942609055123418 0.5309531767156942
vn -0.46668752584177325 0.8035941047554586 0.369376864497436
vn -0.42954903869200245 0.8820456272190065 0.19360561681574784
vn -0.37590324334981134 0.9266006216492516 0.010394209845522577
vn -0.30781167917930535 0.9355468802380226 -0.1732166419190699
vn -0.22789108683113873 0.9085406037043993 -0.3501708496767943
vn -0.35912976356656745 0.8411359948068614 -0.40437117993360167
vn -0.2649349538670314 0.7810683753300199 -0.5654570392866259
vn -0.160558865251532 0.6909847292970763 -0.7048127089286818
vn -0.0500125783766301 0.5743469120620254 -0.8170828395021751
vn 0.06245566615199219 0.4356372712459652 -0.8979529261976266
vn 0.17252376549204837 0.2801863232588529 -0.9443151881650163
vn 0.2759618698699234 0.1139679898686192 -0.954387941909998
vn 0.36879495010338054 -0.056630075321952536 -0.9277840909108513
vn 0.4474554103557531 -0.2250518819785376 -0.8655260285868258
vn 0.5089204246472203 -0.38482504592346783 -0.7700062891995711
vn 0.550827915186019 -0.529809648708522 -0.6448956070459592
vn 0.571567367431113 -0.6544339184952673 -0.4950020109159124
vn 0.5703418223578176 -0.7539086896564535 -0.3260857146979191
vn 0.5471984010224953 -0.8244111330322518 -0.14463814728799312
vn 0.5030264192419767 -0.8632319456386811 0.04236778933874763
vn 0.4395233947390142 -0.8688792504540136 0.22774554574692424
vn 0.35912976356656745 -0.8411359948068614 0.40437117993360167
vn 0.2649349538670314 -0.7810683753300199 0.5654570392866259
vn 0.160558865251532 -0.6909847292970763 0.7048127089286818
vn 0.0500125783766301 -0.5743469120620254 0.8170828395021751
vn -0.06245566615199219 -0.4356372712459652 0.8979529261976266
vn -0.17252376549204837 -0.2801863232588529 0.9443151881650163
vn -0.2759618698699234 -0.1139679898686192 0.954387941909998
vn -0.36879495010338054 0.056630075321952536 0.9277840909108513
vn -0.4474554103557531 0.2250518819785376 0.8655260285868258
vn -0.5089204246472203 0.38482504592346783 0.7700062891995711
vn -0.550827915186019 0.529809648708522 0.6448956070459592
vn -0.571567367431113 0.6544339184952673 0.4950020109159124
vn -0.5703418223578176 0.7539086896564535 0.3260857146979191
vn -0.5471984010224953 0.8244111330322518 0.14463814728799312
vn -0.5030264192419767 0.8632319456386811 -0.04236778933874763
vn -0.4395233947390142 0.8688792504540136 -0.22774554574692424
vn -0.35912976356656745 0.8411359948068614 -0.40437117993360167
vn -0.4807490294429827 0.7514708460009449 -0.4518538904339035
vn -0.3812712482724477 0.6940257047476958 -0.6107049667312635
vn -0.26714137596356285 0.609909603187164 -0.746086966236759
vn -0.14274543751187066 0.5023549875177712 -0.8527972834065343
vn -0.01286386680831746 0.37549513063134904 -0.92673509041305
vn 0.11751205440365851 0.2342052154962626 -0.9650589795987501
vn 0.24337205157859257 0.08391493513047502 -0.9662961907057664
vn 0.3598794043676422 -0.06960015000097 -0.9303991796169179
vn 0.4625567931740472 -0.22044054330906826 -0.8587474482955653
vn 0.5474584026827637 -0.3628095040153396 -0.7540945306313924
vn 0.6113214552357319 -0.49123594643446794 -0.6204621852289625
vn 0.6516917922557833 -0.60078441899458 -0.462985841899933
vn 0.6670179431447243 -0.6872451371723584 -0.287717196142197
vn 0.6567109871781893 -0.7472953851639185 -0.10139174834353562
vn 0.6211670183773637 -0.7786274731205135 0.08883013780322391
vn 0.561751960910752 -0.7800373423949066 0.2756383117101397
vn 0.4807490294429827 -0.7514708460009449 0.4518538904339035
vn 0.3812712482724477 -0.6940257047476958 0.6107049667312635
vn 0.26714137596356285 -0.609909603187164 0.746086966236759
vn 0.14274543751187066 -0.5023549875177712 0.8527972834065343
vn 0.01286386680831746 -0.37549513063134904 0.92673509041305
vn -0.11751205440365851 -0.2342052154962626 0.9650589795987501
vn -0.24337205157859257 -0.08391493513047502 0.9662961907057664
vn -0.3598794043676422 0.06960015000097 0.9303991796169179
vn -0.4625567931740472 0.22044054330906826 0.8587474482955653
vn -0.5474584026827637 0.3628095040153396 0.7540945306313924
vn -0.6113214552357319 0.49123594643446794 0.6204621852289625
vn -0.6516917922557833 0.60078441899458 0.462985841899933
vn -0.6670179431447243 0.6872451371723584 0.287717196142197
vn -0.6567109871781893 0.7472953851639185 0.10139174834353562
vn -0.6211670183773637 0.7786274731205135 -0.08883013780322391
vn -0.561751960910752 0.7800373423949066 -0.2756383117101397
vn -0.4807490294429827 0.7514708460009449 -0.4518538904339035
vn -0.5897431441427196 0.6415634825111154 -0.4905092474611149
vn -0.4855975990848609 0.5873297315179572 -0.6474864927070394
vn -0.3627908713478732 0.5105252107765265 -0.7795811650035127
vn -0.2260422758259537 0.4141014909007949 -0.8817169867781623
vn -0.08060699628021309 0.301764068244062 -0.9499689254220239
vn 0.06792596088057816 0.17783002831585457 -0.9817140850918012
vn 0.2138485643886798 0.04706208481386717 -0.9757325205617946
vn 0.3515530911871899 -0.08551443580334263 -0.9322540991306862
vn 0.47574761552918776 -0.2148046793496048 -0.8529496796692086
vn 0.5816594306133 -0.3358400729675018 -0.7408668923415289
vn 0.6652183979907229 -0.443969359000053 -0.6003129943985374
vn 0.7232133798282177 -0.5350371637767157 -0.43668940978138454
vn 0.7534157156229385 -0.6055437421668924 -0.2562840919270872
vn 0.7546647022920083 -0.6527796242243253 -0.0660299122524248
vn 0.7269123300169283 -0.6749295688469175 0.12676175119283561
vn 0.6712251304834962 -0.6711423396319124 0.3146820366033247
vn 0.5897431441427196 -0.6415634825111154 0.4905092474611149
vn 0.4855975990848609 -0.5873297315179572 0.6474864927070394
vn 0.3627908713478732 -0.5105252107765265 0.7795811650035127
vn 0.2260422758259537 -0.4141014909007949 0.8817169867781623
vn 0.08060699628021309 -0.301764068244062 0.9499689254220239
vn -0.06792596088057816 -0.17783002831585457 0.9817140850918012
vn -0.2138485643886798 -0.04706208481386717 0.9757325205617946
vn -0.3515530911871899 0.08551443580334263 0.9322540991306862
vn -0.47574761552918776 0.2148046793496048 0.8529496796692086
vn -0.5816594306133 0.3358400729675018 0.7408668923415289
vn -0.6652183979907229 0.443969359000053 0.6003129943985374
vn -0.7232133798282177 0.5350371637767157 0.43668940978138454
vn -0.7534157156229385 0.6055437421668924 0.2562840919270872
vn -0.7546647022920083 0.6527796242243253 0.0660299122524248
vn -0.7269123300169283 0.6749295688469175 -0.12676175119283561
vn -0.6712251304834962 0.6711423396319124 -0.3146820366033247
vn -0.5897431441427196 0.6415634825111154 -0.4905092474611149
vn -0.6836782032712736 0.5144212196955045 -0.5176436255753109
vn -0.5759158866504503 0.4636302699852497 -0.6733259717677837
vn -0.44602145753064987 0.39502220467627724 -0.8031328141938467
vn -0.2989866662101937 0.3112337216864915 -0.9020756863554685
vn -0.1404619846909428 0.21548468395267134 -0.9663523073074843
vn 0.02346058214380013 0.11145468172647266 -0.9934925540771428
vn 0.18648156008566333 0.0031415404815397703 -0.9824534383223563
vn 0.34233617320268694 -0.10529232628007541 -0.9336591832909212
vn 0.48503496518052674 -0.20967986866393873 -0.848984944053426
vn 0.6090941846963445 -0.30600952206726806 -0.7316846633442973
vn 0.7097462389391636 -0.3905794009992398 -0.5862661578385595
vn 0.7831231270420906 -0.4601395378092593 -0.41831779024624166
vn 0.8264050411187949 -0.5120167687310152 -0.23429369720863824
vn 0.8379286475350278 -0.54421752351699 -0.04126583014012366
vn 0.817251150499678 -0.5555042656148567 0.15334786562144087
vn 0.7651671567862932 -0.545443282220431 0.3420684844533088
vn 0.6836782032712736 -0.5144212196955045 0.5176436255753109
vn 0.5759158866504503 -0.4636302699852497 0.6733259717677837
vn 0.44602145753064987 -0.39502220467627724 0.8031328141938467
vn 0.2989866662101937 -0.3112337216864915 0.9020756863554685
vn 0.1404619846909428 -0.21548468395267134 0.9663523073074843
vn -0.02346058214380013 -0.11145468172647266 0.9934925540771428
vn -0.18648156008566333 -0.0031415404815397703 0.9824534383223563
vn -0.34233617320268694 0.10529232628007541 0.9336591832909212
vn -0.48503496518052674 0.20967986866393873 0.848984944053426
vn -0.6090941846963445 0.30600952206726806 0.7316846633442973
vn -0.7097462389391636 0.3905794009992398 0.5862661578385595
vn -0.7831231270420906 0.4601395378092593 0.41831779024624166
vn -0.8264050411187949 0.5120167687310152 0.23429369720863824
vn -0.8379286475350278 0.54421752351699 0.04126583014012366
vn -0.817251150499678 0.5555042656148567 -0.15334786562144087
vn -0.7651671567862932 0.545443282220431 -0.3420684844533088
vn -0.6836782032712736 0.5144212196955045 -0.5176436255753109
vn -0.7610445507490229 0.3742880170522387 -0.5298298519962054
vn -0.6512072261269582 0.32657946033395624 -0.6850364988290876
vn -0.5163443643771306 0.26632064370444464 -0.8139175708343119
vn -0.36163871827404825 0.19582725707751542 -0.9115202262323092
vn -0.19303548377944726 0.11780835713695041 -0.9740936777285477
vn -0.01701399706026844 0.03526213810894591 -0.9992332588139862
vn 0.15966132037914454 -0.04863918125408232 -0.9859728661691055
vn 0.3302009434296505 -0.13067132355631603 -0.9348220911800326
vn 0.4880511507364985 -0.20768183659885725 -0.8477466184018105
vn 0.6271458172668232 -0.27671125109840156 -0.7280927189584345
vn 0.7421395898404478 -0.3351068252752283 -0.5804586504182788
vn 0.828613396391207 -0.38062441162161753 -0.41051783956209004
vn 0.8832440342911895 -0.4115148171136213 -0.224801092490599
vn 0.9039320995034112 -0.4265909516232909 -0.030445352362721858
vn 0.8898825680637735 -0.4252734201082838 0.16508038407281114
vn 0.8416353414584883 -0.40761288760575465 0.35426217109049635
vn 0.7610445507490229 -0.3742880170522387 0.5298298519962054
vn 0.6512072261269582 -0.32657946033395624 0.6850364988290876
vn 0.5163443643771306 -0.26632064370444464 0.8139175708343119
vn 0.36163871827404825 -0.19582725707751542 0.9115202262323092
vn 0.19303548377944726 -0.11780835713695041 0.9740936777285477
vn 0.01701399706026844 -0.03526213810894591 0.9992332588139862
vn -0.15966132037914454 0.04863918125408232 0.9859728661691055
vn -0.3302009434296505 0.13067132355631603 0.9348220911800326
vn -0.4880511507364985 0.20768183659885725 0.8477466184018105
vn -0.6271458172668232 0.27671125109840156 0.7280927189584345
vn -0.7421395898404478 0.3351068252752283 0.5804586504182788
vn -0.828613396391207 0.38062441162161753 0.41051783956209004
vn -0.8832440342911895 0.4115148171136213 0.224801092490599
vn -0.9039320995034112 0.4265909516232909 0.030445352362721858
vn -0.8898825680637735 0.4252734201082838 -0.16508038407281114
vn -0.8416353414584883 0.40761288760575465 -0.35426217109049635
vn -0.7610445507490229 0.3742880170522387 -0.5298298519962054
vn -0.821690799833665 0.22699706312411003 -0.5227777374771623
vn -0.7118760312535792 0.18111458332138067 -0.6785499420344648
vn -0.5747043410002827 0.12827198027912748 -0.8082457667756151
vn -0.41544702430265157 0.07049995623643524 -0.9068812084108551
vn -0.2402243467269968 0.01001865697031461 -0.9706656941254795
vn -0.055769976738732595 -0.05084765376479123 -0.9971480460800076
vn 0.13082760630442278 -0.10975991983205308 -0.98531055887325
vn 0.3123975654508416 -0.16445417493358977 -0.9356081366936156
vn 0.48196224881952465 -0.2128285402425971 -0.8499508239722059
vn 0.633005381357637 -0.2530240419433324 -0.7316303857624636
vn 0.75972253212318 -0.283495933295605 -0.5851937542294839
vn 0.8572438952232456 -0.30307328690149404 -0.4162685273584851
vn 0.9218219003383903 -0.31100365792021034 -0.23134629631089343
vn 0.9509747963434615 -0.30698235993435763 -0.037533550440167616
vn 0.9435822623414181 -0.29116389944550775 0.15772158334970351
vn 0.8999283994236248 -0.2641561652173274 0.3469155463344192
vn 0.821690799833665 -0.22699706312411003 0.5227777374771623
vn 0.7118760312535792 -0.18111458332138067 0.6785499420344648
vn 0.5747043410002827 -0.12827198027912748 0.8082457667756151
vn 0.41544702430265157 -0.07049995623643524 0.9068812084108551
vn 0.2402243467269968 -0.01001865697031461 0.9706656941254795
vn 0.055769976738732595 0.05084765376479123 0.9971480460800076
vn -0.13082760630442278 0.10975991983205308 0.98531055887325
vn -0.3123975654508416 0.16445417493358977 0.9356081366936156
vn -0.48196224881952465 0.2128285402425971 0.8499508239722059
vn -0.633005381357637 0.2530240419433324 0.7316303857624636
vn -0.75972253212318 0.283495933295605 0.5851937542294839
vn -0.8572438952232456 0.30307328690149404 0.4162685273584851
vn -0.9218219003383903 0.31100365792021034 0.23134629631089343
vn -0.9509747963434615 0.30698235993435763 0.037533550440167616
vn -0.9435822623414181 0.29116389944550775 -0.15772158334970351
vn -0.8999283994236248 0.2641561652173274 -0.3469155463344192
vn -0.821690799833665 0.22699706312411003 -0.5227777374771623
vn -0.8672296343265414 0.08049923869437559 -0.4913579488677059
vn -0.7601729424880722 0.033922306271591283 -0.6488346281189397
vn -0.6239032789901466 -0.013958243752825408 -0.7813769038669368
vn -0.4636573193955731 -0.0613023862044148 -0.8838913437841533
vn -0.2855932639222901 -0.10629071022337803 -0.9524383300363457
vn -0.09655404029328703 -0.14719433988672542 -0.9843836363981034
vn 0.09619570335557721 -0.1824413800357796 -0.9784996318377264
vn 0.28524869082196475 -0.21067729150502237 -0.9350124401463668
vn 0.4633397358941027 -0.23081700000472039 -0.8555932454445887
vn 0.6236249217914285 -0.24208654500029583 -0.7432940613582586
vn 0.7599445145849035 -0.2440528325113264 -0.6024305351619502
vn 0.8670598887708725 -0.23664030495891897 -0.4384159159446565
vn 0.9408546288944233 -0.22013383078838217 -0.25755322523775404
vn 0.9784928519370969 -0.19516773440350008 -0.06679291995272722
vn 0.9785281468194371 -0.16270144364314051 0.12653420928174308
vn 0.9409591558578282 -0.12398263815995432 0.3149986864134852
vn 0.8672296343265414 -0.08049923869437559 0.4913579488677059
vn 0.7601729424880722 -0.033922306271591283 0.6488346281189397
vn 0.6239032789901466 0.013958243752825408 0.7813769038669368
vn 0.4636573193955731 0.0613023862044148 0.8838913437841533
vn 0.2855932639222901 0.10629071022337803 0.9524383300363457
vn 0.09655404029328703 0.14719433988672542 0.9843836363981034
vn -0.09619570335557721 0.1824413800357796 0.9784996318377264
vn -0.28524869082196475 0.21067729150502237 0.9350124401463668
vn -0.4633397358941027 0.23081700000472039 0.8555932454445887
vn -0.6236249217914285 0.24208654500029583 0.7432940613582586
vn -0.7599445145849035 0.2440528325113264 0.6024305351619502
vn -0.8670598887708725 0.23664030495891897 0.4384159159446565
vn -0.9408546288944233 0.22013383078838217 0.25755322523775404
vn -0.9784928519370969 0.19516773440350008 0.06679291995272722
vn -0.9785281468194371 0.16270144364314051 -0.12653420928174308
vn -0.9409591558578282 0.12398263815995432 -0.3149986864134852
vn -0.8672296343265414 0.08049923869437559 -0.4913579488677059
vn -0.9010878742936294 -0.0543701049141379 -0.430214521480405
vn -0.8002456426984175 -0.10577722639326174 -0.5902695060044568
vn -0.6686504395082985 -0.15311938322407734 -0.7276407384323924
vn -0.5113593305041644 -0.1945772455772158 -0.8370491805204259
vn -0.33441704442014664 -0.2285576159963725 -0.9142902474440753
vn -0.14462324889396827 -0.25375464405032117 -0.9563956798847681
vn 0.050728336469163235 -0.2692000296028647 -0.9617473576469489
vn 0.24413045207599993 -0.27430022276222554 -0.9301396186389231
vn 0.4281507796130331 -0.26885918195012504 -0.8627871407235168
vn 0.5957174866743001 -0.2530860291895623 -0.7622782549040179
vn 0.7403911233982017 -0.22758695119950795 -0.6324754256387055
vn 0.8566119568056654 -0.19334181911160936 -0.47836690566988677
vn 0.9399136550291921 -0.15166667499809616 -0.3058750411273973
vn 0.9870950058428914 -0.10416306634237633 -0.12162855359731868
vn 0.9963428478270715 -0.05265652441271572 0.0672920502036769
vn 0.967301794125863 0.0008735766242557622 0.25362664675614793
vn 0.9010878742936294 0.0543701049141379 0.430214521480405
vn 0.8002456426984175 0.10577722639326174 0.5902695060044568
vn 0.6686504395082985 0.15311938322407734 0.7276407384323924
vn 0.5113593305041644 0.1945772455772158 0.8370491805204259
vn 0.33441704442014664 0.2285576159963725 0.9142902474440753
vn 0.14462324889396827 0.25375464405032117 0.9563956798847681
vn -0.050728336469163235 0.2692000296028647 0.9617473576469489
vn -0.24413045207599993 0.27430022276222554 0.9301396186389231
vn -0.4281507796130331 0.26885918195012504 0.8627871407235168
vn -0.5957174866743001 0.2530860291895623 0.7622782549040179
vn -0.7403911233982017 0.22758695119950795 0.6324754256387055
vn -0.8566119568056654 0.19334181911160936 0.47836690566988677
vn -0.9399136550291921 0.15166667499809616 0.3058750411273973
vn -0.9870950058428914 0.10416306634237633 0.12162855359731868
vn -0.9963428478270715 0.05265652441271572 -0.0672920502036769
vn -0.967301794125863 -0.0008735766242557622 -0.25362664675614793
vn -0.9010878742936294 -0.0543701049141379 -0.430214521480405
vn -0.9275826436937193 -0.16320425661167984 -0.33608750310298574
vn -0.837091012226882 -0.22522541437646362 -0.49855004760597943
vn -0.7144304543811866 -0.2785913061826614 -0.6418535736226214
vn -0.5643147104476648 -0.3212510871870857 -0.7604910561955897
vn -0.3925126788969236 -0.35156536084102513 -0.849903285063589
vn -0.20562661295289264 -0.36836917285225923 -0.9066542056030313
vn -0.010838418010946132 -0.37101676181328763 -0.9285629171728764
vn 0.18436628453703055 -0.3594064091839245 -0.9147874650231758
vn 0.37248590599993453 -0.33398425589314046 -0.8658572438034535
vn 0.5462910734467482 -0.29572726386900733 -0.7836526325336691
vn 0.6991026009857018 -0.2461056483215681 -0.6713326769636999
vn 0.8250480103262058 -0.1870263175590604 -0.5332137818896531
vn 0.9192872793783408 -0.12075969029231716 -0.37460378424900126
vn 0.978198857794683 -0.04985232135380425 -0.20159796790844525
vn 0.9995188003563618 0.022970836348840968 -0.02084486535370659
vn 0.982427795756853 0.09491124196348465 0.16070930985254062
vn 0.9275826436937193 0.16320425661167984 0.33608750310298574
vn 0.837091012226882 0.22522541437646362 0.49855004760597943
vn 0.7144304543811866 0.2785913061826614 0.6418535736226214
vn 0.5643147104476648 0.3212510871870857 0.7604910561955897
vn 0.3925126788969236 0.35156536084102513 0.849903285063589
vn 0.20562661295289264 0.36836917285225923 0.9066542056030313
vn 0.010838418010946132 0.37101676181328763 0.9285629171728764
vn -0.18436628453703055 0.3594064091839245 0.9147874650231758
vn -0.37248590599993453 0.33398425589314046 0.8658572438034535
vn -0.5462910734467482 0.29572726386900733 0.7836526325336691
vn -0.6991026009857018 0.2461056483215681 0.6713326769636999
vn -0.8250480103262058 0.1870263175590604 0.5332137818896531
vn -0.9192872793783408 0.12075969029231716 0.37460378424900126
vn -0.978198857794683 0.04985232135380425 0.20159796790844525
vn -0.9995188003563618 -0.022970836348840968 0.02084486535370659
vn -0.982427795756853 -0.09491124196348465 -0.16070930985254062
vn -0.9275826436937193 -0.16320425661167984 -0.33608750310298574
vn -0.949644042770334 -0.22932254107118286 -0.21351197668391314
vn -0.8737659611616633 -0.3084344919407359 -0.37603352150638747
vn -0.7643095536757039 -0.37569345429198725 -0.5241043164888081
vn -0.6254811271571207 -0.42851474775975223 -0.6520341022697002
vn -0.46261585204036526 -0.46486846059972103 -0.7549065424147628
vn -0.2819724982848016 -0.48335751991100945 -0.828768374249709
vn -0.0904930803961833 -0.48327143589784244 -0.8707810985808359
vn 0.1044639250464343 -0.46461348657694307 -0.879330197624709
vn 0.29540643131597943 -0.42810073546542715 -0.8540871153641869
vn 0.4749966602730006 -0.37513628925324394 -0.7960219451841777
vn 0.6363329985749535 -0.3077555644398919 -0.7073661198282626
vn 0.7732154391166943 -0.22854798311290028 -0.5915265878442008
vn 0.8803836448487965 -0.1405574042646227 -0.45295502424538764
vn 0.9537191939537517 -0.04716530418747097 -0.2969766542425673
vn 0.9904038467466731 0.04803934024632629 -0.12958565560311952
vn 0.9890278389064996 0.1413978609281363 0.04278526373515371
vn 0.949644042770334 0.22932254107118286 0.21351197668391314
vn 0.8737659611616633 0.3084344919407359 0.37603352150638747
vn 0.7643095536757039 0.37569345429198725 0.5241043164888081
vn 0.6254811271571207 0.42851474775975223 0.6520341022697002
vn 0.46261585204036526 0.46486846059972103 0.7549065424147628
vn 0.2819724982848016 0.48335751991100945 0.828768374249709
vn 0.0904930803961833 0.48327143589784244 0.8707810985808359
vn -0.1044639250464343 0.46461348657694307 0.879330197624709
vn -0.29540643131597943 0.42810073546542715 0.8540871153641869
vn -0.4749966602730006 0.37513628925324394 0.7960219451841777
vn -0.6363329985749535 0.3077555644398919 0.7073661198282626
vn -0.7732154391166943 0.22854798311290028 0.5915265878442008
vn -0.8803836448487965 0.1405574042646227 0.45295502424538764
vn -0.9537191939537517 0.04716530418747097 0.2969766542425673
vn -0.9904038467466731 -0.04803934024632629 0.12958565560311952
vn -0.9890278389064996 -0.1413978609281363 -0.04278526373515371
vn -0.949644042770334 -0.22932254107118286 -0.21351197668391314
vn -0.9669810495945214 -0.24119444097724035 -0.0822975781341968
vn -0.9085339300754842 -0.34207999679798323 -0.23989033680473043
vn -0.8151723569851996 -0.429819604592644 -0.3882642604142407
vn -0.6904841820208398 -0.5010414834780357 -0.5217173815516796
vn -0.5392610500759376 -0.5530086231533626 -0.6351212345600005
vn -0.36731445546499836 -0.583723958447886 -0.7241176914979927
vn -0.18125216709745456 -0.5920071021127229 -0.7852867265977267
vn 0.01177554126618481 -0.5775397491981246 -0.8162776333601551
vn 0.20435072340573485 -0.5408778153277203 -0.8158994856781474
vn 0.38907282604305193 -0.4834303143023553 -0.7841667343418738
vn 0.5588430713238526 -0.40740483641652886 -0.7222989138145957
vn 0.7071372829555527 -0.31572303010393427 -0.6326735582559372
vn 0.8282566490102606 -0.21190815712443023 -0.5187348612869793
vn 0.9175465326458698 -0.09994977206672037 -0.3848615380800638
vn 0.971575636676068 0.01584962599986239 -0.23619816166337435
vn 0.9882676268393397 0.13103993585784693 -0.07845784187518172
vn 0.9669810495945214 0.24119444097724035 0.0822975781341968
vn 0.9085339300754842 0.34207999679798323 0.23989033680473043
vn 0.8151723569851996 0.429819604592644 0.3882642604142407
vn 0.6904841820208398 0.5010414834780357 0.5217173815516796
vn 0.5392610500759376 0.5530086231533626 0.6351212345600005
vn 0.36731445546499836 0.583723958447886 0.7241176914979927
vn 0.18125216709745456 0.5920071021127229 0.7852867265977267
vn -0.01177554126618481 0.5775397491981246 0.8162776333601551
vn -0.20435072340573485 0.5408778153277203 0.8158994856781474
vn -0.38907282604305193 0.4834303143023553 0.7841667343418738
vn -0.5588430713238526 0.40740483641652886 0.7222989138145957
vn -0.7071372829555527 0.31572303010393427 0.6326735582559372
vn -0.8282566490102606 0.21190815712443023 0.5187348612869793
vn -0.9175465326458698 0.09994977206672037 0.3848615380800638
vn -0.971575636676068 -0.01584962599986239 0.23619816166337435
vn -0.9882676268393397 -0.13103993585784693 0.07845784187518172
vn -0.9669810495945214 -0.24119444097724035 -0.0822975781341968
vn -0.9784818376582437 -0.2048430460587523 0.024751158645977243
vn -0.9368354679651892 -0.32773044710630994 -0.12219680847691256
vn -0.8591870263708286 -0.4380233684842178 -0.2644488275220597
vn -0.7485205488197376 -0.5314832299272856 -0.3965382255226584
vn -0.6090887776919396 -0.604518591559818 -0.513388871469058
vn -0.4462501122512099 -0.6543225666349833 -0.6105102915659902
vn -0.2662623228714057 -0.6789813046969302 -0.6841701274472438
vn -0.07604218083830645 -0.6775471994394063 -0.7315376813706671
vn 0.11710020003455365 -0.650075308032066 -0.7507926724728219
vn 0.3057425108357529 -0.5976213981382507 -0.7411951035693182
vn 0.4826352546692639 -0.5222012346971449 -0.7031138467069982
vn 0.6409806551034907 -0.4267131647519801 -0.6380122842159462
vn 0.7746934895036031 -0.31482675689007306 -0.5483922961410105
vn 0.8786353001922357 -0.1908417223116864 -0.43769789385055197
vn 0.9488116450350813 -0.05952275511525446 -0.31018301673256105
vn 0.9825257003610153 0.0740836407243123 -0.1707479496425281
vn 0.9784818376582437 0.2048430460587523 -0.024751158645977243
vn 0.9368354679651892 0.32773044710630994 0.12219680847691256
vn 0.8591870263708286 0.4380233684842178 0.2644488275220597
vn 0.7485205488197376 0.5314832299272856 0.3965382255226584
vn 0.6090887776919396 0.604518591559818 0.513388871469058
vn 0.4462501122512099 0.6543225666349833 0.6105102915659902
vn 0.2662623228714057 0.6789813046969302 0.6841701274472438
vn 0.07604218083830645 0.6775471994394063 0.7315376813706671
vn -0.11710020003455365 0.650075308032066 0.7507926724728219
vn -0.3057425108357529 0.5976213981382507 0.7411951035693182
vn -0.4826352546692639 0.5222012346971449 0.7031138467069982
vn -0.6409806551034907 0.4267131647519801 0.6380122842159462
vn -0.7746934895036031 0.31482675689007306 0.5483922961410105
vn -0.8786353001922357 0.1908417223116864 0.43769789385055197
vn -0.9488116450350813 0.05952275511525446 0.31018301673256105
vn -0.9825257003610153 -0.0740836407243123 0.1707479496425281
vn -0.9784818376582437 -0.2048430460587523 0.024751158645977243
vn -0.9861031747912854 -0.14462138678977587 0.08176296930487462
vn -0.9570193202849278 -0.2854136798404846 -0.05150778544345037
vn -0.8911577378154683 -0.41523772082065197 -0.18279912893470615
vn -0.7910494874531353 -0.52910435668939 -0.30706560884025824
vn -0.6605416066325385 -0.6226378798083603 -0.4195317110005571
vn -0.5046495298900446 -0.6922437089348407 -0.5158754689088179
vn -0.32936403507729645 -0.735247023819834 -0.5923944179021929
vn -0.14142125744050343 -0.7499952262771472 -0.6461479617745748
vn 0.051956252275891415 -0.7359215164514327 -0.6750704181589263
vn 0.24333711542019607 -0.6935667559059608 -0.6780502955983869
vn 0.4253666632156339 -0.6245586178007867 -0.654973079412863
vn 0.5910496283751154 -0.5315490516175868 -0.6067255907921489
vn 0.7340188559716934 -0.4181123340144533 -0.5351620270749717
vn 0.848780170667802 -0.28860781123295426 -0.44303245160649385
vn 0.9309233427435635 -0.1480122357668563 -0.3338773846765405
vn 0.9772916416155134 -0.0017286450566666787 -0.21189162091673933
vn 0.9861031747912854 0.14462138678977587 -0.08176296930487462
vn 0.9570193202849278 0.2854136798404846 0.05150778544345037
vn 0.8911577378154683 0.41523772082065197 0.18279912893470615
vn 0.7910494874531353 0.52910435668939 0.30706560884025824
vn 0.6605416066325385 0.6226378798083603 0.4195317110005571
vn 0.5046495298900446 0.6922437089348407 0.5158754689088179
vn 0.32936403507729645 0.735247023819834 0.5923944179021929
vn 0.14142125744050343 0.7499952262771472 0.6461479617745748
vn -0.051956252275891415 0.7359215164514327 0.6750704181589263
vn -0.24333711542019607 0.6935667559059608 0.6780502955983869
vn -0.4253666632156339 0.6245586178007867 0.654973079412863
vn -0.5910496283751154 0.5315490516175868 0.6067255907921489
vn -0.7340188559716934 0.4181123340144533 0.5351620270749717
vn -0.848780170667802 0.28860781123295426 0.44303245160649385
vn -0.9309233427435635 0.1480122357668563 0.3338773846765405
vn -0.9772916416155134 0.0017286450566666787 0.21189162091673933
vn -0.9861031747912854 -0.14462138678977587 0.08176296930487462
vn -0.9926660575343079 -0.08523838151970503 0.08572348881838371
vn -0.9705897858867987 -0.2381992858100189 -0.03487933158498116
vn -0.911214295306922 -0.3820063187427308 -0.15414175446301578
vn -0.8168213392099738 -0.5111330763021551 -0.2674806126079426
vn -0.6910384168935958 -0.6206172589350032 -0.37054031398647586
vn -0.53869925431957 -0.7062514824041362 -0.4593603781319188
vn -0.36565820282816 -0.7647448370364857 -0.5305274855561389
vn -0.17856510449302837 -0.7938494889377061 -0.5813067111007205
vn 0.015390159426735056 -0.7924469639629285 -0.6097466295919616
vn 0.20875398846299278 -0.7605911504822473 -0.6147543201221803
vn 0.39409550384674236 -0.6995062118461796 -0.5961373947643195
vn 0.5642921850078217 -0.6115396538091366 -0.5546111987312369
vn 0.7128033683021036 -0.5000720055693355 -0.491771641499424
vn 0.8339219731875842 -0.36938682386808197 -0.4100335559287514
vn 0.9229934132499928 -0.2245063165492025 -0.3125381143582927
vn 0.9765947294632152 -0.0709981831724933 -0.20303199839157052
vn 0.9926660575343079 0.08523838151970503 -0.08572348881838371
vn 0.9705897858867987 0.2381992858100189 0.03487933158498116
vn 0.911214295306922 0.3820063187427308 0.15414175446301578
vn 0.8168213392099738 0.5111330763021551 0.2674806126079426
vn 0.6910384168935958 0.6206172589350032 0.37054031398647586
vn 0.53869925431957 0.7062514824041362 0.4593603781319188
vn 0.36565820282816 0.7647448370364857 0.5305274855561389
vn 0.17856510449302837 0.7938494889377061 0.5813067111007205
vn -0.015390159426735056 0.7924469639629285 0.6097466295919616
vn -0.20875398846299278 0.7605911504822473 0.6147543201221803
vn -0.39409550384674236 0.6995062118461796 0.5961373947643195
vn -0.5642921850078217 0.6115396538091366 0.5546111987312369
vn -0.7128033683021036 0.5000720055693355 0.491771641499424
vn -0.8339219731875842 0.36938682386808197 0.4100335559287514
vn -0.9229934132499928 0.2245063165492025 0.3125381143582927
vn -0.9765947294632152 0.0709981831724933 0.20303199839157052
vn -0.9926660575343079 -0.08523838151970503 0.08572348881838371
vn -0.9980054922467874 -0.03730949695445421 0.05092189001061593
vn -0.9784804502299081 -0.19715794759128197 -0.06086667577147341
vn -0.9213529497562658 -0.34942973677985456 -0.17031617958781636
vn -0.828818373361476 -0.4882731393668826 -0.2732205068278106
vn -0.7044327723812625 -0.6083524709799416 -0.3656251362363478
vn -0.5529762017758089 -0.705053164337247 -0.44397900370134086
vn -0.3802691060442087 -0.774659029118442 -0.5052710120258346
vn -0.1929484469603146 -0.8144952112932835 -0.5471457279335298
vn 0.0017871045951043053 -0.8230308069659237 -0.567993923420125
vn 0.19645397206067 -0.7999377781964199 -0.5670144512054002
vn 0.3835712347333982 -0.7461035797240337 -0.5442449413711428
vn 0.5559480718830725 -0.6635970392727942 -0.5005603967933095
vn 0.7069601448951006 -0.5555888439816645 -0.4376395662791652
vn 0.8308040978694989 -0.42622970934282384 -0.3579005250579828
vn 0.9227207408698338 -0.28049078904878183 -0.26440754835559616
vn 0.9791777434473005 -0.12397274000813073 -0.1607535581949253
vn 0.9980054922467874 0.03730949695445421 -0.05092189001061593
vn 0.9784804502299081 0.19715794759128197 0.06086667577147341
vn 0.9213529497562658 0.34942973677985456 0.17031617958781636
vn 0.828818373361476 0.4882731393668826 0.2732205068278106
vn 0.7044327723812625 0.6083524709799416 0.3656251362363478
vn 0.5529762017758089 0.705053164337247 0.44397900370134086
vn 0.3802691060442087 0.774659029118442 0.5052710120258346
vn 0.1929484469603146 0.8144952112932835 0.5471457279335298
vn -0.0017871045951043053 0.8230308069659237 0.567993923420125
vn -0.19645397206067 0.7999377781964199 0.5670144512054002
vn -0.3835712347333982 0.7461035797240337 0.5442449413711428
vn -0.5559480718830725 0.6635970392727942 0.5005603967933095
vn -0.7069601448951006 0.5555888439816645 0.4376395662791652
vn -0.8308040978694989 0.42622970934282384 0.3579005250579828
vn -0.9227207408698338 0.28049078904878183 0.26440754835559616
vn -0.9791777434473005 0.12397274000813073 0.1607535581949253
vn -0.9980054922467874 -0.03730949695445421 0.05092189001061593
vn -0.9999939918880314 0.0019230109403743276 -0.0028841318907488994
vn -0.9807793891732965 -0.16043223109646088 -0.11105534205191059
vn -0.9238739793564167 -0.3166221741263061 -0.2149587614396553
vn -0.8314646057569776 -0.4606444930481847 -0.3106014494457083
vn -0.7071025406046464 -0.5869644908928994 -0.3943078537149543
vn -0.5555669081019554 -0.6907277717868191 -0.4628612706896629
vn -0.38268113593295755 -0.7679467888988856 -0.5136271776502406
vn -0.19508914710570346 -0.8156540419368056 -0.5446546690828246
vn 0 -0.8320161622265394 -0.5547513909796178
vn 0.1950891503789847 -0.8164043589055356 -0.5435293425054872
vn 0.382681129378558 -0.7694185932316268 -0.5114197704498875
vn 0.5555668954139349 -0.6928645228782635 -0.45965658665660203
vn 0.7071025260752097 -0.5896840599165936 -0.3902290700323859
vn 0.8314646092875587 -0.4638423438804301 -0.3058053032990043
vn 0.923873975501264 -0.32017544415462235 -0.20962958367530102
vn 0.9807793886013838 -0.16420435557097826 -0.10539791509425357
vn 0.9999939918880314 -0.0019230109403743276 0.0028841318907488994
vn 0.9807793891732965 0.16043223109646088 0.11105534205191059
vn 0.9238739793564167 0.3166221741263061 0.2149587614396553
vn 0.8314646057569776 0.4606444930481847 0.3106014494457083
vn 0.7071025406046464 0.5869644908928994 0.3943078537149543
vn 0.5555669081019554 0.6907277717868191 0.4628612706896629
vn 0.38268113593295755 0.7679467888988856 0.5136271776502406
vn 0.19508914710570346 0.8156540419368056 0.5446546690828246
vn 0 0.8320161622265394 0.5547513909796178
vn -0.1950891503789847 0.8164043589055356 0.5435293425054872
vn -0.382681129378558 0.7694185932316268 0.5114197704498875
vn -0.5555668954139349 0.6928645228782635 0.45965658665660203
vn -0.7071025260752097 0.5896840599165936 0.3902290700323859
vn -0.8314646092875587 0.4638423438804301 0.3058053032990043
vn -0.923873975501264 0.32017544415462235 0.20962958367530102
vn -0.9807793886013838 0.16420435557097826 0.10539791509425357
vn -0.9999939918880314 0.0019230109403743276 -0.0028841318907488994
vn -0.9975789139331435 0.041671655863245505 -0.05567570002779782
vn -0.9788841673946592 -0.11929031545270825 -0.1659988176562051
vn -0.9225714535283319 -0.27566801702501287 -0.26994269303709306
vn -0.8308048355552774 -0.4214519614748977 -0.36351281873811525
vn -0.7071108314485643 -0.5510397625510399 -0.4431133626238476
vn -0.5562430098454367 -0.6594513742803585 -0.5056852765879544
vn -0.3839990332592069 -0.7425206562666968 -0.5488240314283516
vn -0.19699819146474634 -0.7970552943590232 -0.5708717634406784
vn -0.002426840205004601 -0.8209595330806446 -0.5709812216619995
vn 0.19223778226845048 -0.8133147476101624 -0.5491482098562516
vn 0.3795148087053932 -0.7744147681289568 -0.5062116917625299
vn 0.5522072833974027 -0.7057544490263284 -0.4438217816223129
vn 0.7036787834318124 -0.6099723548696283 -0.36437603659231566
vn 0.8281082682334651 -0.4907493990898014 -0.27092752421334065
vn 0.9207140254553482 -0.3526672142966068 -0.16706740941931042
vn 0.9779372627785548 -0.20103220264330918 -0.056787001765961805
vn 0.9975789139331435 -0.041671655863245505 0.05567570002779782
vn 0.9788841673946592 0.11929031545270825 0.1659988176562051
vn 0.9225714535283319 0.27566801702501287 0.26994269303709306
vn 0.8308048355552774 0.4214519614748977 0.36351281873811525
vn 0.7071108314485643 0.5510397625510399 0.4431133626238476
vn 0.5562430098454367 0.6594513742803585 0.5056852765879544
vn 0.3839990332592069 0.7425206562666968 0.5488240314283516
vn 0.19699819146474634 0.7970552943590232 0.5708717634406784
vn 0.002426840205004601 0.8209595330806446 0.5709812216619995
vn -0.19223778226845048 0.8133147476101624 0.5491482098562516
vn -0.3795148087053932 0.7744147681289568 0.5062116917625299
vn -0.5522072833974027 0.7057544490263284 0.4438217816223129
vn -0.7036787834318124 0.6099723548696283 0.36437603659231566
vn -0.8281082682334651 0.4907493990898014 0.27092752421334065
vn -0.9207140254553482 0.3526672142966068 0.16706740941931042
vn -0.9779372627785548 0.20103220264330918 0.056787001765961805
vn -0.9975789139331435 0.041671655863245505 -0.05567570002779782
vn -0.9920244936620323 0.09081436806867631 -0.08740797747846359
vn -0.9764560361743145 -0.0646543123703536 -0.20579948812050639
vn -0.9233629183867945 -0.21763837517552842 -0.31628224515324543
vn -0.8347854799271067 -0.3622587105452847 -0.41461045468841917
vn -0.7141277134040999 -0.49295761767229357 -0.4970054286696361
vn -0.5660263854263825 -0.6047124818094513 -0.5603007632914649
vn -0.3961730383196015 -0.6932285571209594 -0.6020640259146931
vn -0.21109495344198842 -0.755104271559346 -0.620690309014209
vn -0.01790459823663452 -0.787961720132949 -0.615463851876866
vn 0.17597382246994278 -0.7905382728008681 -0.5865854183683201
vn 0.36308964986703285 -0.762734887878543 -0.5351648315914843
vn 0.536252143341537 -0.7056199939082582 -0.4631782194345037
vn 0.6888067752170444 -0.6213885572658865 -0.37339186830207777
vn 0.8148909641991285 -0.51327746065915 -0.2692563181169744
vn 0.9096593371957143 -0.3854414271739007 -0.15477337132336558
vn 0.9694700099776906 -0.24279309455307663 -0.03434258276829623
vn 0.9920244936620323 -0.09081436806867631 0.08740797747846359
vn 0.9764560361743145 0.0646543123703536 0.20579948812050639
vn 0.9233629183867945 0.21763837517552842 0.31628224515324543
vn 0.8347854799271067 0.3622587105452847 0.41461045468841917
vn 0.7141277134040999 0.49295761767229357 0.4970054286696361
vn 0.5660263854263825 0.6047124818094513 0.5603007632914649
vn 0.3961730383196015 0.6932285571209594 0.6020640259146931
vn 0.21109495344198842 0.755104271559346 0.620690309014209
vn 0.01790459823663452 0.787961720132949 0.615463851876866
vn -0.17597382246994278 0.7905382728008681 0.5865854183683201
vn -0.36308964986703285 0.762734887878543 0.5351648315914843
vn -0.536252143341537 0.7056199939082582 0.4631782194345037
vn -0.6888067752170444 0.6213885572658865 0.37339186830207777
vn -0.8148909641991285 0.51327746065915 0.2692563181169744
vn -0.9096593371957143 0.3854414271739007 0.15477337132336558
vn -0.9694700099776906 0.24279309455307663 0.03434258276829623
vn -0.9920244936620323 0.09081436806867631 -0.08740797747846359
vn -0.985404546749975 0.15104059809420362 -0.07851507480619138
vn -0.9776444750435062 0.006010038605607337 -0.21017887584832612
vn -0.9323140762603683 -0.1392514822376278 -0.3337656182134401
vn -0.8511553630337122 -0.2791616691976655 -0.44452593898413045
vn -0.7372872390451235 -0.4083438006604034 -0.5382033701152712
vn -0.5950855613141915 -0.5218335390430386 -0.611197948495568
vn -0.43001510769348117 -0.6152694689200674 -0.6607045389356592
vn -0.24841939159236304 -0.6850609847298247 -0.6848205991950616
vn -0.05727707025976155 -0.7285259590405858 -0.6826194138950731
vn 0.1360663906266367 -0.7439941089233013 -0.6541855266124913
vn 0.3241808714434827 -0.7308709625831102 -0.6006116870682604
vn 0.4998372873708734 -0.6896608582957284 -0.5239566648956059
vn 0.6562852316356869 -0.6219474723409297 -0.42716628657423455
vn 0.7875125021627546 -0.5303329966485413 -0.3139601433353219
vn 0.8884761179339126 -0.41833811272664423 -0.18868866235519796
vn 0.9552960774703317 -0.2902667456447526 -0.05616601056334981
vn 0.985404546749975 -0.15104059809420362 0.07851507480619138
vn 0.9776444750435062 -0.006010038605607337 0.21017887584832612
vn 0.9323140762603683 0.1392514822376278 0.3337656182134401
vn 0.8511553630337122 0.2791616691976655 0.44452593898413045
vn 0.7372872390451235 0.4083438006604034 0.5382033701152712
vn 0.5950855613141915 0.5218335390430386 0.611197948495568
vn 0.43001510769348117 0.6152694689200674 0.6607045389356592
vn 0.24841939159236304 0.6850609847298247 0.6848205991950616
vn 0.05727707025976155 0.7285259590405858 0.6826194138950731
vn -0.1360663906266367 0.7439941089233013 0.6541855266124913
vn -0.3241808714434827 0.7308709625831102 0.6006116870682604
vn -0.4998372873708734 0.6896608582957284 0.5239566648956059
vn -0.6562852316356869 0.6219474723409297 0.42716628657423455
vn -0.7875125021627546 0.5303329966485413 0.3139601433353219
vn -0.8884761179339126 0.41833811272664423 0.18868866235519796
vn -0.9552960774703317 0.2902667456447526 0.05616601056334981
vn -0.985404546749975 0.15104059809420362 -0.07851507480619138
vn -0.9775458638770366 0.21012453873465126 -0.015867017314182875
vn -0.9831908732966961 0.08127048439458684 -0.16349561166083218
vn -0.9510524054319159 -0.05070675420440613 -0.304841183569774
vn -0.8823655239567 -0.18073536438996368 -0.43447187502926543
vn -0.7797698490259125 -0.3038184090265015 -0.5474060256214858
vn -0.6472080402775711 -0.41522589664994497 -0.6393036894554223
vn -0.4897743890029612 -0.5106764569741846 -0.7066332883250477
vn -0.3135189778033377 -0.5865020279346751 -0.7468073525251769
vn -0.1252152212886723 -0.6397886471303261 -0.7582820289053249
vn 0.06790049474308203 -0.6684885719723557 -0.740616332493421
vn 0.2584068189917868 -0.671498837890026 -0.6944891839408952
vn 0.438982726519783 -0.6487037559821041 -0.6216732283056494
vn 0.6026887727773106 -0.6009793712168523 -0.5249667023154672
vn 0.7432338407270127 -0.5301596984188768 -0.4080859617416151
vn 0.8552168170320772 -0.43896628240495145 -0.27552277360882393
vn 0.9343343215281136 -0.3309036137963713 -0.13237134883010643
vn 0.9775458638770366 -0.21012453873465126 0.015867017314182875
vn 0.9831908732966961 -0.08127048439458684 0.16349561166083218
vn 0.9510524054319159 0.05070675420440613 0.304841183569774
vn 0.8823655239567 0.18073536438996368 0.43447187502926543
vn 0.7797698490259125 0.3038184090265015 0.5474060256214858
vn 0.6472080402775711 0.41522589664994497 0.6393036894554223
vn 0.4897743890029612 0.5106764569741846 0.7066332883250477
vn 0.3135189778033377 0.5865020279346751 0.7468073525251769
vn 0.1252152212886723 0.6397886471303261 0.7582820289053249
vn -0.06790049474308203 0.6684885719723557 0.740616332493421
vn -0.2584068189917868 0.671498837890026 0.6944891839408952
vn -0.438982726519783 0.6487037559821041 0.6216732283056494
vn -0.6026887727773106 0.6009793712168523 0.5249667023154672
vn -0.7432338407270127 0.5301596984188768 0.4080859617416151
vn -0.8552168170320772 0.43896628240495145 0.27552277360882393
vn -0.9343343215281136 0.3309036137963713 0.13237134883010643
vn -0.9775458638770366 0.21012453873465126 -0.015867017314182875
vn -0.9654816639781768 0.24247407052702413 0.09513927498140105
vn -0.9886418176507358 0.13458545766753774 -0.06688879559888063
vn -0.9738090163634647 0.021524811440581944 -0.22634637647125866
vn -0.9215532933466258 -0.09236302022467202 -0.37710555553712616
vn -0.8338827615953417 -0.20270140773282963 -0.5133728462017207
vn -0.7141666404048018 -0.3052500780847178 -0.6299114219969282
vn -0.567005440919494 -0.3960681455849104 -0.7222429328284357
vn -0.39805457962887875 -0.4716655726565286 -0.7868190002834614
vn -0.21380666914031882 -0.5291371228111843 -0.8211580928750711
vn -0.021342301387315896 -0.5662742759257517 -0.8239405018545078
vn 0.17194223222526997 -0.5816497741368764 -0.7950593745274072
vn 0.3586191227985523 -0.5746728167437223 -0.7356245499295365
vn 0.5315144772613122 -0.5456115124962412 -0.6479200860393186
vn 0.6839840385651498 -0.4955826680541489 -0.5353164056074117
vn 0.8101684869393235 -0.4265088345408821 -0.4021408171636218
vn 0.905218591511523 -0.341044541513375 -0.25351118769361286
vn 0.9654816639781768 -0.24247407052702413 -0.09513927498140105
vn 0.9886418176507358 -0.13458545766753774 0.06688879559888063
vn 0.9738090163634647 -0.021524811440581944 0.22634637647125866
vn 0.9215532933466258 0.09236302022467202 0.37710555553712616
vn 0.8338827615953417 0.20270140773282963 0.5133728462017207
vn 0.7141666404048018 0.3052500780847178 0.6299114219969282
vn 0.567005440919494 0.3960681455849104 0.7222429328284357
vn 0.39805457962887875 0.4716655726565286 0.7868190002834614
vn 0.21380666914031882 0.5291371228111843 0.8211580928750711
vn 0.021342301387315896 0.5662742759257517 0.8239405018545078
vn -0.17194223222526997 0.5816497741368764 0.7950593745274072
vn -0.3586191227985523 0.5746728167437223 0.7356245499295365
vn -0.5315144772613122 0.5456115124962412 0.6479200860393186
vn -0.6839840385651498 0.4955826680541489 0.5353164056074117
vn -0.8101684869393235 0.4265088345408821 0.4021408171636218
vn -0.905218591511523 0.341044541513375 0.25351118769361286
vn -0.9654816639781768 0.24247407052702413 0.09513927498140105
vn -0.9475846781809748 0.2249758963731243 0.2268680756029095
vn -0.9887067976081771 0.13922903364853584 0.055444968686779596
vn -0.9918334718777314 0.0481316793922523 -0.11810887139350312
vn -0.956844542201042 -0.044815356554331075 -0.28712385111130484
vn -0.8850846214783925 -0.13604016485525616 -0.44510480380311057
vn -0.7793113753677788 -0.22203702202916412 -0.5859806661237223
vn -0.6435896618403965 -0.2995011147217328 -0.7043375820248439
vn -0.48313512697667027 -0.36545556253797723 -0.795627224830377
vn -0.3041139847131519 -0.4173657306393567 -0.8563413637036137
vn -0.1134059299176702 -0.4532367961126322 -0.8841467648015597
vn 0.08166026226699435 -0.47169020209752893 -0.8779749169604322
vn 0.2735883064661511 -0.47201685275821215 -0.8380629625972118
vn 0.45500249156307654 -0.4542041469424324 -0.7659447274912792
vn 0.618931171742662 -0.41893660850559034 -0.6643916937312575
vn 0.7590746928871849 -0.36756959796232486 -0.5373064314448884
vn 0.8700473936462145 -0.30207708588564464 -0.3895728006320074
vn 0.9475846781809748 -0.2249758963731243 -0.2268680756029095
vn 0.9887067976081771 -0.13922903364853584 -0.055444968686779596
vn 0.9918334718777314 -0.0481316793922523 0.11810887139350312
vn 0.956844542201042 0.044815356554331075 0.28712385111130484
vn 0.8850846214783925 0.13604016485525616 0.44510480380311057
vn 0.7793113753677788 0.22203702202916412 0.5859806661237223
vn 0.6435896618403965 0.2995011147217328 0.7043375820248439
vn 0.48313512697667027 0.36545556253797723 0.795627224830377
vn 0.3041139847131519 0.4173657306393567 0.8563413637036137
vn 0.1134059299176702 0.4532367961126322 0.8841467648015597
vn -0.08166026226699435 0.47169020209752893 0.8779749169604322
vn -0.2735883064661511 0.47201685275821215 0.8380629625972118
vn -0.45500249156307654 0.4542041469424324 0.7659447274912792
vn -0.618931171742662 0.41893660850559034 0.6643916937312575
vn -0.7590746928871849 0.36756959796232486 0.5373064314448884
vn -0.8700473936462145 0.30207708588564464 0.3895728006320074
vn -0.9475846781809748 0.2249758963731243 0.2268680756029095
vn -0.9251119594050377 0.15379451380866713 0.34715286271054696
vn -0.9813078454597158 0.08724362236639502 0.17153268725114876
vn -0.99979261600325 0.01734000783229497 -0.010679377966621073
vn -0.9798559163206155 -0.053229977601359384 -0.19248104513443848
vn -0.9222639017858323 -0.12175436073407986 -0.3668857739201784
vn -0.829229814050464 -0.18559978507404137 -0.5271912701006178
vn -0.7043288938406205 -0.24231272909220095 -0.6672371022516191
vn -0.5523609600449647 -0.2897137148182804 -0.78164143522743
vn -0.37916615440877444 -0.3259811685249814 -0.8660076819046982
vn -0.1914001974472349 -0.34972136722829544 -0.9170937409671549
vn 0.003721169134470297 -0.36002194285471373 -0.9329364145339112
vn 0.19869953470142931 -0.3564870967232143 -0.9129268562044218
vn 0.38604196809368535 -0.3392526498877787 -0.8578340389693535
vn 0.5585490391768838 -0.30898090791001864 -0.7697751420912995
vn 0.7095914034351123 -0.26683521824762113 -0.652134193608748
vn 0.8333645406517908 -0.2144351736081329 -0.509432133560379
vn 0.9251119594050377 -0.15379451380866713 -0.34715286271054696
vn 0.9813078454597158 -0.08724362236639502 -0.17153268725114876
vn 0.99979261600325 -0.01734000783229497 0.010679377966621073
vn 0.9798559163206155 0.053229977601359384 0.19248104513443848
vn 0.9222639017858323 0.12175436073407986 0.3668857739201784
vn 0.829229814050464 0.18559978507404137 0.5271912701006178
vn 0.7043288938406205 0.24231272909220095 0.6672371022516191
vn 0.5523609600449647 0.2897137148182804 0.78164143522743
vn 0.37916615440877444 0.3259811685249814 0.8660076819046982
vn 0.1914001974472349 0.34972136722829544 0.9170937409671549
vn -0.003721169134470297 0.36002194285471373 0.9329364145339112
vn -0.19869953470142931 0.3564870967232143 0.9129268562044218
vn -0.38604196809368535 0.3392526498877787 0.8578340389693535
vn -0.5585490391768838 0.30898090791001864 0.7697751420912995
vn -0.7095914034351123 0.26683521824762113 0.652134193608748
vn -0.8333645406517908 0.2144351736081329 0.509432133560379
vn -0.9251119594050377 0.15379451380866713 0.34715286271054696
vn -0.8980468620249946 0.04155233552668573 0.43793291383422867
vn -0.9651901803551066 -0.010719845162060038 0.2613292954603031
vn -0.995241775728009 -0.06258006485212832 0.07468295206312382
vn -0.987046788124932 -0.11203537248946523 -0.11483341570902718
vn -0.9409201507953752 -0.15718520788088686 -0.29993679375937016
vn -0.858634471429718 -0.19629453112017511 -0.4735137817687248
vn -0.7433519396532087 -0.22786034745199965 -0.6288939146413062
vn -0.5995028538856455 -0.2506696251980348 -0.7601059578677455
vn -0.43261517064623195 -0.26384580727187956 -0.8621075942779889
vn -0.2491023433344633 -0.2668825432801934 -0.9309789098779707
vn -0.05601664200167702 -0.259663132038423 -0.964073230454436
vn 0.13922174096483383 -0.24246500121728212 -0.9601187582936935
vn 0.3291099019762658 -0.21594908494005835 -0.9192674611530228
vn 0.506350575472024 -0.18113437244679237 -0.8430892205677029
vn 0.664132463686357 -0.13935877127456253 -0.7345115407852579
vn 0.7963921361157893 -0.09222768170036227 -0.5977069685565888
vn 0.8980468620249946 -0.04155233552668573 -0.43793291383422867
vn 0.9651901803551066 0.010719845162060038 -0.2613292954603031
vn 0.995241775728009 0.06258006485212832 -0.07468295206312382
vn 0.987046788124932 0.11203537248946523 0.11483341570902718
vn 0.9409201507953752 0.15718520788088686 0.29993679375937016
vn 0.858634471429718 0.19629453112017511 0.4735137817687248
vn 0.7433519396532087 0.22786034745199965 0.6288939146413062
vn 0.5995028538856455 0.2506696251980348 0.7601059578677455
vn 0.43261517064623195 0.26384580727187956 0.8621075942779889
vn 0.2491023433344633 0.2668825432801934 0.9309789098779707
vn 0.05601664200167702 0.259663132038423 0.964073230454436
vn -0.13922174096483383 0.24246500121728212 0.9601187582936935
vn -0.3291099019762658 0.21594908494005835 0.9192674611530228
vn -0.506350575472024 0.18113437244679237 0.8430892205677029
vn -0.664132463686357 0.13935877127456253 0.7345115407852579
vn -0.7963921361157893 0.09222768170036227 0.5977069685565888
vn -0.8980468620249946 0.04155233552668573 0.43793291383422867
vn -0.8631953737509283 -0.09509863114108857 0.495832630118356
vn -0.937506395778108 -0.13779032496125035 0.3195239963167318
vn -0.9757895679162648 -0.17518681663882804 0.13093623800057316
vn -0.9765736901146372 -0.20585098534690258 -0.06268332798750942
vn -0.939828634194357 -0.22860440610191876 -0.253894001227202
vn -0.8669664862306418 -0.24257269508778026 -0.4353476764044402
vn -0.7607873014511061 -0.2472190387915819 -0.6000711864518329
vn -0.6253715139839576 -0.24236491254039508 -0.7417342641854286
vn -0.4659230033468272 -0.22819682566072022 -0.8548929545332816
vn -0.2885693666312661 -0.20525926754129661 -0.9351985637983201
vn -0.10012616197686934 -0.1744337078520815 -0.9795650224731162
vn 0.09216483598284692 -0.13690475994579432 -0.9862873464221467
vn 0.280913976668315 -0.09411463814576358 -0.9551072047676562
vn 0.4588677837688769 -0.04770774347010327 -0.8872228176912663
vn 0.6191875291873938 0.0005325307098116779 -0.7852429688382146
vn 0.7557122649176259 0.04875234104405994 -0.6530866572636406
vn 0.8631953737509283 0.09509863114108857 -0.495832630118356
vn 0.937506395778108 0.13779032496125035 -0.3195239963167318
vn 0.9757895679162648 0.17518681663882804 -0.13093623800057316
vn 0.9765736901146372 0.20585098534690258 0.06268332798750942
vn 0.939828634194357 0.22860440610191876 0.253894001227202
vn 0.8669664862306418 0.24257269508778026 0.4353476764044402
vn 0.7607873014511061 0.2472190387915819 0.6000711864518329
vn 0.6253715139839576 0.24236491254039508 0.7417342641854286
vn 0.4659230033468272 0.22819682566072022 0.8548929545332816
vn 0.2885693666312661 0.20525926754129661 0.9351985637983201
vn 0.10012616197686934 0.1744337078520815 0.9795650224731162
vn -0.09216483598284692 0.13690475994579432 0.9862873464221467
vn -0.280913976668315 0.09411463814576358 0.9551072047676562
vn -0.4588677837688769 0.04770774347010327 0.8872228176912663
vn -0.6191875291873938 -0.0005325307098116779 0.7852429688382146
vn -0.7557122649176259 -0.04875234104405994 0.6530866572636406
vn -0.8631953737509283 -0.09509863114108857 0.495832630118356
vn -0.8162468810473982 -0.24211734944652277 0.5245190351907021
vn -0.8948096719449256 -0.2787904468304386 0.3486997816889175
vn -0.9389854253101588 -0.30474979268200514 0.1594802022677898
vn -0.947076501114934 -0.3189977711045711 -0.03586813441218045
vn -0.9187719616113585 -0.3209868299581622 -0.229838068104973
vn -0.8551595174916162 -0.3106405721897698 -0.41497546259160734
vn -0.7586837923851165 -0.28835653942801925 -0.5841655667199449
vn -0.6330522287417442 -0.25499117328519805 -0.7309065448001876
vn -0.48309288652994614 -0.21182661295255786 -0.849559149811955
vn -0.3145685256392108 -0.16052165936049054 -0.9355637014940928
vn -0.13395547671875258 -0.10304796545743043 -0.98561506029085
vn 0.05180541355067975 -0.04161419289995887 -0.9977897865162421
vn 0.23557544915872025 0.02141878910268195 -0.9716200096884801
vn 0.41029245732994485 0.0836286641148998 -0.9081114171711051
vn 0.5692421357046862 0.14262472491872835 -0.8097046244033838
vn 0.7063161742917696 0.19613981280691958 -0.680181325652142
vn 0.8162468810473982 0.24211734944652277 -0.5245190351907021
vn 0.8948096719449256 0.2787904468304386 -0.3486997816889175
vn 0.9389854253101588 0.30474979268200514 -0.1594802022677898
vn 0.947076501114934 0.3189977711045711 0.03586813441218045
vn 0.9187719616113585 0.3209868299581622 0.229838068104973
vn 0.8551595174916162 0.3106405721897698 0.41497546259160734
vn 0.7586837923851165 0.28835653942801925 0.5841655667199449
vn 0.6330522287417442 0.25499117328519805 0.7309065448001876
vn 0.48309288652994614 0.21182661295255786 0.849559149811955
vn 0.3145685256392108 0.16052165936049054 0.9355637014940928
vn 0.13395547671875258 0.10304796545743043 0.98561506029085
vn -0.05180541355067975 0.04161419289995887 0.9977897865162421
vn -0.23557544915872025 -0.02141878910268195 0.9716200096884801
vn -0.41029245732994485 -0.0836286641148998 0.9081114171711051
vn -0.5692421357046862 -0.14262472491872835 0.8097046244033838
vn -0.7063161742917696 -0.19613981280691958 0.680181325652142
vn -0.8162468810473982 -0.24211734944652277 0.5245190351907021
vn -0.7539392744410011 -0.3890020269166524 0.5293892646343642
vn -0.834677802876655 -0.42203574737594773 0.3538344151178985
vn -0.8833401110987866 -0.4388509048925443 0.16468190975021585
vn -0.8980561565481671 -0.43880126225467464 -0.03079921962710175
vn -0.8782604118548384 -0.4218887283894484 -0.22509675658814793
vn -0.8247135949116106 -0.38876328209353794 -0.41074395535884384
vn -0.7394735111685318 -0.3406978200984702 -0.5806065118996114
vn -0.6258158830613818 -0.2795395916724424 -0.7281566433094645
vn -0.48810849325710143 -0.2076387734557552 -0.8477241524034054
vn -0.33164337693774365 -0.12775851946531164 -0.9347140906380739
vn -0.16243336752311865 -0.04296858145599386 -0.9857834965765855
vn 0.013018841813642084 0.04347261400045464 -0.9989697901287101
vn 0.18797076259210307 0.12824318161390552 -0.9737662341548335
vn 0.35569906004345064 0.20808543130083168 -0.9111413896671321
vn 0.509758052602338 0.27993106698836334 -0.8135018903123878
vn 0.6442273116650115 0.34101911624879166 -0.6845999804687151
vn 0.7539392744410011 0.3890020269166524 -0.5293892646343642
vn 0.834677802876655 0.42203574737594773 -0.3538344151178985
vn 0.8833401110987866 0.4388509048925443 -0.16468190975021585
vn 0.8980561565481671 0.43880126225467464 0.03079921962710175
vn 0.8782604118548384 0.4218887283894484 0.22509675658814793
vn 0.8247135949116106 0.38876328209353794 0.41074395535884384
vn 0.7394735111685318 0.3406978200984702 0.5806065118996114
vn 0.6258158830613818 0.2795395916724424 0.7281566433094645
vn 0.48810849325710143 0.2076387734557552 0.8477241524034054
vn 0.33164337693774365 0.12775851946531164 0.9347140906380739
vn 0.16243336752311865 0.04296858145599386 0.9857834965765855
vn -0.013018841813642084 -0.04347261400045464 0.9989697901287101
vn -0.18797076259210307 -0.12824318161390552 0.9737662341548335
vn -0.35569906004345064 -0.20808543130083168 0.9111413896671321
vn -0.509758052602338 -0.27993106698836334 0.8135018903123878
vn -0.6442273116650115 -0.34101911624879166 0.6845999804687151
vn -0.7539392744410011 -0.3890020269166524 0.5293892646343642
vn -0.6748518865708163 -0.5280486284197402 0.5154993474446316
vn -0.756373402806765 -0.5588933209866885 0.3399081218255685
vn -0.8088279494349458 -0.5682600230399828 0.15125440300189189
vn -0.8301996786672132 -0.5557888282745705 -0.04321194170638372
vn -0.8196672810531336 -0.5219590076350825 -0.236017674591466
vn -0.7776355713016757 -0.4680705350225761 -0.4197533710287456
vn -0.7057197231869842 -0.39619443594761133 -0.5873581881859149
vn -0.6066834826177521 -0.30909275496947464 -0.7323911664842607
vn -0.4843327401363073 -0.21011283986322354 -0.8492787477363763
vn -0.34336934093816324 -0.10305840702194709 -0.9335290356736582
vn -0.18921045835150666 0.007956505701021683 -0.981904321442493
vn -0.02778033619187367 0.11866565388431985 -0.9925455735175455
vn 0.13471737698461378 0.22481455233353287 -0.965043856722304
vn 0.2920379859429388 0.3223239396170535 -0.9004560470762213
vn 0.4381357101972725 0.40744661992698233 -0.8012642206912828
vn 0.5673961572968654 0.4769113305994582 -0.6712802569945021
vn 0.6748518865708163 0.5280486284197402 -0.5154993474446316
vn 0.756373402806765 0.5588933209866885 -0.3399081218255685
vn 0.8088279494349458 0.5682600230399828 -0.15125440300189189
vn 0.8301996786672132 0.5557888282745705 0.04321194170638372
vn 0.8196672810531336 0.5219590076350825 0.236017674591466
vn 0.7776355713016757 0.4680705350225761 0.4197533710287456
vn 0.7057197231869842 0.39619443594761133 0.5873581881859149
vn 0.6066834826177521 0.30909275496947464 0.7323911664842607
vn 0.4843327401363073 0.21011283986322354 0.8492787477363763
vn 0.34336934093816324 0.10305840702194709 0.9335290356736582
vn 0.18921045835150666 -0.007956505701021683 0.981904321442493
vn 0.02778033619187367 -0.11866565388431985 0.9925455735175455
vn -0.13471737698461378 -0.22481455233353287 0.965043856722304
vn -0.2920379859429388 -0.3223239396170535 0.9004560470762213
vn -0.4381357101972725 -0.40744661992698233 0.8012642206912828
vn -0.5673961572968654 -0.4769113305994582 0.6712802569945021
vn -0.6748518865708163 -0.5280486284197402 0.5154993474446316
vn -0.5792950317527344 -0.6536063468137018 0.4870482620761982
vn -0.6607434264602995 -0.6830677504896624 0.31118575261488957
vn -0.7167998433355032 -0.6862792258801707 0.12336453590684776
vn -0.7453100083898061 -0.6631174086314019 -0.06919749824929786
vn -0.7451783493865307 -0.6144723358183385 -0.259100320570084
vn -0.7164099113419625 -0.5422134321427263 -0.4390460487636876
vn -0.6601102217220954 -0.449117591738203 -0.6021194930985734
vn -0.57844287932141 -0.3387624070737186 -0.7420538167248901
vn -0.47454627811186917 -0.21538875753256762 -0.8534714482973343
vn -0.35241317105419223 -0.08373784865992356 -0.9320906230454936
vn -0.21673699725339915 0.05113105360755264 -0.9748900909223367
vn -0.07273174768795089 0.18403501673181374 -0.9802250789970521
vn 0.07406854505986585 0.309866631823608 -0.9478905638917435
vn 0.21802241567924427 0.42379023590116083 -0.8791291499070119
vn 0.3535978157554321 0.5214278042202584 -0.7765833050478405
vn 0.47558466017864987 0.5990272216975643 -0.644193774161203
vn 0.5792950317527344 0.6536063468137018 -0.4870482620761982
vn 0.6607434264602995 0.6830677504896624 -0.31118575261488957
vn 0.7167998433355032 0.6862792258801707 -0.12336453590684776
vn 0.7453100083898061 0.6631174086314019 0.06919749824929786
vn 0.7451783493865307 0.6144723358183385 0.259100320570084
vn 0.7164099113419625 0.5422134321427263 0.4390460487636876
vn 0.6601102217220954 0.449117591738203 0.6021194930985734
vn 0.57844287932141 0.3387624070737186 0.7420538167248901
vn 0.47454627811186917 0.21538875753256762 0.8534714482973343
vn 0.35241317105419223 0.08373784865992356 0.9320906230454936
vn 0.21673699725339915 -0.05113105360755264 0.9748900909223367
vn 0.07273174768795089 -0.18403501673181374 0.9802250789970521
vn -0.07406854505986585 -0.309866631823608 0.9478905638917435
vn -0.21802241567924427 -0.42379023590116083 0.8791291499070119
vn -0.3535978157554321 -0.5214278042202584 0.7765833050478405
vn -0.47558466017864987 -0.5990272216975643 0.644193774161203
vn -0.5792950317527344 -0.6536063468137018 0.4870482620761982
vn -0.4688915696870425 -0.7615710637487876 0.4473815046880702
vn -0.5498333030911244 -0.7900477724821915 0.271123322508099
vn -0.6096453024116155 -0.7881633579187816 0.08444599742818389
vn -0.6460289177809749 -0.7559903051906353 -0.10547651799577314
vn -0.6575860258405164 -0.6947649587671216 -0.2913456206785946
vn -0.6438724464903616 -0.606840199519431 -0.46601850274182605
vn -0.6054152441700728 -0.4955948747921808 -0.6227825480905947
vn -0.5436922871271215 -0.36530413978039106 -0.7556133815502397
vn -0.46107548132360515 -0.22097495033909237 -0.8594064648609768
vn -0.3607398636029168 -0.06815384453899026 -0.9301729969647067
vn -0.24654117529618977 0.0872863914369879 -0.965193521918523
vn -0.12286806919214846 0.23937225473474927 -0.9631221943430625
vn 0.005526797748607967 0.3822591535469296 -0.9240386323288821
vn 0.133709269382247 0.5104560951326657 -0.8494447634915272
vn 0.25675338751603 0.6190364419856159 -0.7422072362169694
vn 0.369930586067738 0.7038276022546249 -0.6064470857346791
vn 0.4688915696870425 0.7615710637487876 -0.4473815046880702
vn 0.5498333030911244 0.7900477724821915 -0.271123322508099
vn 0.6096453024116155 0.7881633579187816 -0.08444599742818389
vn 0.6460289177809749 0.7559903051906353 0.10547651799577314
vn 0.6575860258405164 0.6947649587671216 0.2913456206785946
vn 0.6438724464903616 0.606840199519431 0.46601850274182605
vn 0.6054152441700728 0.4955948747921808 0.6227825480905947
vn 0.5436922871271215 0.36530413978039106 0.7556133815502397
vn 0.46107548132360515 0.22097495033909237 0.8594064648609768
vn 0.3607398636029168 0.06815384453899026 0.9301729969647067
vn 0.24654117529618977 -0.0872863914369879 0.965193521918523
vn 0.12286806919214846 -0.23937225473474927 0.9631221943430625
vn -0.005526797748607967 -0.3822591535469296 0.9240386323288821
vn -0.133709269382247 -0.5104560951326657 0.8494447634915272
vn -0.25675338751603 -0.6190364419856159 0.7422072362169694
vn -0.369930586067738 -0.7038276022546249 0.6064470857346791
vn -0.4688915696870425 -0.7615710637487876 0.4473815046880702
vn -0.34614789454281814 -0.8490462891444924 0.39912658893331204
vn -0.42648326974486894 -0.876711241619498 0.22246217531464454
vn -0.49042912940492195 -0.8706846766264863 0.03724866331778069
vn -0.5355280543856256 -0.8311982009126646 -0.1493962976967511
vn -0.5600469818703618 -0.759769216236871 -0.33030003959537996
vn -0.563043597417539 -0.6591427361992213 -0.49851054223849667
vn -0.5444027234789645 -0.533185784881648 -0.6475635825684045
vn -0.5048407945039849 -0.3867388094745372 -0.7717310836365234
vn -0.44587812261342646 -0.22542965631403886 -0.8662414038989711
vn -0.3697805914911611 -0.055457378382207496 -0.9274625563004794
vn -0.2794725879884962 0.11664609548247946 -0.9530418463906528
vn -0.1784246254054987 0.2842669170123537 -0.9419962701312564
vn -0.07051990953656115 0.44096353821366224 -0.8947503005448187
vn 0.04009485600487051 0.5807141637321892 -0.813119586876846
vn 0.14916879972339905 0.6981482888213932 -0.7002411270447066
vn 0.2525102723551784 0.7887529510209251 -0.5604528031965723
vn 0.34614789454281814 0.8490462891444924 -0.39912658893331204
vn 0.42648326974486894 0.876711241619498 -0.22246217531464454
vn 0.49042912940492195 0.8706846766264863 -0.03724866331778069
vn 0.5355280543856256 0.8311982009126646 0.1493962976967511
vn 0.5600469818703618 0.759769216236871 0.33030003959537996
vn 0.563043597417539 0.6591427361992213 0.49851054223849667
vn 0.5444027234789645 0.533185784881648 0.6475635825684045
vn 0.5048407945039849 0.3867388094745372 0.7717310836365234
vn 0.44587812261342646 0.22542965631403886 0.8662414038989711
vn 0.3697805914911611 0.055457378382207496 0.9274625563004794
vn 0.2794725879884962 -0.11664609548247946 0.9530418463906528
vn 0.1784246254054987 -0.2842669170123537 0.9419962701312564
vn 0.07051990953656115 -0.44096353821366224 0.8947503005448187
vn -0.04009485600487051 -0.5807141637321892 0.813119586876846
vn -0.14916879972339905 -0.6981482888213932 0.7002411270447066
vn -0.2525102723551784 -0.7887529510209251 0.5604528031965723
vn -0.34614789454281814 -0.8490462891444924 0.39912658893331204
vn -0.21411236035098535 -0.9141032272452583 0.3443416720130364
vn -0.2940007805907333 -0.9410385084465906 0.1673620824220805
vn -0.3625909106635908 -0.9318102044787693 -0.016049122511282755
vn -0.4172468880428273 -0.8867729516533923 -0.19884357327936647
vn -0.4558682669236158 -0.8076575273543614 -0.3739965798237976
vn -0.47697092802728086 -0.6975042632779198 -0.5347770905021277
vn -0.4797438412517019 -0.5605462823904376 -0.6750064533612413
vn -0.46408047541475744 -0.4020468529344717 -0.7892956609435403
vn -0.4305827590310379 -0.22809699032938135 -0.8732526842946989
vn -0.3805379885851296 -0.04538147173291169 -0.9236511036462517
vn -0.31586936697862356 0.13907802361049076 -0.9385541254254459
vn -0.2390620428842762 0.3181928420716018 -0.917389042285983
vn -0.15306768911600654 0.4850796632421132 -0.8609692229444694
vn -0.061191057394589785 0.6333251747733644 -0.7714628166627474
vn 0.033037126848275596 0.757232326356972 -0.6523095524132844
vn 0.12599571515549002 0.8520394879031952 -0.5080883691013973
vn 0.21411236035098535 0.9141032272452583 -0.3443416720130364
vn 0.2940007805907333 0.9410385084465906 -0.1673620824220805
vn 0.3625909106635908 0.9318102044787693 0.016049122511282755
vn 0.4172468880428273 0.8867729516533923 0.19884357327936647
vn 0.4558682669236158 0.8076575273543614 0.3739965798237976
vn 0.47697092802728086 0.6975042632779198 0.5347770905021277
vn 0.4797438412517019 0.5605462823904376 0.6750064533612413
vn 0.46408047541475744 0.4020468529344717 0.7892956609435403
vn 0.4305827590310379 0.22809699032938135 0.8732526842946989
vn 0.3805379885851296 0.04538147173291169 0.9236511036462517
vn 0.31586936697862356 -0.13907802361049076 0.9385541254254459
vn 0.2390620428842762 -0.3181928420716018 0.917389042285983
vn 0.15306768911600654 -0.4850796632421132 0.8609692229444694
vn 0.061191057394589785 -0.6333251747733644 0.7714628166627474
vn -0.033037126848275596 -0.757232326356972 0.6523095524132844
vn -0.12599571515549002 -0.8520394879031952 0.5080883691013973
vn -0.21411236035098535 -0.9141032272452583 0.3443416720130364
vn -0.07613026313137423 -0.9556047273170525 0.2846467778929696
vn -0.15592265334566238 -0.9818991552049134 0.10752755545219875
vn -0.2297230188964321 -0.9704597487095816 -0.07372388163712836
vn -0.2946952607903369 -0.9217261158851157 -0.25214216339805895
vn -0.3483425318791645 -0.8375710700708046 -0.4208707438923034
vn -0.388603196070533 -0.7212286324668432 -0.573425510170043
vn -0.4139300614609675 -0.5771697801203511 -0.7039438536806363
vn -0.42334980878492395 -0.4109306442797402 -0.8074100228468842
vn -0.41650048149243996 -0.2288996293031402 -0.8798478894794546
vn -0.39364524638557247 -0.038072156648022236 -0.9184736963496617
vn -0.35566246831071574 0.15421840687929064 -0.9218030655268741
vn -0.3040117946698999 0.34058246321826763 -0.8897080501208043
vn -0.2406780892516599 0.5138580849805587 -0.8234220824427062
vn -0.16809526351986304 0.667386482791423 -0.7254924292985294
vn -0.08905263935678748 0.7952675770740135 -0.5996825062301033
vn -0.006587767497489408 0.8925869450794637 -0.45082718062813093
vn 0.07613026313137423 0.9556047273170525 -0.2846467778929696
vn 0.15592265334566238 0.9818991552049134 -0.10752755545219875
vn 0.2297230188964321 0.9704597487095816 0.07372388163712836
vn 0.2946952607903369 0.9217261158851157 0.25214216339805895
vn 0.3483425318791645 0.8375710700708046 0.4208707438923034
vn 0.388603196070533 0.7212286324668432 0.573425510170043
vn 0.4139300614609675 0.5771697801203511 0.7039438536806363
vn 0.42334980878492395 0.4109306442797402 0.8074100228468842
vn 0.41650048149243996 0.2288996293031402 0.8798478894794546
vn 0.39364524638557247 0.038072156648022236 0.9184736963496617
vn 0.35566246831071574 -0.15421840687929064 0.9218030655268741
vn 0.3040117946698999 -0.34058246321826763 0.8897080501208043
vn 0.2406780892516599 -0.5138580849805587 0.8234220824427062
vn 0.16809526351986304 -0.667386482791423 0.7254924292985294
vn 0.08905263935678748 -0.7952675770740135 0.5996825062301033
vn 0.006587767497489408 -0.8925869450794637 0.45082718062813093
vn -0.07613026313137423 -0.9556047273170525 0.2846467778929696
vn 0.06432278533613786 -0.9730746269996962 0.22133311902199257
vn -0.015851510976157876 -0.9988917889563704 0.044316177128835475
vn -0.09541664203363644 -0.9863220977794162 -0.13440380893053921
vn -0.17131497105437474 -0.9358486013352286 -0.30795872462317925
vn -0.24062976486174925 -0.8494109597881493 -0.4696789729744711
vn -0.3006972731477029 -0.7303309588579416 -0.6133496885587988
vn -0.34920915962640736 -0.583184719108659 -0.7334497571280346
vn -0.38430115091122274 -0.41362702319741884 -0.8253637447145054
vn -0.4046246527671553 -0.22817388843777645 -0.8855594655404256
vn -0.4093986561083641 -0.0339521439510324 -0.911723638115078
vn -0.3984396948117864 0.16157435942620038 -0.9028507827843445
vn -0.3721689208392908 0.35089164260894634 -0.8592818801234628
vn -0.3315959227731641 0.5267243906645046 -0.7826912292081214
vn -0.2782798734863001 0.6823153562916299 -0.6760222382296862
vn -0.21426965119724684 0.8116853766321132 -0.5433740571074359
vn -0.1420252029079992 0.9098627592612866 -0.38984432924999646
vn -0.06432278533613786 0.9730746269996962 -0.22133311902199257
vn 0.015851510976157876 0.9988917889563704 -0.044316177128835475
vn 0.09541664203363644 0.9863220977794162 0.13440380893053921
vn 0.17131497105437474 0.9358486013352286 0.30795872462317925
vn 0.24062976486174925 0.8494109597881493 0.4696789729744711
vn 0.3006972731477029 0.7303309588579416 0.6133496885587988
vn 0.34920915962640736 0.583184719108659 0.7334497571280346
vn 0.38430115091122274 0.41362702319741884 0.8253637447145054
vn 0.4046246527671553 0.22817388843777645 0.8855594655404256
vn 0.4093986561083641 0.0339521439510324 0.911723638115078
vn 0.3984396948117864 -0.16157435942620038 0.9028507827843445
vn 0.3721689208392908 -0.35089164260894634 0.8592818801234628
vn 0.3315959227731641 -0.5267243906645046 0.7826912292081214
vn 0.2782798734863001 -0.6823153562916299 0.6760222382296862
vn 0.21426965119724684 -0.8116853766321132 0.5433740571074359
vn 0.1420252029079992 -0.9098627592612866 0.38984432924999646
vn 0.06432278533613786 -0.9730746269996962 0.22133311902199257
vn 0.20375334159808614 -0.9666019883721177 0.15545150968286628
vn 0.12265470378627125 -0.9922235409629083 -0.021172349849031456
vn 0.03684252076499516 -0.9797144991286918 -0.19698255978816323
vn -0.050385500562115854 -0.9295555824938118 -0.3652228366185437
vn -0.13567723218532457 -0.8436743545359472 -0.5194278315270395
vn -0.21575497166130148 -0.7253711844969295 -0.6536715053487896
vn -0.287541357317153 -0.5791924548580406 -0.7627949056382889
vn -0.3482777119175558 -0.4107556273362509 -0.8426045632401211
vn -0.3956299483816689 -0.2265337292729612 -0.8900333777141185
vn -0.42777830146404006 -0.03360624966944396 -0.9032587363428575
vn -0.44348743572902116 0.16061268752275154 -0.8817723396417108
vn -0.442153551628679 0.3486594027912805 -0.8263999380610898
vn -0.4238279879075087 0.523307278567897 -0.739269456195868
vn -0.38921493060366985 0.6778447587706024 -0.6237292848683668
vn -0.3396445599536214 0.8063330856313086 -0.4842195038515111
vn -0.277021855077089 0.9038344620392355 -0.32610145206652197
vn -0.20375334159808614 0.9666019883721177 -0.15545150968286628
vn -0.12265470378627125 0.9922235409629083 0.021172349849031456
vn -0.03684252076499516 0.9797144991286918 0.19698255978816323
vn 0.050385500562115854 0.9295555824938118 0.3652228366185437
vn 0.13567723218532457 0.8436743545359472 0.5194278315270395
vn 0.21575497166130148 0.7253711844969295 0.6536715053487896
vn 0.287541357317153 0.5791924548580406 0.7627949056382889
vn 0.3482777119175558 0.4107556273362509 0.8426045632401211
vn 0.3956299483816689 0.2265337292729612 0.8900333777141185
vn 0.42777830146404006 0.03360624966944396 0.9032587363428575
vn 0.44348743572902116 -0.16061268752275154 0.8817723396417108
vn 0.442153551628679 -0.3486594027912805 0.8263999380610898
vn 0.4238279879075087 -0.523307278567897 0.739269456195868
vn 0.38921493060366985 -0.6778447587706024 0.6237292848683668
vn 0.3396445599536214 -0.8063330856313086 0.4842195038515111
vn 0.277021855077089 -0.9038344620392355 0.32610145206652197
vn 0.20375334159808614 -0.9666019883721177 0.15545150968286628
vn 0.33872723615501965 -0.9367711554019224 0.08788436660594934
vn 0.25615763612435827 -0.962618885477501 -0.08802355808097614
vn 0.16374406168977565 -0.9514737100418535 -0.2605487696392478
vn 0.06503788956983907 -0.9037639262633401 -0.4230612703916221
vn -0.03616765454719476 -0.8213230236819751 -0.5693157221915204
vn -0.13598330605750594 -0.7073190957487505 -0.6936917451309629
vn -0.230573176686495 -0.5661333187327815 -0.7914095498623359
vn -0.31630226943586026 -0.4031913575179116 -0.8587139241753263
vn -0.38987603071277904 -0.22475498504076238 -0.8930184081949123
vn -0.4484670697021417 -0.03768139281089208 -0.8930047032511115
vn -0.48982378234783536 0.1508402656738973 -0.8586733235042815
vn -0.5123568140107708 0.33356523272156885 -0.7913436236276488
vn -0.515200331268985 0.5034714481523896 -0.6936029985198046
vn -0.49824492552089744 0.6540295666618606 -0.5692076247950077
vn -0.4621422537679556 0.7794536861941249 -0.42293792494959015
vn -0.4082797246991589 0.8749238418303298 -0.2604149331287192
vn -0.33872723615501965 0.9367711554019224 -0.08788436660594934
vn -0.25615763612435827 0.962618885477501 0.08802355808097614
vn -0.16374406168977565 0.9514737100418535 0.2605487696392478
vn -0.06503788956983907 0.9037639262633401 0.4230612703916221
vn 0.03616765454719476 0.8213230236819751 0.5693157221915204
vn 0.13598330605750594 0.7073190957487505 0.6936917451309629
vn 0.230573176686495 0.5661333187327815 0.7914095498623359
vn 0.31630226943586026 0.4031913575179116 0.8587139241753263
vn 0.38987603071277904 0.22475498504076238 0.8930184081949123
vn 0.4484670697021417 0.03768139281089208 0.8930047032511115
vn 0.48982378234783536 -0.1508402656738973 0.8586733235042815
vn 0.5123568140107708 -0.33356523272156885 0.7913436236276488
vn 0.515200331268985 -0.5034714481523896 0.6936029985198046
vn 0.49824492552089744 -0.6540295666618606 0.5692076247950077
vn 0.4621422537679556 -0.7794536861941249 0.42293792494959015
vn 0.4082797246991589 -0.8749238418303298 0.2604149331287192
vn 0.33872723615501965 -0.9367711554019224 0.08788436660594934
vn 0.4659260839854479 -0.8846108375155396 0.019404906906274885
vn 0.38139148788667376 -0.911249857912675 -0.15544847835124906
vn 0.28220026940958143 -0.9028700352032393 -0.3243280861677899
vn 0.17216424634857785 -0.859793424150089 -0.48074394438982965
vn 0.055512045081372134 -0.7836754393002506 -0.6186850723012823
vn -0.06327345202736485 -0.6774412372694031 -0.7328504897422401
vn -0.17962739287730464 -0.5451733596267417 -0.8188528608250651
vn -0.28907835886531835 -0.39195478508886433 -0.8733871700922085
vn -0.387420169603151 -0.22367359244226911 -0.8943577227422119
vn -0.4708736726434604 -0.046796756629923233 -0.8809585960646384
vn -0.5362317654427715 0.1318784527834723 -0.833704724360829
vn -0.5809827474845479 0.30548566726560933 -0.7544120586394357
vn -0.603406910361561 0.46735319823106064 -0.6461277649436787
vn -0.6026424748190657 0.611260650777617 -0.5130131229850516
vn -0.5787188496826728 0.7316776622869318 -0.36018369137468487
vn -0.5325553398538585 0.8239767522539938 -0.19351258806109134
vn -0.4659260839854479 0.8846108375155396 -0.019404906906274885
vn -0.38139148788667376 0.911249857912675 0.15544847835124906
vn -0.28220026940958143 0.9028700352032393 0.3243280861677899
vn -0.17216424634857785 0.859793424150089 0.48074394438982965
vn -0.055512045081372134 0.7836754393002506 0.6186850723012823
vn 0.06327345202736485 0.6774412372694031 0.7328504897422401
vn 0.17962739287730464 0.5451733596267417 0.8188528608250651
vn 0.28907835886531835 0.39195478508886433 0.8733871700922085
vn 0.387420169603151 0.22367359244226911 0.8943577227422119
vn 0.4708736726434604 0.046796756629923233 0.8809585960646384
vn 0.5362317654427715 -0.1318784527834723 0.833704724360829
vn 0.5809827474845479 -0.30548566726560933 0.7544120586394357
vn 0.603406910361561 -0.46735319823106064 0.6461277649436787
vn 0.6026424748190657 -0.611260650777617 0.5130131229850516
vn 0.5787188496826728 -0.7316776622869318 0.36018369137468487
vn 0.5325553398538585 -0.8239767522539938 0.19351258806109134
vn 0.4659260839854479 -0.8846108375155396 0.019404906906274885
vn 0.5821926530854205 -0.811556509306139 -0.04927217162043763
vn 0.4953031287027921 -0.83968139459917 -0.2227329483063032
vn 0.3893793586791079 -0.8355378048736831 -0.38763422405860115
vn 0.26849199118259 -0.7992849581251008 -0.5376389182209227
vn 0.13728660493746278 -0.7323160250811876 -0.6669824791657082
vn 0.0008053807353083778 -0.6372046321389718 -0.7706942377768947
vn -0.13570679874921798 -0.5176057873033001 -0.844788679921417
vn -0.2670038378018006 -0.3781156590249715 -0.8864183543898565
vn -0.3880400610970969 -0.22409476070221693 -0.8939834725595197
vn -0.49416414798152886 -0.061462019751908056 -0.8671932973551545
vn -0.581297744590255 0.103532670031373 -0.8070773930488064
vn -0.6460924090334147 0.2645486569405509 -0.7159459526391286
vn -0.6860581267406225 0.4153981942307343 -0.5973010856871037
vn -0.6996589895142322 0.5502842065588467 -0.45570230458471894
vn -0.6863723567941018 0.6640231178426333 -0.2965911104525192
vn -0.6467088271944528 0.7522439736848423 -0.1260821037404338
vn -0.5821926530854205 0.811556509306139 0.04927217162043763
vn -0.4953031287027921 0.83968139459917 0.2227329483063032
vn -0.3893793586791079 0.8355378048736831 0.38763422405860115
vn -0.26849199118259 0.7992849581251008 0.5376389182209227
vn -0.13728660493746278 0.7323160250811876 0.6669824791657082
vn -0.0008053807353083778 0.6372046321389718 0.7706942377768947
vn 0.13570679874921798 0.5176057873033001 0.844788679921417
vn 0.2670038378018006 0.3781156590249715 0.8864183543898565
vn 0.3880400610970969 0.22409476070221693 0.8939834725595197
vn 0.49416414798152886 0.061462019751908056 0.8671932973551545
vn 0.581297744590255 -0.103532670031373 0.8070773930488064
vn 0.6460924090334147 -0.2645486569405509 0.7159459526391286
vn 0.6860581267406225 -0.4153981942307343 0.5973010856871037
vn 0.6996589895142322 -0.5502842065588467 0.45570230458471894
vn 0.6863723567941018 -0.6640231178426333 0.2965911104525192
vn 0.6467088271944528 -0.7522439736848423 0.1260821037404338
vn 0.5821926530854205 -0.811556509306139 -0.04927217162043763
vn 0.6845722645870176 -0.7194216691189197 -0.1174447808987269
vn 0.5950857862585558 -0.7498272488102714 -0.2891919845615638
vn 0.48273047514880085 -0.7514173939393654 -0.449825731198189
vn 0.3518241070291135 -0.7241309927380174 -0.5931729116112942
vn 0.207397324725827 -0.6690166524817305 -0.7137247847726107
vn 0.055000387517233296 -0.5881924074345158 -0.8068485912544823
vn -0.09951018751878252 -0.4847641987497869 -0.8689657036905737
vn -0.2501966392702249 -0.3627067855758549 -0.8976889379930643
vn -0.39126816398130776 -0.2267107665897214 -0.8919144870260811
vn -0.5173034624475494 -0.08200238576131713 -0.8518642711542896
vn -0.6234591150531769 0.06585730763647864 -0.7790773690000138
vn -0.7056555799209002 0.2111861423086695 -0.6763509561043587
vn -0.7607340917117733 0.3483991968776752 -0.5476327613670078
vn -0.7865779930588415 0.4722234865545187 -0.3978693750237877
vn -0.782194159524291 0.5779004855209994 -0.23281607685183908
vn -0.7477510551831154 0.6613690835740111 -0.058815769696657624
vn -0.6845722645870176 0.7194216691189197 0.1174447808987269
vn -0.5950857862585558 0.7498272488102714 0.2891919845615638
vn -0.48273047514880085 0.7514173939393654 0.449825731198189
vn -0.3518241070291135 0.7241309927380174 0.5931729116112942
vn -0.207397324725827 0.6690166524817305 0.7137247847726107
vn -0.055000387517233296 0.5881924074345158 0.8068485912544823
vn 0.09951018751878252 0.4847641987497869 0.8689657036905737
vn 0.2501966392702249 0.3627067855758549 0.8976889379930643
vn 0.39126816398130776 0.2267107665897214 0.8919144870260811
vn 0.5173034624475494 0.08200238576131713 0.8518642711542896
vn 0.6234591150531769 -0.06585730763647864 0.7790773690000138
vn 0.7056555799209002 -0.2111861423086695 0.6763509561043587
vn 0.7607340917117733 -0.3483991968776752 0.5476327613670078
vn 0.7865779930588415 -0.4722234865545187 0.3978693750237877
vn 0.782194159524291 -0.5779004855209994 0.23281607685183908
vn 0.7477510551831154 -0.6613690835740111 0.058815769696657624
vn 0.6845722645870176 -0.7194216691189197 -0.1174447808987269
vn 0.7703554202257071 -0.6103745236012565 -0.18437859818160363
vn 0.6782119427738282 -0.6439124491610277 -0.3541261335942268
vn 0.5600051304772491 -0.6527051950060953 -0.5102648158076494
vn 0.4202776897017327 -0.6364148331465556 -0.6467942668963725
vn 0.26439917184088796 -0.5956674239926002 -0.7584677962338761
vn 0.09835994304331311 -0.5320288571770556 -0.8409938268117028
vn -0.07145919571452726 -0.44794469574444595 -0.8912009497875597
vn -0.23853220401077704 -0.34664631406538243 -0.9071596996089748
vn -0.39643853504254145 -0.2320264554538637 -0.8882568389282683
vn -0.5391100062367433 -0.1084899756018392 -0.8352187296566876
vn -0.6610637193660435 0.019215719444425773 -0.7500836720421036
vn -0.7576131390895767 0.14618297242061964 -0.6361233135588651
vn -0.8250479227087936 0.26753247189387236 -0.49771709003836634
vn -0.860776590016888 0.3786008597944515 -0.3401838488843945
vn -0.8634260825655248 0.47511982547931964 -0.16957756744939034
vn -0.8328945674684873 0.5533802534512511 0.0075455000967733325
vn -0.7703554202257071 0.6103745236012565 0.18437859818160363
vn -0.6782119427738282 0.6439124491610277 0.3541261335942268
vn -0.5600051304772491 0.6527051950060953 0.5102648158076494
vn -0.4202776897017327 0.6364148331465556 0.6467942668963725
vn -0.26439917184088796 0.5956674239926002 0.7584677962338761
vn -0.09835994304331311 0.5320288571770556 0.8409938268117028
vn 0.07145919571452726 0.44794469574444595 0.8912009497875597
vn 0.23853220401077704 0.34664631406538243 0.9071596996089748
vn 0.39643853504254145 0.2320264554538637 0.8882568389282683
vn 0.5391100062367433 0.1084899756018392 0.8352187296566876
vn 0.6610637193660435 -0.019215719444425773 0.7500836720421036
vn 0.7576131390895767 -0.14618297242061964 0.6361233135588651
vn 0.8250479227087936 -0.26753247189387236 0.49771709003836634
vn 0.860776590016888 -0.3786008597944515 0.3401838488843945
vn 0.8634260825655248 -0.47511982547931964 0.16957756744939034
vn 0.8328945674684873 -0.5533802534512511 -0.0075455000967733325
vn 0.7703554202257071 -0.6103745236012565 -0.18437859818160363
vn 0.8371266761775243 -0.4869174681992544 -0.24925951776090424
vn 0.7424695994533502 -0.5244399243253681 -0.41677531076250623
vn 0.6192798534038292 -0.5418084193403856 -0.5682746694161236
vn 0.47229149658149117 -0.5383555261225764 -0.6979355770772108
vn 0.3071532529408519 -0.5142139762198542 -0.8007751656164295
vn 0.13021129098141498 -0.47031139346479883 -0.8728414591884098
vn -0.051734611501506336 -0.40833506074536347 -0.9113649149154628
vn -0.23169238848488055 -0.3306666312191754 -0.9148651354797237
vn -0.402746345417244 -0.2402908628225532 -0.8832076100765024
vn -0.5583230233495508 -0.14068086386020784 -0.8176088894706092
vn -0.6924436200470729 -0.035664566417967405 -0.7205899470283522
vn -0.7999540022033363 0.07072229728205891 -0.5958791412912627
vn -0.8767226356564173 0.17439134455122032 -0.4482689807172506
vn -0.9197992797888233 0.2713586424072926 -0.28343212960219094
vn -0.9275285583916857 0.3578977578009482 -0.10770314911317651
vn -0.8996134338514608 0.43068307342051193 0.0721648106977722
vn -0.8371266761775243 0.4869174681992544 0.24925951776090424
vn -0.7424695994533502 0.5244399243253681 0.41677531076250623
vn -0.6192798534038292 0.5418084193403856 0.5682746694161236
vn -0.47229149658149117 0.5383555261225764 0.6979355770772108
vn -0.3071532529408519 0.5142139762198542 0.8007751656164295
vn -0.13021129098141498 0.47031139346479883 0.8728414591884098
vn 0.051734611501506336 0.40833506074536347 0.9113649149154628
vn 0.23169238848488055 0.3306666312191754 0.9148651354797237
vn 0.402746345417244 0.2402908628225532 0.8832076100765024
vn 0.5583230233495508 0.14068086386020784 0.8176088894706092
vn 0.6924436200470729 0.035664566417967405 0.7205899470283522
vn 0.7999540022033363 -0.07072229728205891 0.5958791412912627
vn 0.8767226356564173 -0.17439134455122032 0.4482689807172506
vn 0.9197992797888233 -0.2713586424072926 0.28343212960219094
vn 0.9275285583916857 -0.3578977578009482 0.10770314911317651
vn 0.8996134338514608 -0.43068307342051193 -0.0721648106977722
vn 0.8371266761775243 -0.4869174681992544 -0.24925951776090424
vn 0.8828264443421222 -0.3518657671792205 -0.31113976129325605
vn 0.7860085383924091 -0.39415711243544044 -0.476267517568419
vn 0.6589847776795713 -0.4213011844020525 -0.6230925892738844
vn 0.5066365619102606 -0.43225491213023637 -0.7459725766239884
vn 0.33481863012773955 -0.4265973253594325 -0.8401852217907444
vn 0.15013380175036545 -0.4045458389222199 -0.9021100297539648
vn -0.04032059057905129 -0.36694789333794137 -0.9293672543995746
vn -0.22922548977889706 -0.31524834485434533 -0.9209094178594441
vn -0.4093213753443926 -0.25143394341244846 -0.8770615621415869
vn -0.5736872698977147 -0.17795712206011657 -0.7995087110628547
vn -0.716006693410107 -0.09764148256549869 -0.6912311884415637
vn -0.8308103708716084 -0.01357354321452222 -0.5563900489555723
vn -0.9136864772042151 0.07101602285339036 -0.40016714741747356
vn -0.9614501304608036 0.15287647678852595 -0.22856602871299753
vn -0.9722657880208706 0.22886197458423702 -0.048181262266147995
vn -0.9457178181627099 0.29605242815906285 0.13405509386325606
vn -0.8828264443421222 0.3518657671792205 0.31113976129325605
vn -0.7860085383924091 0.39415711243544044 0.476267517568419
vn -0.6589847776795713 0.4213011844020525 0.6230925892738844
vn -0.5066365619102606 0.43225491213023637 0.7459725766239884
vn -0.33481863012773955 0.4265973253594325 0.8401852217907444
vn -0.15013380175036545 0.4045458389222199 0.9021100297539648
vn 0.04032059057905129 0.36694789333794137 0.9293672543995746
vn 0.22922548977889706 0.31524834485434533 0.9209094178594441
vn 0.4093213753443926 0.25143394341244846 0.8770615621415869
vn 0.5736872698977147 0.17795712206011657 0.7995087110628547
vn 0.716006693410107 0.09764148256549869 0.6912311884415637
vn 0.8308103708716084 0.01357354321452222 0.5563900489555723
vn 0.9136864772042151 -0.07101602285339036 0.40016714741747356
vn 0.9614501304608036 -0.15287647678852595 0.22856602871299753
vn 0.9722657880208706 -0.22886197458423702 0.048181262266147995
vn 0.9457178181627099 -0.29605242815906285 -0.13405509386325606
vn 0.8828264443421222 -0.3518657671792205 -0.31113976129325605
vn 0.9058335888765403 -0.20832124051758355 -0.3688736504716242
vn 0.8074039807449188 -0.25601842969629185 -0.5315574997430699
vn 0.6779462812307404 -0.2938769808545424 -0.6738138911370326
vn 0.5224354921974126 -0.32044199469779094 -0.7901759832635691
vn 0.34684782488006943 -0.33469259032300724 -0.8761720472366373
vn 0.15793098378779197 -0.3360811742184665 -0.9284973067789466
vn -0.03705507111322507 -0.3245543212588883 -0.945140949412825
vn -0.23061711606067975 -0.30055501431335724 -0.9254633591617512
vn -0.4153166706911677 -0.265005588249543 -0.8702207198421087
vn -0.5840558482446935 -0.21927210961739174 -0.7815359928212584
vn -0.7303500678102703 -0.16511213568252853 -0.662817290887834
vn -0.8485773694361104 -0.10460700707309928 -0.5186268621582374
vn -0.934194313758373 -0.0400818767189751 -0.35450589177079583
vn -0.9839106811401529 0.02598357204116275 -0.176761493324486
vn -0.995815919589045 0.0910504895335509 0.0077757731914979734
vn -0.9694525102693526 0.1526183799634316 0.19201421934270407
vn -0.9058335888765403 0.20832124051758355 0.3688736504716242
vn -0.8074039807449188 0.25601842969629185 0.5315574997430699
vn -0.6779462812307404 0.2938769808545424 0.6738138911370326
vn -0.5224354921974126 0.32044199469779094 0.7901759832635691
vn -0.34684782488006943 0.33469259032300724 0.8761720472366373
vn -0.15793098378779197 0.3360811742184665 0.9284973067789466
vn 0.03705507111322507 0.3245543212588883 0.945140949412825
vn 0.23061711606067975 0.30055501431335724 0.9254633591617512
vn 0.4153166706911677 0.265005588249543 0.8702207198421087
vn 0.5840558482446935 0.21927210961739174 0.7815359928212584
vn 0.7303500678102703 0.16511213568252853 0.662817290887834
vn 0.8485773694361104 0.10460700707309928 0.5186268621582374
vn 0.934194313758373 0.0400818767189751 0.35450589177079583
vn 0.9839106811401529 -0.02598357204116275 0.176761493324486
vn 0.995815919589045 -0.0910504895335509 -0.0077757731914979734
vn 0.9694525102693526 -0.1526183799634316 -0.19201421934270407
vn 0.9058335888765403 -0.20832124051758355 -0.3688736504716242
vn 0.905080120306342 -0.059634147800891595 -0.4210388868528878
vn 0.8057483489705254 -0.113135577020822 -0.5813518206245148
vn 0.6754521336083811 -0.1622892667330459 -0.7193237164914944
vn 0.519198652941532 -0.2052062737449788 -0.8296524236084647
vn 0.3429926657141754 -0.24023731216120722 -0.9080980481819365
vn 0.15360566934339848 -0.26603618196052653 -0.951645967906885
vn -0.04168431006931279 -0.2816114072645608 -0.9586226752964478
vn -0.23537239372857216 -0.28636446522828773 -0.9287600493803546
vn -0.4200152519995091 -0.2801127177925527 -0.8632056843062716
vn -0.5885171403277651 -0.26309639703045473 -0.7644788168484613
vn -0.7344026546943001 -0.23596940874866637 -0.636373458680333
vn -0.8520654888322674 -0.1997742469263632 -0.48381262179281115
vn -0.9369839193102437 -0.15590189003409125 -0.31265913650141897
vn -0.9858945816230863 -0.10603831187187233 -0.12949034844961682
vn -0.9969178730548964 -0.05209972862208239 0.05865469001884606
vn -0.9696301688228622 0.0038410145275738976 0.2445456650933448
vn -0.905080120306342 0.059634147800891595 0.4210388868528878
vn -0.8057483489705254 0.113135577020822 0.5813518206245148
vn -0.6754521336083811 0.1622892667330459 0.7193237164914944
vn -0.519198652941532 0.2052062737449788 0.8296524236084647
vn -0.3429926657141754 0.24023731216120722 0.9080980481819365
vn -0.15360566934339848 0.26603618196052653 0.951645967906885
vn 0.04168431006931279 0.2816114072645608 0.9586226752964478
vn 0.23537239372857216 0.28636446522828773 0.9287600493803546
vn 0.4200152519995091 0.2801127177925527 0.8632056843062716
vn 0.5885171403277651 0.26309639703045473 0.7644788168484613
vn 0.7344026546943001 0.23596940874866637 0.636373458680333
vn 0.8520654888322674 0.1997742469263632 0.48381262179281115
vn 0.9369839193102437 0.15590189003409125 0.31265913650141897
vn 0.9858945816230863 0.10603831187187233 0.12949034844961682
vn 0.9969178730548964 0.05209972862208239 -0.05865469001884606
vn 0.9696301688228622 -0.0038410145275738976 -0.2445456650933448
vn 0.905080120306342 -0.059634147800891595 -0.4210388868528878
vn 0.8802129559471499 0.0906574123177963 -0.46583944205554545
vn 0.7807848460186048 0.031296063241252954 -0.6240156894288021
vn 0.6513516439572611 -0.029267982244701982 -0.75821133012472
vn 0.4968873180013844 -0.08870727421774532 -0.8632693743613571
vn 0.32332793598920323 -0.1447376045067333 -0.9351524323074897
vn 0.13734321263564475 -0.19520573271598377 -0.9710981226723363
vn -0.05391951553881537 -0.2381722139409856 -0.9697250550287483
vn -0.2431101622899067 -0.27198588544919466 -0.9310859934011427
vn -0.4229582144383013 -0.29534726596638133 -0.8566658282698963
vn -0.586552218689608 -0.3073586607311638 -0.7493244613809452
vn -0.7276053317820138 -0.30755841263548284 -0.6131870057164681
vn -0.8406970145970248 -0.295938857935232 -0.4534850846628151
vn -0.9214811792493544 -0.2729465327310255 -0.27635597796923145
vn -0.9668533217176196 -0.23946504322587503 -0.08860670040372202
vn -0.9750698387712092 -0.19678104284846176 0.10254769960442947
vn -0.9458149687732531 -0.14653486038476954 0.2897612457463324
vn -0.8802129559471499 -0.0906574123177963 0.46583944205554545
vn -0.7807848460186048 -0.031296063241252954 0.6240156894288021
vn -0.6513516439572611 0.029267982244701982 0.75821133012472
vn -0.4968873180013844 0.08870727421774532 0.8632693743613571
vn -0.32332793598920323 0.1447376045067333 0.9351524323074897
vn -0.13734321263564475 0.19520573271598377 0.9710981226723363
vn 0.05391951553881537 0.2381722139409856 0.9697250550287483
vn 0.2431101622899067 0.27198588544919466 0.9310859934011427
vn 0.4229582144383013 0.29534726596638133 0.8566658282698963
vn 0.586552218689608 0.3073586607311638 0.7493244613809452
vn 0.7276053317820138 0.30755841263548284 0.6131870057164681
vn 0.8406970145970248 0.295938857935232 0.4534850846628151
vn 0.9214811792493544 0.2729465327310255 0.27635597796923145
vn 0.9668533217176196 0.23946504322587503 0.08860670040372202
vn 0.9750698387712092 0.19678104284846176 -0.10254769960442947
vn 0.9458149687732531 0.14653486038476954 -0.2897612457463324
vn 0.8802129559471499 0.0906574123177963 -0.46583944205554545
vn 0.8318216712746184 0.2389245157015717 -0.5009868092022685
vn 0.7331005282944142 0.1741107391903449 -0.6574565125641714
vn 0.6062067814234134 0.10260600710269728 -0.7886604754028866
vn 0.4560168020643038 0.027158172403073493 -0.8895566929132569
vn 0.2883023933913303 -0.04933333424698027 -0.9562677198864898
vn 0.10950868824304466 -0.12392898929113119 -0.9862299188386886
vn -0.07349339052692454 -0.19376212161140885 -0.9782918592002606
vn -0.25367117379381793 -0.2561490879328249 -0.9327585863111894
vn -0.42410048708828824 -0.3086923947146521 -0.8513799282910127
vn -0.5782318670620278 -0.3493728017081404 -0.7372832246433969
vn -0.710142140827375 -0.3766270307501261 -0.5948531075227363
vn -0.8147620062695561 -0.38940769911931417 -0.42956316998342586
vn -0.8880710564438233 -0.3872236295142037 -0.2477653314178522
vn -0.9272520386175038 -0.37015875551342325 -0.05644601488535019
vn -0.930799235090112 -0.33886891212312625 0.13704249104621266
vn -0.898576331364019 -0.294556532311462 0.3252645476916092
vn -0.8318216712746184 -0.2389245157015717 0.5009868092022685
vn -0.7331005282944142 -0.1741107391903449 0.6574565125641714
vn -0.6062067814234134 -0.10260600710269728 0.7886604754028866
vn -0.4560168020643038 -0.027158172403073493 0.8895566929132569
vn -0.2883023933913303 0.04933333424698027 0.9562677198864898
vn -0.10950868824304466 0.12392898929113119 0.9862299188386886
vn 0.07349339052692454 0.19376212161140885 0.9782918592002606
vn 0.25367117379381793 0.2561490879328249 0.9327585863111894
vn 0.42410048708828824 0.3086923947146521 0.8513799282910127
vn 0.5782318670620278 0.3493728017081404 0.7372832246433969
vn 0.710142140827375 0.3766270307501261 0.5948531075227363
vn 0.8147620062695561 0.38940769911931417 0.42956316998342586
vn 0.8880710564438233 0.3872236295142037 0.2477653314178522
vn 0.9272520386175038 0.37015875551342325 0.05644601488535019
vn 0.930799235090112 0.33886891212312625 -0.13704249104621266
vn 0.898576331364019 0.294556532311462 -0.3252645476916092
vn 0.8318216712746184 0.2389245157015717 -0.5009868092022685
vn 0.7617552715124437 0.3815940835712469 -0.5235597976415143
vn 0.6644001570166548 0.31234243357204844 -0.6789805855446346
vn 0.541512498731743 0.2310876290436068 -0.8083085558252544
vn 0.3978148207800665 0.1409522481227282 -0.9065736771586037
vn 0.23882934552908316 0.045400154039074575 -0.9699996751171508
vn 0.07066579198585406 -0.051896639429053024 -0.9961491277208363
vn -0.1002134076858817 -0.14719907824235762 -0.9840171260118311
vn -0.2672414555222358 -0.2368447398787333 -0.9340698976212282
vn -0.42399957248952264 -0.31738856040243796 -0.8482268943239006
vn -0.5644636162587823 -0.38573536334309044 -0.7297869931607662
vn -0.6832356499027769 -0.43925854860003444 -0.583301786542542
vn -0.7757513002372262 -0.4759012804936612 -0.41440064117318437
vn -0.8384552711650217 -0.494255400443031 -0.22957429601000381
vn -0.8689378946203613 -0.4936155293706309 -0.03592554045363378
vn -0.8660277049719394 -0.47400632070990234 0.15910380934502044
vn -0.8298365590448257 -0.4361813129730643 0.34801888955304877
vn -0.7617552715124437 -0.3815940835712469 0.5235597976415143
vn -0.6644001570166548 -0.31234243357204844 0.6789805855446346
vn -0.541512498731743 -0.2310876290436068 0.8083085558252544
vn -0.3978148207800665 -0.1409522481227282 0.9065736771586037
vn -0.23882934552908316 -0.045400154039074575 0.9699996751171508
vn -0.07066579198585406 0.051896639429053024 0.9961491277208363
vn 0.1002134076858817 0.14719907824235762 0.9840171260118311
vn 0.2672414555222358 0.2368447398787333 0.9340698976212282
vn 0.42399957248952264 0.31738856040243796 0.8482268943239006
vn 0.5644636162587823 0.38573536334309044 0.7297869931607662
vn 0.6832356499027769 0.43925854860003444 0.583301786542542
vn 0.7757513002372262 0.4759012804936612 0.41440064117318437
vn 0.8384552711650217 0.494255400443031 0.22957429601000381
vn 0.8689378946203613 0.4936155293706309 0.03592554045363378
vn 0.8660277049719394 0.47400632070990234 -0.15910380934502044
vn 0.8298365590448257 0.4361813129730643 -0.34801888955304877
vn 0.7617552715124437 0.3815940835712469 -0.5235597976415143
vn 0.6735543157834949 0.5153431407454733 -0.5298547262939336
vn 0.5778864068884306 0.4434531661940265 -0.6851252368188404
vn 0.4600106425693878 0.3545215387766536 -0.8140667584825784
vn 0.3244569518880884 0.25196587412331006 -0.9117241274907486
vn 0.17643452704403512 0.13972730557345714 -0.9743444656505879
vn 0.0216318475280666 0.022119078234062606 -0.9995212901937596
vn -0.13400213644826492 -0.09633916777794864 -0.9862870739187211
vn -0.2844865057374979 -0.21109515675526236 -0.935150395844294
vn -0.42403820885396 -0.3177388663031751 -0.84807641770792
vn -0.5472943834100933 -0.4121720531470165 -0.7284113236985944
vn -0.6495183081431305 -0.4907657184293285 -0.5807538006775593
vn -0.7267816153195729 -0.5504995053925741 -0.4107782591569369
vn -0.776115107637457 -0.5890779405526066 -0.2250167097155196
vn -0.79562296447356 -0.6050183922402937 -0.030607898543909853
vn -0.7845554527044507 -0.597708357809914 0.16497715186016
vn -0.7433379256257122 -0.5674287053107772 0.3542222363373004
vn -0.6735543157834949 -0.5153431407454733 0.5298547262939336
vn -0.5778864068884306 -0.4434531661940265 0.6851252368188404
vn -0.4600106425693878 -0.3545215387766536 0.8140667584825784
vn -0.3244569518880884 -0.25196587412331006 0.9117241274907486
vn -0.17643452704403512 -0.13972730557345714 0.9743444656505879
vn -0.0216318475280666 -0.022119078234062606 0.9995212901937596
vn 0.13400213644826492 0.09633916777794864 0.9862870739187211
vn 0.2844865057374979 0.21109515675526236 0.935150395844294
vn 0.42403820885396 0.3177388663031751 0.84807641770792
vn 0.5472943834100933 0.4121720531470165 0.7284113236985944
vn 0.6495183081431305 0.4907657184293285 0.5807538006775593
vn 0.7267816153195729 0.5504995053925741 0.4107782591569369
vn 0.776115107637457 0.5890779405526066 0.2250167097155196
vn 0.79562296447356 0.6050183922402937 0.030607898543909853
vn 0.7845554527044507 0.597708357809914 -0.16497715186016
vn 0.7433379256257122 0.5674287053107772 -0.3542222363373004
vn 0.6735543157834949 0.5153431407454733 -0.5298547262939336
vn 0.5730209785949067 0.6372831881156865 -0.5152835105407916
vn 0.4787746658043804 0.5655643332327563 -0.6714996681748187
vn 0.3661293330390298 0.47211115817064486 -0.8019104475059342
vn 0.23941385215559632 0.36051502025076737 -0.9015042582093592
vn 0.10349783062513092 0.23506448620505327 -0.9664537683619668
vn -0.03639555371941778 0.10058057368983175 -0.9942629993445805
vn -0.17489028485880775 -0.03776860719548686 -0.9838632631481461
vn -0.306664076378436 -0.1746663582838603 -0.9356542136616577
vn -0.4266529492570801 -0.30485177835328836 -0.8514884932429053
vn -0.5302457793538661 -0.42332193128410295 -0.7346005417717226
vn -0.6134615648235301 -0.5255240294238085 -0.5894823177860636
vn -0.673102345777779 -0.6075305582194522 -0.42171062701574424
vn -0.7068762070268215 -0.6661900175484438 -0.2377328089645561
vn -0.7134851801294382 -0.6992481935163115 -0.04461907215348862
vn -0.6926753532831206 -0.7054346215888214 0.15020935263138765
vn -0.6452463905189894 -0.6845116061587334 0.33926531882319905
vn -0.5730209785949067 -0.6372831881156865 0.5152835105407916
vn -0.4787746658043804 -0.5655643332327563 0.6714996681748187
vn -0.3661293330390298 -0.47211115817064486 0.8019104475059342
vn -0.23941385215559632 -0.36051502025076737 0.9015042582093592
vn -0.10349783062513092 -0.23506448620505327 0.9664537683619668
vn 0.03639555371941778 -0.10058057368983175 0.9942629993445805
vn 0.17489028485880775 0.03776860719548686 0.9838632631481461
vn 0.306664076378436 0.1746663582838603 0.9356542136616577
vn 0.4266529492570801 0.30485177835328836 0.8514884932429053
vn 0.5302457793538661 0.42332193128410295 0.7346005417717226
vn 0.6134615648235301 0.5255240294238085 0.5894823177860636
vn 0.673102345777779 0.6075305582194522 0.42171062701574424
vn 0.7068762070268215 0.6661900175484438 0.2377328089645561
vn 0.7134851801294382 0.6992481935163115 0.04461907215348862
vn 0.6926753532831206 0.7054346215888214 -0.15020935263138765
vn 0.6452463905189894 0.6845116061587334 -0.33926531882319905
vn 0.5730209785949067 0.6372831881156865 -0.5152835105407916
vn 0.4689130866889079 0.7449500097857676 -0.4745208109788921
vn 0.3749517247760522 0.6774860106453393 -0.6327905731498588
vn 0.26658120227222465 0.5839866284940141 -0.7667425124090157
vn 0.14796610264311427 0.4680449394325933 -0.8712289981056345
vn 0.02366475764889411 0.33411654885785713 -0.9422346369268827
vn -0.10154600920175821 0.187348241660573 -0.977030728463485
vn -0.22285443827391063 0.03338025180171738 -0.9742800717100158
vn -0.3355986688236484 -0.12187051461743695 -0.9340883850849855
vn -0.4354460462139423 -0.2724378657916721 -0.8580002040323326
vn -0.5185594501311418 -0.41253560324802996 -0.7489395654740586
vn -0.5817449601036766 -0.5367798128107844 -0.6110975650031599
vn -0.6225743144014698 -0.6403958643420716 -0.44977145305267047
vn -0.6394784490486749 -0.7194019004948585 -0.2711608724847426
vn -0.6318078213856783 -0.7707616897600741 -0.08212974147090807
vn -0.5998571472972922 -0.7925015632308341 0.11005759906993633
vn -0.5448543509826989 -0.7837860103945132 0.29801547967357966
vn -0.4689130866889079 -0.7449500097857676 0.4745208109788921
vn -0.3749517247760522 -0.6774860106453393 0.6327905731498588
vn -0.26658120227222465 -0.5839866284940141 0.7667425124090157
vn -0.14796610264311427 -0.4680449394325933 0.8712289981056345
vn -0.02366475764889411 -0.33411654885785713 0.9422346369268827
vn 0.10154600920175821 -0.187348241660573 0.977030728463485
vn 0.22285443827391063 -0.03338025180171738 0.9742800717100158
vn 0.3355986688236484 0.12187051461743695 0.9340883850849855
vn 0.4354460462139423 0.2724378657916721 0.8580002040323326
vn 0.5185594501311418 0.41253560324802996 0.7489395654740586
vn 0.5817449601036766 0.5367798128107844 0.6110975650031599
vn 0.6225743144014698 0.6403958643420716 0.44977145305267047
vn 0.6394784490486749 0.7194019004948585 0.2711608724847426
vn 0.6318078213856783 0.7707616897600741 0.08212974147090807
vn 0.5998571472972922 0.7925015632308341 -0.11005759906993633
vn 0.5448543509826989 0.7837860103945132 -0.29801547967357966
vn 0.4689130866889079 0.7449500097857676 -0.4745208109788921
vn 0.37355598595327577 0.8357250643029608 -0.40251651177844616
vn 0.27764887555068574 0.7780780458887369 -0.5634764027103571
vn 0.17107189132798126 0.6905299003119383 -0.7027822314007746
vn 0.05792069739716184 0.5764450959307956 -0.815080513931208
vn -0.057456348433531174 0.4402078416336964 -0.8960557037310165
vn -0.1706253790672785 0.287053623848981 -0.9425959882438049
vn -0.2772373913374643 0.12286810835119621 -0.9529128274897952
vn -0.3731952967645751 -0.04603916483106353 -0.9266097699541371
vn -0.45481150872268455 -0.21317717212621623 -0.8646976262357061
vn -0.5189496164214766 -0.3721229053851237 -0.7695556113132672
vn -0.5631447550120317 -0.5167681680988622 -0.6448400153078165
vn -0.5856985513714428 -0.6415543030186532 -0.4953436011493876
vn -0.5857442737246652 -0.7416858824828164 -0.3268114097219532
vn -0.5632801610133644 -0.8133149086648734 -0.14572000395349521
vn -0.5191695654503525 -0.8536886514214816 0.04097131611583904
vn -0.4551075386081583 -0.8612556433220103 0.226088135796671
vn -0.37355598595327577 -0.8357250643029608 0.40251651177844616
vn -0.27764887555068574 -0.7780780458887369 0.5634764027103571
vn -0.17107189132798126 -0.6905299003119383 0.7027822314007746
vn -0.05792069739716184 -0.5764450959307956 0.815080513931208
vn 0.057456348433531174 -0.4402078416336964 0.8960557037310165
vn 0.1706253790672785 -0.287053623848981 0.9425959882438049
vn 0.2772373913374643 -0.12286810835119621 0.9529128274897952
vn 0.3731952967645751 0.04603916483106353 0.9266097699541371
vn 0.45481150872268455 0.21317717212621623 0.8646976262357061
vn 0.5189496164214766 0.3721229053851237 0.7695556113132672
vn 0.5631447550120317 0.5167681680988622 0.6448400153078165
vn 0.5856985513714428 0.6415543030186532 0.4953436011493876
vn 0.5857442737246652 0.7416858824828164 0.3268114097219532
vn 0.5632801610133644 0.8133149086648734 0.14572000395349521
vn 0.5191695654503525 0.8536886514214816 -0.04097131611583904
vn 0.4551075386081583 0.8612556433220103 -0.226088135796671
vn 0.37355598595327577 0.8357250643029608 -0.40251651177844616
vn 0.30246580282258023 0.9054506015192029 -0.2977812054704018
vn 0.20138977589718404 0.8644263200547143 -0.4606618014994805
vn 0.09257448566402467 0.7901825991713782 -0.6058394379460671
vn -0.019798399829707908 0.6855726224467455 -0.7277349810993526
vn -0.131410435151829 0.5546164525705951 -0.8216640968614948
vn -0.2379724496226675 0.40234672412209527 -0.8840170964459938
vn -0.33538930680796797 0.23461500651588174 -0.9123978362515024
vn -0.41991734193283903 0.0578671726763283 -0.9057156376426914
vn -0.488308214444043 -0.12110446228372947 -0.8642272831387814
vn -0.5379336442278069 -0.29542213491375785 -0.7895271728134432
vn -0.5668865993919279 -0.45838689445031244 -0.684485966566192
vn -0.5740544208889441 -0.6037361035218691 -0.5531403430975632
vn -0.5591616477164153 -0.7258840600206081 -0.4005378672873039
vn -0.5227805927056285 -0.8201367188362213 -0.23254293002993812
vn -0.4663093897099671 -0.8828719689584364 -0.05561150506659116
vn -0.3919181947101762 -0.9116789389540256 0.12345704079872542
vn -0.30246580282258023 -0.9054506015192029 0.2977812054704018
vn -0.20138977589718404 -0.8644263200547143 0.4606618014994805
vn -0.09257448566402467 -0.7901825991713782 0.6058394379460671
vn 0.019798399829707908 -0.6855726224467455 0.7277349810993526
vn 0.131410435151829 -0.5546164525705951 0.8216640968614948
vn 0.2379724496226675 -0.40234672412209527 0.8840170964459938
vn 0.33538930680796797 -0.23461500651588174 0.9123978362515024
vn 0.41991734193283903 -0.0578671726763283 0.9057156376426914
vn 0.488308214444043 0.12110446228372947 0.8642272831387814
vn 0.5379336442278069 0.29542213491375785 0.7895271728134432
vn 0.5668865993919279 0.45838689445031244 0.684485966566192
vn 0.5740544208889441 0.6037361035218691 0.5531403430975632
vn 0.5591616477164153 0.7258840600206081 0.4005378672873039
vn 0.5227805927056285 0.8201367188362213 0.23254293002993812
vn 0.4663093897099671 0.8828719689584364 0.05561150506659116
vn 0.3919181947101762 0.9116789389540256 -0.12345704079872542
vn 0.30246580282258023 0.9054506015192029 -0.2977812054704018
vn 0.2706272628483228 0.9476892444559116 -0.16925123499049557
vn 0.16100033649131196 0.9298702803830381 -0.3307871722271806
vn 0.045186259321294185 0.8763169141135505 -0.4796111633469895
vn -0.0723643011893167 0.7890871839548085 -0.6100039541114892
vn -0.1871339492954839 0.6715332733665181 -0.7169546343965734
vn -0.2947121219634308 0.528172723708273 -0.7963531497384788
vn -0.3909647092378922 0.364514790993944 -0.8451482492895384
vn -0.4721927014025118 0.18684877325638538 -0.861464792475457
vn -0.5352746236271875 0.0020022431809371185 -0.8446757178485821
vn -0.5777862479731183 -0.1829212248314163 -0.7954262235803649
vn -0.5980938633236551 -0.36081513522473985 -0.7156089496696765
vn -0.5954170117402353 -0.5248431466725413 -0.6082912571467667
vn -0.5698586704662668 -0.6687017085885588 -0.477597236827393
vn -0.5224009790590379 -0.786862438728137 -0.3285494172829519
vn -0.45486772229245975 -0.8747844728517843 -0.16687564613776287
vn -0.36985414122000976 -0.9290890417777145 0.0012110619213305028
vn -0.2706272628483228 -0.9476892444559116 0.16925123499049557
vn -0.16100033649131196 -0.9298702803830381 0.3307871722271806
vn -0.045186259321294185 -0.8763169141135505 0.4796111633469895
vn 0.0723643011893167 -0.7890871839548085 0.6100039541114892
vn 0.1871339492954839 -0.6715332733665181 0.7169546343965734
vn 0.2947121219634308 -0.528172723708273 0.7963531497384788
vn 0.3909647092378922 -0.364514790993944 0.8451482492895384
vn 0.4721927014025118 -0.18684877325638538 0.861464792475457
vn 0.5352746236271875 -0.0020022431809371185 0.8446757178485821
vn 0.5777862479731183 0.1829212248314163 0.7954262235803649
vn 0.5980938633236551 0.36081513522473985 0.7156089496696765
vn 0.5954170117402353 0.5248431466725413 0.6082912571467667
vn 0.5698586704662668 0.6687017085885588 0.477597236827393
vn 0.5224009790590379 0.786862438728137 0.3285494172829519
vn 0.45486772229245975 0.8747844728517843 0.16687564613776287
vn 0.36985414122000976 0.9290890417777145 -0.0012110619213305028
vn 0.2706272628483228 0.9476892444559116 -0.16925123499049557
vn 0.2835128577178037 0.9580364728090451 -0.04226791071590986
vn 0.16330854721219792 0.9667309597519759 -0.19687958214214304
vn 0.036828377063216074 0.938274520853773 -0.3439252740923708
vn -0.09106709192069078 0.8737607126045129 -0.4777541228267551
vn -0.2154629089824756 0.7756688028785319 -0.5932230972355972
vn -0.3315786133894578 0.6477683207275879 -0.6858949087174253
vn -0.4349519053443062 0.49497452823054433 -0.7522081204296505
vn -0.5216102525335905 0.32315909399338383 -0.7896144276931742
vn -0.5882234448725892 0.1389248490699164 -0.7966762612335861
vn -0.6322315148428825 -0.05064819603488168 -0.7731222877901568
vn -0.6519432572549548 -0.23827485406249352 -0.7198576826299051
vn -0.6466012165145734 -0.4167447493942449 -0.638929323676885
vn -0.6164106673950365 -0.5791993687705845 -0.5334472610646362
vn -0.5625317713248297 -0.7193956997374328 -0.4074651315750084
vn -0.48703508596813416 -0.8319460583529987 -0.26582434242732766
vn -0.3928219383608301 -0.9125251783060302 -0.11396808193519764
vn -0.2835128577178037 -0.9580364728090451 0.04226791071590986
vn -0.16330854721219792 -0.9667309597519759 0.19687958214214304
vn -0.036828377063216074 -0.938274520853773 0.3439252740923708
vn 0.09106709192069078 -0.8737607126045129 0.4777541228267551
vn 0.2154629089824756 -0.7756688028785319 0.5932230972355972
vn 0.3315786133894578 -0.6477683207275879 0.6858949087174253
vn 0.4349519053443062 -0.49497452823054433 0.7522081204296505
vn 0.5216102525335905 -0.32315909399338383 0.7896144276931742
vn 0.5882234448725892 -0.1389248490699164 0.7966762612335861
vn 0.6322315148428825 0.05064819603488168 0.7731222877901568
vn 0.6519432572549548 0.23827485406249352 0.7198576826299051
vn 0.6466012165145734 0.4167447493942449 0.638929323676885
vn 0.6164106673950365 0.5791993687705845 0.5334472610646362
vn 0.5625317713248297 0.7193956997374328 0.4074651315750084
vn 0.48703508596813416 0.8319460583529987 0.26582434242732766
vn 0.3928219383608301 0.9125251783060302 0.11396808193519764
vn 0.2835128577178037 0.9580364728090451 -0.04226791071590986
vn 0.32955852788401657 0.9428123418076297 0.04996063284360206
vn 0.19901694230235756 0.9756150779377232 -0.09256066322790814
vn 0.060827271183687484 0.9709254668217944 -0.2315249035357253
vn -0.07969996361650235 0.9289237294068583 -0.36159178744045356
vn -0.21716436341007223 0.8512239894364605 -0.4777628690810691
vn -0.3462832857888138 0.7408121802419727 -0.5755738002970927
vn -0.462094682621599 0.6019313778350687 -0.6512657834328619
vn -0.5601481277293926 0.4399186732061454 -0.7019299366502333
vn -0.6366752996790868 0.2610001570032059 -0.7256193773755266
vn -0.6887354392930846 0.07205154891356398 -0.7214236404228227
vn -0.7143278819821733 -0.11966595969314013 -0.6895039775908344
vn -0.7124690996620796 -0.3067847782778937 -0.6310870636003317
vn -0.6832305111324231 -0.4821140112500878 -0.5484178596782548
vn -0.6277357366674202 -0.6389158991449884 -0.4446732718866317
vn -0.5481174586217625 -0.7711645958013905 -0.3238401113767385
vn -0.4474353222513879 -0.8737778718856475 -0.19056196631223582
vn -0.32955852788401657 -0.9428123418076297 -0.04996063284360206
vn -0.19901694230235756 -0.9756150779377232 0.09256066322790814
vn -0.060827271183687484 -0.9709254668217944 0.2315249035357253
vn 0.07969996361650235 -0.9289237294068583 0.36159178744045356
vn 0.21716436341007223 -0.8512239894364605 0.4777628690810691
vn 0.3462832857888138 -0.7408121802419727 0.5755738002970927
vn 0.462094682621599 -0.6019313778350687 0.6512657834328619
vn 0.5601481277293926 -0.4399186732061454 0.7019299366502333
vn 0.6366752996790868 -0.2610001570032059 0.7256193773755266
vn 0.6887354392930846 -0.07205154891356398 0.7214236404228227
vn 0.7143278819821733 0.11966595969314013 0.6895039775908344
vn 0.7124690996620796 0.3067847782778937 0.6310870636003317
vn 0.6832305111324231 0.4821140112500878 0.5484178596782548
vn 0.6277357366674202 0.6389158991449884 0.4446732718866317
vn 0.5481174586217625 0.7711645958013905 0.3238401113767385
vn 0.4474353222513879 0.8737778718856475 0.19056196631223582
vn 0.32955852788401657 0.9428123418076297 0.04996063284360206
vn 0.38689425028578833 0.9178677664682507 0.08849634102256665
vn 0.2478238522211635 0.9679681175998003 -0.0402624090258212
vn 0.09922971495612268 0.9808700004777234 -0.16747389597354523
vn -0.053177763893128574 0.9560775957573092 -0.2882494688950001
vn -0.20354165543441777 0.8945436656369612 -0.3979477663862498
vn -0.34608355492532367 0.7986329273574915 -0.4923531459741616
vn -0.47532565434788177 0.6720311787764928 -0.5678376678867258
vn -0.5863012603495746 0.5196036040145504 -0.6215005444950071
vn -0.6747456249182362 0.3472080259638291 -0.651279454888606
vn -0.7372598678657878 0.1614694005989323 -0.6560301211870858
vn -0.7714416815923348 -0.03047439763405892 -0.635569856892877
vn -0.7759774200174968 -0.2212470882654092 -0.5906850002810867
vn -0.7506927401623598 -0.4035173735081964 -0.5231005057774029
vn -0.6965593725204228 -0.570280733144744 -0.4354135114553153
vn -0.61565763510667 -0.7151284901278725 -0.3309938352028503
vn -0.5110965379830658 -0.8324942602975037 -0.21385423875489815
vn -0.38689425028578833 -0.9178677664682507 -0.08849634102256665
vn -0.2478238522211635 -0.9679681175998003 0.0402624090258212
vn -0.09922971495612268 -0.9808700004777234 0.16747389597354523
vn 0.053177763893128574 -0.9560775957573092 0.2882494688950001
vn 0.20354165543441777 -0.8945436656369612 0.3979477663862498
vn 0.34608355492532367 -0.7986329273574915 0.4923531459741616
vn 0.47532565434788177 -0.6720311787764928 0.5678376678867258
vn 0.5863012603495746 -0.5196036040145504 0.6215005444950071
vn 0.6747456249182362 -0.3472080259638291 0.651279454888606
vn 0.7372598678657878 -0.1614694005989323 0.6560301211870858
vn 0.7714416815923348 0.03047439763405892 0.635569856892877
vn 0.7759774200174968 0.2212470882654092 0.5906850002810867
vn 0.7506927401623598 0.4035173735081964 0.5231005057774029
vn 0.6965593725204228 0.570280733144744 0.4354135114553153
vn 0.61565763510667 0.7151284901278725 0.3309938352028503
vn 0.5110965379830658 0.8324942602975037 0.21385423875489815
vn 0.38689425028578833 0.9178677664682507 0.08849634102256665
vn 0.43852531140715195 0.8953724346457793 0.07748389853221344
vn 0.29318750090041684 0.9552319110243205 -0.03966214160371171
vn 0.13658263117829705 0.978382372551474 -0.15528399125783143
vn -0.025271027037562552 0.9639341471633415 -0.26493836099166257
vn -0.18615353412765373 0.9124424607200996 -0.3644113302393795
vn -0.33988225928007276 0.8258861417038661 -0.44988012933244215
vn -0.4805495066487903 0.707591462799439 -0.5180603183346072
vn -0.6027495071668594 0.5621044455471623 -0.5663317260283279
vn -0.7017861779220009 0.39501608400438487 -0.5928393153759881
vn -0.773853608586326 0.21274747189803778 -0.5965644187168015
vn -0.8161822619716889 0.022303084081691092 -0.5773639126956432
vn -0.8271454989145649 -0.16899838676711285 -0.5359756234153645
vn -0.8063219920048601 -0.35380536907374976 -0.4739900906389311
vn -0.7545120071424622 -0.525015768005587 -0.39378937825106014
vn -0.6737065351602117 -0.6760501302007822 -0.29845556777840093
vn -0.5670108664552487 -0.8011042887208815 -0.19165227865767434
vn -0.43852531140715195 -0.8953724346457793 -0.07748389853221344
vn -0.29318750090041684 -0.9552319110243205 0.03966214160371171
vn -0.13658263117829705 -0.978382372551474 0.15528399125783143
vn 0.025271027037562552 -0.9639341471633415 0.26493836099166257
vn 0.18615353412765373 -0.9124424607200996 0.3644113302393795
vn 0.33988225928007276 -0.8258861417038661 0.44988012933244215
vn 0.4805495066487903 -0.707591462799439 0.5180603183346072
vn 0.6027495071668594 -0.5621044455471623 0.5663317260283279
vn 0.7017861779220009 -0.39501608400438487 0.5928393153759881
vn 0.773853608586326 -0.21274747189803778 0.5965644187168015
vn 0.8161822619716889 -0.022303084081691092 0.5773639126956432
vn 0.8271454989145649 0.16899838676711285 0.5359756234153645
vn 0.8063219920048601 0.35380536907374976 0.4739900906389311
vn 0.7545120071424622 0.525015768005587 0.39378937825106014
vn 0.6737065351602117 0.6760501302007822 0.29845556777840093
vn 0.5670108664552487 0.8011042887208815 0.19165227865767434
vn 0.43852531140715195 0.8953724346457793 0.07748389853221344
vn 0.4790820881980649 0.8771074009644181 0.03410219848081601
vn 0.3298889694366459 0.9409663670850238 -0.07586543256872796
vn 0.16801838613037873 0.9686645290289535 -0.18291761020541114
vn -0.0003090511064391904 0.9591374541426443 -0.28294036217581375
vn -0.16862461114745098 0.9127512652069623 -0.3720898659980683
vn -0.3304600090817982 0.8312885688881636 -0.44694014994574693
vn -0.47959601726041023 0.717879889104219 -0.5046148284064456
vn -0.6103014354101789 0.5768834952476058 -0.5428974036106461
vn -0.7175532952195208 0.4137178232683798 -0.5603167240317576
vn -0.7972299850659305 0.23465318383323353 -0.5562034108387893
vn -0.8462695772289927 0.046570958764032534 -0.530715506139081
vn -0.8627875024551172 -0.14330096830710862 -0.4848325051907166
vn -0.8461490095183399 -0.3276658883193623 -0.42031764098478613
vn -0.7969934386509797 -0.49943885471737537 -0.33965024531992233
vn -0.7172098902406926 -0.6520186199875324 -0.24593025948526076
vn -0.6098643639579481 -0.7795416838337769 -0.14275931051867438
vn -0.4790820881980649 -0.8771074009644181 -0.03410219848081601
vn -0.3298889694366459 -0.9409663670850238 0.07586543256872796
vn -0.16801838613037873 -0.9686645290289535 0.18291761020541114
vn 0.0003090511064391904 -0.9591374541426443 0.28294036217581375
vn 0.16862461114745098 -0.9127512652069623 0.3720898659980683
vn 0.3304600090817982 -0.8312885688881636 0.44694014994574693
vn 0.47959601726041023 -0.717879889104219 0.5046148284064456
vn 0.6103014354101789 -0.5768834952476058 0.5428974036106461
vn 0.7175532952195208 -0.4137178232683798 0.5603167240317576
vn 0.7972299850659305 -0.23465318383323353 0.5562034108387893
vn 0.8462695772289927 -0.046570958764032534 0.530715506139081
vn 0.8627875024551172 0.14330096830710862 0.4848325051907166
vn 0.8461490095183399 0.3276658883193623 0.42031764098478613
vn 0.7969934386509797 0.49943885471737537 0.33965024531992233
vn 0.7172098902406926 0.6520186199875324 0.24593025948526076
vn 0.6098643639579481 0.7795416838337769 0.14275931051867438
vn 0.4790820881980649 0.8771074009644181 0.03410219848081601
vn 0.5124808584231021 0.8584275303204301 -0.021576490397830744
vn 0.3623157743224384 0.9229720244003686 -0.1298072488400298
vn 0.19822710605487553 0.9520472217530578 -0.23304956978589977
vn 0.026520676446399747 0.9445357753315334 -0.3273359479795713
vn -0.14620492961250378 0.9007263538656092 -0.40904297330350037
vn -0.31331196318098864 0.8223025174078906 -0.475030718577568
vn -0.4683785702047535 0.7122780628170989 -0.5227633080108736
vn -0.6054456838316868 0.5748811372047428 -0.550406397142841
vn -0.7192458510287234 0.41539189218830086 -0.5568976402196282
vn -0.8054057928868953 0.23993934610894854 -0.5419876557386173
vn -0.8606144602669866 0.05526607365972702 -0.5062493574135191
vn -0.8827501730119939 -0.13153104774193464 -0.45105622213556035
vn -0.8709623147275342 -0.31327348694638857 -0.37852921776384274
vn -0.8257038490670608 -0.48297702665881503 -0.2914555632607661
vn -0.7487140314282601 -0.6341200484808265 -0.1931814257559886
vn -0.6429516132158496 -0.7608941262622788 -0.08748343661916654
vn -0.5124808584231021 -0.8584275303204301 0.021576490397830744
vn -0.3623157743224384 -0.9229720244003686 0.1298072488400298
vn -0.19822710605487553 -0.9520472217530578 0.23304956978589977
vn -0.026520676446399747 -0.9445357753315334 0.3273359479795713
vn 0.14620492961250378 -0.9007263538656092 0.40904297330350037
vn 0.31331196318098864 -0.8223025174078906 0.475030718577568
vn 0.4683785702047535 -0.7122780628170989 0.5227633080108736
vn 0.6054456838316868 -0.5748811372047428 0.550406397142841
vn 0.7192458510287234 -0.41539189218830086 0.5568976402196282
vn 0.8054057928868953 -0.23993934610894854 0.5419876557386173
vn 0.8606144602669866 -0.05526607365972702 0.5062493574135191
vn 0.8827501730119939 0.13153104774193464 0.45105622213556035
vn 0.8709623147275342 0.31327348694638857 0.37852921776384274
vn 0.8257038490670608 0.48297702665881503 0.2914555632607661
vn 0.7487140314282601 0.6341200484808265 0.1931814257559886
vn 0.6429516132158496 0.7608941262622788 0.08748343661916654
vn 0.5124808584231021 0.8584275303204301 -0.021576490397830744
vn 0.5470905241025406 0.8341755175006016 -0.06959284761964396
vn 0.3998298861698085 0.8983471806864538 -0.18195715176419425
vn 0.23720401614452974 0.9279958640567718 -0.287328959588885
vn 0.06546251596240373 0.9219821861127275 -0.38165888892395533
vn -0.10879467432206343 0.8805372718618844 -0.4613218309392982
vn -0.27887093542545466 0.8052537899189156 -0.5232564717193234
vn -0.4382303598643262 0.6990248470774998 -0.5650826619720878
vn -0.5807488353600333 0.5659327901272171 -0.5851930171206661
vn -0.7009494375715701 0.4110922557066763 -0.5828147589638546
vn -0.7942129800776537 0.24045364047581178 -0.5580392361278028
vn -0.8569553431156824 0.06057455718479087 -0.5118185839995941
vn -0.8867653795392979 -0.12163237738903374 -0.44592905985281633
vn -0.8824975421190672 -0.29916503790264415 -0.36290269804799574
vn -0.8443158236381864 -0.4652009588428835 -0.26593017475614306
vn -0.7736874798913609 -0.6133595093218992 -0.1587381358834545
vn -0.6733268031426628 -0.7379469415867049 -0.0454458751979777
vn -0.5470905241025406 -0.8341755175006016 0.06959284761964396
vn -0.3998298861698085 -0.8983471806864538 0.18195715176419425
vn -0.23720401614452974 -0.9279958640567718 0.287328959588885
vn -0.06546251596240373 -0.9219821861127275 0.38165888892395533
vn 0.10879467432206343 -0.8805372718618844 0.4613218309392982
vn 0.27887093542545466 -0.8052537899189156 0.5232564717193234
vn 0.4382303598643262 -0.6990248470774998 0.5650826619720878
vn 0.5807488353600333 -0.5659327901272171 0.5851930171206661
vn 0.7009494375715701 -0.4110922557066763 0.5828147589638546
vn 0.7942129800776537 -0.24045364047581178 0.5580392361278028
vn 0.8569553431156824 -0.06057455718479087 0.5118185839995941
vn 0.8867653795392979 0.12163237738903374 0.44592905985281633
vn 0.8824975421190672 0.29916503790264415 0.36290269804799574
vn 0.8443158236381864 0.4652009588428835 0.26593017475614306
vn 0.7736874798913609 0.6133595093218992 0.1587381358834545
vn 0.6733268031426628 0.7379469415867049 0.0454458751979777
vn 0.5470905241025406 0.8341755175006016 -0.06959284761964396
vn 0.5901336595354801 0.8022911447240004 -0.08983976280419913
vn 0.45120181555692845 0.8668373020073131 -0.21215563505788285
vn 0.2949305405131975 0.8980713870704335 -0.32631849472253427
vn 0.1273252372827175 0.8947930966155966 -0.4279411153417853
vn -0.04517309213713415 0.8571284121240877 -0.5131181899683638
vn -0.21593545673232076 0.786524783424751 -0.5785763939052929
vn -0.37839954476565607 0.6856953986320203 -0.6218002933547225
vn -0.5263219356529174 0.5585151784272802 -0.641128704330815
vn -0.6540180994509128 0.40987151571313574 -0.6358188941810652
vn -0.7565806555899981 0.24547670936817964 -0.6060749926739917
vn -0.8300682917816884 0.07164837433349139 -0.5530399094405374
vn -0.8716568740087435 -0.10493336369051988 -0.478751797049263
vn -0.8797481491652884 -0.2774825640316365 -0.38606556528480784
vn -0.8540312052364658 -0.4393682778185972 -0.2785430252744979
vn -0.7954943224309816 -0.5843693050447666 -0.16031624465901814
vn -0.70638704086752 -0.7069133498792984 -0.03592859942799294
vn -0.5901336595354801 -0.8022911447240004 0.08983976280419913
vn -0.45120181555692845 -0.8668373020073131 0.21215563505788285
vn -0.2949305405131975 -0.8980713870704335 0.32631849472253427
vn -0.1273252372827175 -0.8947930966155966 0.4279411153417853
vn 0.04517309213713415 -0.8571284121240877 0.5131181899683638
vn 0.21593545673232076 -0.786524783424751 0.5785763939052929
vn 0.37839954476565607 -0.6856953986320203 0.6218002933547225
vn 0.5263219356529174 -0.5585151784272802 0.641128704330815
vn 0.6540180994509128 -0.40987151571313574 0.6358188941810652
vn 0.7565806555899981 -0.24547670936817964 0.6060749926739917
vn 0.8300682917816884 -0.07164837433349139 0.5530399094405374
vn 0.8716568740087435 0.10493336369051988 0.478751797049263
vn 0.8797481491652884 0.2774825640316365 0.38606556528480784
vn 0.8540312052364658 0.4393682778185972 0.2785430252744979
vn 0.7954943224309816 0.5843693050447666 0.16031624465901814
vn 0.70638704086752 0.7069133498792984 0.03592859942799294
vn 0.5901336595354801 0.8022911447240004 -0.08983976280419913
vn 0.6404201530103605 0.7653668692233837 -0.06384029380714187
vn 0.5169810564720974 0.8321323253111541 -0.20071467415524413
vn 0.37367466505789293 0.866919407905103 -0.329875711278259
vn 0.21600814084773642 0.8683912722335126 -0.4463598115827252
vn 0.05004055819066995 0.8364913498718847 -0.5456905387905114
vn -0.11785005434196794 0.7724455261922946 -0.6240506980663545
vn -0.28121176182376006 0.6787150458842888 -0.6784289435911948
vn -0.43376662484314193 0.5589019547574529 -0.7067355376238604
vn -0.5696521478148457 0.4176105615132414 -0.7078826522825152
vn -0.6836461943912356 0.2602706224228555 -0.6818262857927964
vn -0.7713681408541706 0.09292862503022707 -0.6295676785899763
vn -0.829446798738028 -0.07798455713260642 -0.5531151931669104
vn -0.8556503253543264 -0.24590084520174751 -0.4554067358418202
vn -0.8489716653702717 -0.4043672981091511 -0.3401972951367078
vn -0.8096675169186379 -0.5472941325908809 -0.21191423849850766
vn -0.7392482706481746 -0.6691887928494004 -0.07548744179296002
vn -0.6404201530103605 -0.7653668692233837 0.06384029380714187
vn -0.5169810564720974 -0.8321323253111541 0.20071467415524413
vn -0.37367466505789293 -0.866919407905103 0.329875711278259
vn -0.21600814084773642 -0.8683912722335126 0.4463598115827252
vn -0.05004055819066995 -0.8364913498718847 0.5456905387905114
vn 0.11785005434196794 -0.7724455261922946 0.6240506980663545
vn 0.28121176182376006 -0.6787150458842888 0.6784289435911948
vn 0.43376662484314193 -0.5589019547574529 0.7067355376238604
vn 0.5696521478148457 -0.4176105615132414 0.7078826522825152
vn 0.6836461943912356 -0.2602706224228555 0.6818262857927964
vn 0.7713681408541706 -0.09292862503022707 0.6295676785899763
vn 0.829446798738028 0.07798455713260642 0.5531151931669104
vn 0.8556503253543264 0.24590084520174751 0.4554067358418202
vn 0.8489716653702717 0.4043672981091511 0.3401972951367078
vn 0.8096675169186379 0.5472941325908809 0.21191423849850766
vn 0.7392482706481746 0.6691887928494004 0.07548744179296002
vn 0.6404201530103605 0.7653668692233837 -0.06384029380714187
vn 0.6821806396237549 0.7309916578432859 0.016756225292385497
vn 0.5818846306764848 0.8018078319619873 -0.136067913877256
vn 0.4592271098431794 0.8418109920020838 -0.2836630313057168
vn 0.3189217472175331 0.8494638268342015 -0.4203571410740033
vn 0.16636039521792828 0.8244722587207783 -0.5408971376359768
vn 0.007405910841634515 0.7677966677608076 -0.6406507858888537
vn -0.15183317637569108 0.6816150535427109 -0.7157846081997263
vn -0.30523740924611603 0.5692394316001314 -0.7634111562639613
vn -0.44691151036949267 0.43498819732029104 -0.7817003070814943
vn -0.5714110704554773 0.2840206311373438 -0.7699491344558226
vn -0.6739516205464126 0.12213829064092913 -0.7286092581913686
vn -0.750592589033696 -0.04443773625240674 -0.6592693325830155
vn -0.7983887244667008 -0.20930604765337177 -0.5645940338510133
vn -0.8155032217760951 -0.3661308506432578 -0.44822170349064244
vn -0.801278368142364 -0.5088854529941537 -0.3146244944025267
vn -0.7562608466526374 -0.6320838717311771 -0.16893641086977357
vn -0.6821806396237549 -0.7309916578432859 -0.016756225292385497
vn -0.5818846306764848 -0.8018078319619873 0.136067913877256
vn -0.4592271098431794 -0.8418109920020838 0.2836630313057168
vn -0.3189217472175331 -0.8494638268342015 0.4203571410740033
vn -0.16636039521792828 -0.8244722587207783 0.5408971376359768
vn -0.007405910841634515 -0.7677966677608076 0.6406507858888537
vn 0.15183317637569108 -0.6816150535427109 0.7157846081997263
vn 0.30523740924611603 -0.5692394316001314 0.7634111562639613
vn 0.44691151036949267 -0.43498819732029104 0.7817003070814943
vn 0.5714110704554773 -0.2840206311373438 0.7699491344558226
vn 0.6739516205464126 -0.12213829064092913 0.7286092581913686
vn 0.750592589033696 0.04443773625240674 0.6592693325830155
vn 0.7983887244667008 0.20930604765337177 0.5645940338510133
vn 0.8155032217760951 0.3661308506432578 0.44822170349064244
vn 0.801278368142364 0.5088854529941537 0.3146244944025267
vn 0.7562608466526374 0.6320838717311771 0.16893641086977357
vn 0.6821806396237549 0.7309916578432859 0.016756225292385497
vn 0.6903647705124003 0.7100828212540722 0.13848779944536005
vn 0.6180544894427822 0.7856607782501283 -0.02730914863236124
vn 0.5219927003798234 0.8310462506564756 -0.19205663232493203
vn 0.4058710419632086 0.8444950753184386 -0.34942347525403056
vn 0.2741519832185299 0.8254904221470231 -0.4933621925531752
vn 0.13189740600591465 0.7747626376053468 -0.618341272809536
vn -0.015425915658532758 0.6942611855656915 -0.719557813759962
vn -0.16215641854905083 0.5870796463144959 -0.7931221752079509
vn -0.3026553466821077 0.457336973467133 -0.8362072911812334
vn -0.4315234178567202 0.31001907974333004 -0.8471574293107234
vn -0.5438082254597145 0.1507873247233511 -0.8255518134103582
vn -0.6351948384070124 -0.014239086777590972 -0.7722206716145521
vn -0.7021712711626453 -0.17871829996754424 -0.6892135193178857
vn -0.7421636657160067 -0.3363294635763471 -0.5797202646289206
vn -0.7536350999460276 -0.48101567677935714 -0.4479487189643898
vn -0.7361447272093001 -0.6072167801200842 -0.29896274440562387
vn -0.6903647705124003 -0.7100828212540722 -0.13848779944536005
vn -0.6180544894427822 -0.7856607782501283 0.02730914863236124
vn -0.5219927003798234 -0.8310462506564756 0.19205663232493203
vn -0.4058710419632086 -0.8444950753184386 0.34942347525403056
vn -0.2741519832185299 -0.8254904221470231 0.4933621925531752
vn -0.13189740600591465 -0.7747626376053468 0.618341272809536
vn 0.015425915658532758 -0.6942611855656915 0.719557813759962
vn 0.16215641854905083 -0.5870796463144959 0.7931221752079509
vn 0.3026553466821077 -0.457336973467133 0.8362072911812334
vn 0.4315234178567202 -0.31001907974333004 0.8471574293107234
vn 0.5438082254597145 -0.1507873247233511 0.8255518134103582
vn 0.6351948384070124 0.014239086777590972 0.7722206716145521
vn 0.7021712711626453 0.17871829996754424 0.6892135193178857
vn 0.7421636657160067 0.3363294635763471 0.5797202646289206
vn 0.7536350999460276 0.48101567677935714 0.4479487189643898
vn 0.7361447272093001 0.6072167801200842 0.29896274440562387
vn 0.6903647705124003 0.7100828212540722 0.13848779944536005
vn 0.6493637583799411 0.7111248398079154 0.2694961437773164
vn 0.604349801231379 0.790892970717106 0.09617497918826846
vn 0.5361109999808186 0.8402675433828186 -0.08084213775605892
vn 0.4472697780281947 0.8573510848192971 -0.25475255253242024
vn 0.341240227443529 0.8414871102062939 -0.41887295273262654
vn 0.22209699442680572 0.7932852503336234 -0.5668963191534234
vn 0.09441871454172415 0.7145979003774141 -0.6931341479976872
vn -0.036888036532054115 0.6084489765504375 -0.7927352115905634
vn -0.166777191265433 0.4789176517792825 -0.8618719459918804
vn -0.29025721609518085 0.3309817916982667 -0.8978874105748897
vn -0.4025827974470979 0.17032651730960657 -0.8993975587585555
vn -0.49943732599371166 0.003125675682544753 -0.8663443816149433
vn -0.5770987945978304 -0.1641952864572332 -0.7999980557344865
vn -0.6325826588651613 -0.32520630666540146 -0.7029082712617144
vn -0.6637567346224347 -0.4737198398847991 -0.5788061079004634
vn -0.6694230373775867 -0.6040285768429945 -0.43246072120505097
vn -0.6493637583799411 -0.7111248398079154 -0.2694961437773164
vn -0.604349801231379 -0.790892970717106 -0.09617497918826846
vn -0.5361109999808186 -0.8402675433828186 0.08084213775605892
vn -0.4472697780281947 -0.8573510848192971 0.25475255253242024
vn -0.341240227443529 -0.8414871102062939 0.41887295273262654
vn -0.22209699442680572 -0.7932852503336234 0.5668963191534234
vn -0.09441871454172415 -0.7145979003774141 0.6931341479976872
vn 0.036888036532054115 -0.6084489765504375 0.7927352115905634
vn 0.166777191265433 -0.4789176517792825 0.8618719459918804
vn 0.29025721609518085 -0.3309817916982667 0.8978874105748897
vn 0.4025827974470979 -0.17032651730960657 0.8993975587585555
vn 0.49943732599371166 -0.003125675682544753 0.8663443816149433
vn 0.5770987945978304 0.1641952864572332 0.7999980557344865
vn 0.6325826588651613 0.32520630666540146 0.7029082712617144
vn 0.6637567346224347 0.4737198398847991 0.5788061079004634
vn 0.6694230373775867 0.6040285768429945 0.43246072120505097
vn 0.6493637583799411 0.7111248398079154 0.2694961437773164
vn 0.5623654693688396 0.733836945024862 0.3810884634545403
vn 0.5394987403136918 0.8166757729978182 0.20489458508793168
vn 0.4958994008264799 0.8681301926555333 0.020826734256840933
vn 0.4332429046769969 0.8862228736282372 -0.16404146977257897
vn 0.3539371173117042 0.8702585053578848 -0.34260567835536687
vn 0.2610297466260554 0.820850599781229 -0.508003704922645
vn 0.1580911292968768 0.7398978538421184 -0.6538794695641278
vn 0.04907716419919505 0.6305112219246173 -0.7746270270144796
vn -0.06182280863423875 0.49689444381366954 -0.8656060605377474
vn -0.1703469744714312 0.3441822809585091 -0.9233203483962797
vn -0.2723248063927159 0.17824338762782313 -0.9455519523485357
vn -0.36383732477339203 0.005454685437659994 -0.931446534970482
vn -0.44136777983849335 -0.16754363653239496 -0.8815461489779987
vn -0.5019367405512293 -0.33410335041624356 -0.7977684248736902
vn -0.5432165336990663 -0.48782364179721815 -0.6833329291199645
vn -0.5636208138141384 -0.6227971404598649 -0.542637355948246
vn -0.5623654693688396 -0.733836945024862 -0.3810884634545403
vn -0.5394987403136918 -0.8166757729978182 -0.20489458508793168
vn -0.4958994008264799 -0.8681301926555333 -0.020826734256840933
vn -0.4332429046769969 -0.8862228736282372 0.16404146977257897
vn -0.3539371173117042 -0.8702585053578848 0.34260567835536687
vn -0.2610297466260554 -0.820850599781229 0.508003704922645
vn -0.1580911292968768 -0.7398978538421184 0.6538794695641278
vn -0.04907716419919505 -0.6305112219246173 0.7746270270144796
vn 0.06182280863423875 -0.49689444381366954 0.8656060605377474
vn 0.1703469744714312 -0.3441822809585091 0.9233203483962797
vn 0.2723248063927159 -0.17824338762782313 0.9455519523485357
vn 0.36383732477339203 -0.005454685437659994 0.931446534970482
vn 0.44136777983849335 0.16754363653239496 0.8815461489779987
vn 0.5019367405512293 0.33410335041624356 0.7977684248736902
vn 0.5432165336990663 0.48782364179721815 0.6833329291199645
vn 0.5636208138141384 0.6227971404598649 0.542637355948246
vn 0.5623654693688396 0.733836945024862 0.3810884634545403
vn 0.4419749734179035 0.7696353296351166 0.46078149078461134
vn 0.4348379107733607 0.8544842664110113 0.28420525999758445
vn 0.41099025950098284 0.9064958504315426 0.09670718559501795
vn 0.3713485230723726 0.9236712878136614 -0.09450728268562147
vn 0.31743604074317056 0.9053505696048744 -0.2820898902006764
vn 0.25132469073891184 0.8522377262078346 -0.4588319494685287
vn 0.1755550680234145 0.7663738847583011 -0.6179413296193776
vn 0.09303896408389138 0.6510586934002651 -0.7533036100471948
vn 0.006947419116272557 0.5107237082799831 -0.8597168296412286
vn -0.07941111026494337 0.35076188375438394 -0.9330916227635768
vn -0.1627179073815657 0.17732047899619705 -0.9706082270133112
vn -0.23977156009619585 -0.0029352537854017225 -0.9708248983489514
vn -0.30761093640986337 -0.1830781891265999 -0.9337333069282535
vn -0.36362894829771614 -0.356185520368653 -0.8607588878655907
vn -0.4056729392941699 -0.5156048557431611 -0.7547059686119507
vn -0.4321271467319572 -0.6552097779486636 -0.6196501238100098
vn -0.4419749734179035 -0.7696353296351166 -0.46078149078461134
vn -0.4348379107733607 -0.8544842664110113 -0.28420525999758445
vn -0.41099025950098284 -0.9064958504315426 -0.09670718559501795
vn -0.3713485230723726 -0.9236712878136614 0.09450728268562147
vn -0.31743604074317056 -0.9053505696048744 0.2820898902006764
vn -0.25132469073891184 -0.8522377262078346 0.4588319494685287
vn -0.1755550680234145 -0.7663738847583011 0.6179413296193776
vn -0.09303896408389138 -0.6510586934002651 0.7533036100471948
vn -0.006947419116272557 -0.5107237082799831 0.8597168296412286
vn 0.07941111026494337 -0.35076188375438394 0.9330916227635768
vn 0.1627179073815657 -0.17732047899619705 0.9706082270133112
vn 0.23977156009619585 0.0029352537854017225 0.9708248983489514
vn 0.30761093640986337 0.1830781891265999 0.9337333069282535
vn 0.36362894829771614 0.356185520368653 0.8607588878655907
vn 0.4056729392941699 0.5156048557431611 0.7547059686119507
vn 0.4321271467319572 0.6552097779486636 0.6196501238100098
vn 0.4419749734179035 0.7696353296351166 0.46078149078461134
vn 0.300234670955859 0.8070992707747631 0.5083796902619857
vn 0.303292930468446 0.8931000242774865 0.33224350251497076
vn 0.2946957932235007 0.9447794513053188 0.14333937996096055
vn 0.27477365213696153 0.9601515350359686 -0.05107318141048997
vn 0.2442921433035988 0.9386255271734969 -0.24352303475936088
vn 0.2044225974656555 0.8810286709342044 -0.42661444260280706
vn 0.1566972108231771 0.789574370446644 -0.593311299112045
vn 0.10295005033317174 0.6677771735773931 -0.7372075240971064
vn 0.045246568756039614 0.520317687240235 -0.8527732713686434
vn -0.014195713964285301 0.3528626814044431 -0.9355674266332228
vn -0.07309245858705128 0.17184733863619256 -0.9824082576512465
vn -0.1291803140991274 -0.0157719834285301 -0.9914956837969499
vn -0.18030382785403218 -0.20278519496147493 -0.9624804903818156
vn -0.22449837903181744 -0.382005487645138 -0.8964777103872059
vn -0.2600655619715077 -0.5465455189716123 -0.7960238056543879
vn -0.2856386057411538 -0.6900821452663352 -0.6649791122244836
vn -0.300234670955859 -0.8070992707747631 -0.5083796902619857
vn -0.303292930468446 -0.8931000242774865 -0.33224350251497076
vn -0.2946957932235007 -0.9447794513053188 -0.14333937996096055
vn -0.27477365213696153 -0.9601515350359686 0.05107318141048997
vn -0.2442921433035988 -0.9386255271734969 0.24352303475936088
vn -0.2044225974656555 -0.8810286709342044 0.42661444260280706
vn -0.1566972108231771 -0.789574370446644 0.593311299112045
vn -0.10295005033317174 -0.6677771735773931 0.7372075240971064
vn -0.045246568756039614 -0.520317687240235 0.8527732713686434
vn 0.014195713964285301 -0.3528626814044431 0.9355674266332228
vn 0.07309245858705128 -0.17184733863619256 0.9824082576512465
vn 0.1291803140991274 0.0157719834285301 0.9914956837969499
vn 0.18030382785403218 0.20278519496147493 0.9624804903818156
vn 0.22449837903181744 0.382005487645138 0.8964777103872059
vn 0.2600655619715077 0.5465455189716123 0.7960238056543879
vn 0.2856386057411538 0.6900821452663352 0.6649791122244836
vn 0.300234670955859 0.8070992707747631 0.5083796902619857
vn 0.14617997214489423 0.8362383135771648 0.5285233189267405
vn 0.15539543733992645 0.9226951838603294 0.3528255315802497
vn 0.15863913049225112 0.9736934151757464 0.16356882196816824
vn 0.15578640913130865 0.9872731513018606 -0.031973730599758866
vn 0.14694691795201822 0.9629125333466015 -0.22628755252649907
vn 0.13246032501450297 0.9015477235586886 -0.4119052857674909
vn 0.11288336866214788 0.8055369401914899 -0.5816937192942844
vn 0.08896835628083377 0.6785698330704412 -0.7291279813773713
vn 0.061634349574387466 0.5255256806525389 -0.8485422593643925
vn 0.03193176541426981 0.3522858325720957 -0.9353475581443047
vn 0.0010020628116228785 0.16550785320259792 -0.9862079630576854
vn -0.029966149933038113 -0.02763049160071796 -0.9991689475719776
vn -0.0597827818434119 -0.21970701635335996 -0.97373243037303
vn -0.0873019928154705 -0.4033403141805277 -0.9108759262419888
vn -0.11146623508656173 -0.5714734724728859 -0.8130149744595169
vn -0.13134689676380332 -0.7176452304935692 -0.6839103127313924
vn -0.14617997214489423 -0.8362383135771648 -0.5285233189267405
vn -0.15539543733992645 -0.9226951838603294 -0.3528255315802497
vn -0.15863913049225112 -0.9736934151757464 -0.16356882196816824
vn -0.15578640913130865 -0.9872731513018606 0.031973730599758866
vn -0.14694691795201822 -0.9629125333466015 0.22628755252649907
vn -0.13246032501450297 -0.9015477235586886 0.4119052857674909
vn -0.11288336866214788 -0.8055369401914899 0.5816937192942844
vn -0.08896835628083377 -0.6785698330704412 0.7291279813773713
vn -0.061634349574387466 -0.5255256806525389 0.8485422593643925
vn -0.03193176541426981 -0.3522858325720957 0.9353475581443047
vn -0.0010020628116228785 -0.16550785320259792 0.9862079630576854
vn 0.029966149933038113 0.02763049160071796 0.9991689475719776
vn 0.0597827818434119 0.21970701635335996 0.97373243037303
vn 0.0873019928154705 0.4033403141805277 0.9108759262419888
vn 0.11146623508656173 0.5714734724728859 0.8130149744595169
vn 0.13134689676380332 0.7176452304935692 0.6839103127313924
vn 0.14617997214489423 0.8362383135771648 0.5285233189267405
vn -0.013323409654846477 0.849997769839117 0.5266177722254505
vn -0.0006297934551138292 0.9363442808049642 0.3510825987770372
vn 0.012088025336085668 0.9867075965188893 0.1620555417608138
vn 0.02434130742728052 0.9991522964539009 -0.03319923558799106
vn 0.03565916752926794 0.973200131840381 -0.22717818371706536
vn 0.04560666445124641 0.9098484344176161 -0.41242679174060015
vn 0.05380152437476284 0.8115317669242996 -0.5818260798964551
vn 0.059928822904891536 0.6820284087496292 -0.7288660959625457
vn 0.06375309181845261 0.5263150418531333 -0.847896231860198
vn 0.06512735921201389 0.35037571929621786 -0.9343421655955205
vn 0.06399881738791739 0.1609716390011413 -0.984881862362301
vn 0.06041084737076145 -0.034618490215587945 -0.9975730999055357
vn 0.054501312904983806 -0.22887824135106288 -0.9719281647980357
vn 0.046497326578304715 -0.414342345892891 -0.9089325712180452
vn 0.03670647710675159 -0.583883519218476 -0.8110071951120157
vn 0.025505013599063892 -0.7309863520108137 -0.681915278795859
vn 0.013323409654846477 -0.849997769839117 -0.5266177722254505
vn 0.0006297934551138292 -0.9363442808049642 -0.3510825987770372
vn -0.012088025336085668 -0.9867075965188893 -0.1620555417608138
vn -0.02434130742728052 -0.9991522964539009 0.03319923558799106
vn -0.03565916752926794 -0.973200131840381 0.22717818371706536
vn -0.04560666445124641 -0.9098484344176161 0.41242679174060015
vn -0.05380152437476284 -0.8115317669242996 0.5818260798964551
vn -0.059928822904891536 -0.6820284087496292 0.7288660959625457
vn -0.06375309181845261 -0.5263150418531333 0.847896231860198
vn -0.06512735921201389 -0.35037571929621786 0.9343421655955205
vn -0.06399881738791739 -0.1609716390011413 0.984881862362301
vn -0.06041084737076145 0.034618490215587945 0.9975730999055357
vn -0.054501312904983806 0.22887824135106288 0.9719281647980357
vn -0.046497326578304715 0.414342345892891 0.9089325712180452
vn -0.03670647710675159 0.583883519218476 0.8110071951120157
vn -0.025505013599063892 0.7309863520108137 0.681915278795859
vn -0.013323409654846477 0.849997769839117 0.5266177722254505
vn -0.1726606835300131 0.8442042709798003 0.5074519063146897
vn -0.1581325676328202 0.9300046541451275 0.33179125112373525
vn -0.13752752754496278 0.9800654800812922 0.1433800331998696
vn -0.11163736214613118 0.9924629401618282 -0.05054118892935892
vn -0.0814570432797729 0.9667206056899539 -0.24252014480155268
vn -0.04814637893231041 0.9038277396697298 -0.42517918951803535
vn -0.012985471527948165 0.8062012724514441 -0.5914988468516817
vn 0.022674458472466883 0.6775929442669829 -0.735087525953598
vn 0.05746301943497508 0.5229451001022004 -0.8504272006918141
vn 0.09004331220669813 0.3482007918683281 -0.9330854250652062
vn 0.1191632912521872 0.16007530902292746 -0.979885710406658
vn 0.14370389457453678 -0.0342017863379593 -0.989029538737546
vn 0.16272202420351928 -0.22716452580909802 -0.9601655175296792
vn 0.17548684948746593 -0.41139746117653836 -0.8944028704082193
vn 0.18150780619914383 -0.5798206177572272 -0.7942688257211166
vn 0.1805535296390511 -0.7259615818645645 -0.6636114861811686
vn 0.1726606835300131 -0.8442042709798003 -0.5074519063146897
vn 0.1581325676328202 -0.9300046541451275 -0.33179125112373525
vn 0.13752752754496278 -0.9800654800812922 -0.1433800331998696
vn 0.11163736214613118 -0.9924629401618282 0.05054118892935892
vn 0.0814570432797729 -0.9667206056899539 0.24252014480155268
vn 0.04814637893231041 -0.9038277396697298 0.42517918951803535
vn 0.012985471527948165 -0.8062012724514441 0.5914988468516817
vn -0.022674458472466883 -0.6775929442669829 0.735087525953598
vn -0.05746301943497508 -0.5229451001022004 0.8504272006918141
vn -0.09004331220669813 -0.3482007918683281 0.9330854250652062
vn -0.1191632912521872 -0.16007530902292746 0.979885710406658
vn -0.14370389457453678 0.0342017863379593 0.989029538737546
vn -0.16272202420351928 0.22716452580909802 0.9601655175296792
vn -0.17548684948746593 0.41139746117653836 0.8944028704082193
vn -0.18150780619914383 0.5798206177572272 0.7942688257211166
vn -0.1805535296390511 0.7259615818645645 0.6636114861811686
vn -0.1726606835300131 0.8442042709798003 0.5074519063146897
vn -0.32702532719449784 0.8170047479536184 0.4749291286019166
vn -0.3115747207366096 0.9019725132812674 0.2989427682399721
vn -0.28415048552825783 0.9522779728178223 0.11146821995543993
vn -0.2458064884905 0.9659879328493736 -0.0802899981651748
vn -0.1980162869230851 0.9425755192041432 -0.2689627124904758
vn -0.14261643289230239 0.8829404526418391 -0.44729935184135866
vn -0.08173590882259504 0.7893744691409766 -0.6084465372383556
vn -0.017714320154557588 0.6654732975101478 -0.7462114265825954
vn 0.04698802192897991 0.51599836730122 -0.8552998367459665
vn 0.10988463683250738 0.3466938506027119 -0.931519586773382
vn 0.16855845009194287 0.16406612248001487 -0.9719415395778569
vn 0.22075465835804717 -0.024866577817129316 -0.9750123251122963
vn 0.26446739040689976 -0.21284367306307858 -0.9406139326250604
vn 0.29801679201605213 -0.39264131309170647 -0.870068267971015
vn 0.3201135423353765 -0.5573499248687006 -0.766086405872308
vn 0.32990854916592094 -0.7006399618339575 -0.6326642024554161
vn 0.32702532719449784 -0.8170047479536184 -0.4749291286019166
vn 0.3115747207366096 -0.9019725132812674 -0.2989427682399721
vn 0.28415048552825783 -0.9522779728178223 -0.11146821995543993
vn 0.2458064884905 -0.9659879328493736 0.0802899981651748
vn 0.1980162869230851 -0.9425755192041432 0.2689627124904758
vn 0.14261643289230239 -0.8829404526418391 0.44729935184135866
vn 0.08173590882259504 -0.7893744691409766 0.6084465372383556
vn 0.017714320154557588 -0.6654732975101478 0.7462114265825954
vn -0.04698802192897991 -0.51599836730122 0.8552998367459665
vn -0.10988463683250738 -0.3466938506027119 0.931519586773382
vn -0.16855845009194287 -0.16406612248001487 0.9719415395778569
vn -0.22075465835804717 0.024866577817129316 0.9750123251122963
vn -0.26446739040689976 0.21284367306307858 0.9406139326250604
vn -0.29801679201605213 0.39264131309170647 0.870068267971015
vn -0.3201135423353765 0.5573499248687006 0.766086405872308
vn -0.32990854916592094 0.7006399618339575 0.6326642024554161
vn -0.32702532719449784 0.8170047479536184 0.4749291286019166
vn -0.4722584789353258 0.7682629832343001 0.43213877130572986
vn -0.45630674640880736 0.8522797056303955 0.2557409950562774
vn -0.42281943769804137 0.9035437748042231 0.06951525096874371
vn -0.3730834050236041 0.9200851729255237 -0.119381939415485
vn -0.30900996168013317 0.9012682217564653 -0.3036913499498814
vn -0.2330614723871984 0.8478160313011154 -0.4763300611524927
vn -0.14815655057358781 0.7617827503064054 -0.6306636804650675
vn -0.05755806462489134 0.6464745537927175 -0.7607612769424741
vn 0.03525235817039796 0.5063227329768047 -0.8616232130776917
vn 0.12670804692321 0.34671321872835853 -0.9293734528185787
vn 0.21329442061653706 0.17377971434592063 -0.961408394500332
vn 0.29168400273261735 -0.005832069108736341 -0.9564969574022645
vn 0.35886433484505986 -0.18521971878750157 -0.9148278772252689
vn 0.41225374614433646 -0.35748947420685284 -0.8380024609875969
vn 0.44980043073258574 -0.5160211313267992 -0.7289730890348357
vn 0.47006155838100266 -0.6547223577155005 -0.5919296965348834
vn 0.4722584789353258 -0.7682629832343001 -0.43213877130572986
vn 0.45630674640880736 -0.8522797056303955 -0.2557409950562774
vn 0.42281943769804137 -0.9035437748042231 -0.06951525096874371
vn 0.3730834050236041 -0.9200851729255237 0.119381939415485
vn 0.30900996168013317 -0.9012682217564653 0.3036913499498814
vn 0.2330614723871984 -0.8478160313011154 0.4763300611524927
vn 0.14815655057358781 -0.7617827503064054 0.6306636804650675
vn 0.05755806462489134 -0.6464745537927175 0.7607612769424741
vn -0.03525235817039796 -0.5063227329768047 0.8616232130776917
vn -0.12670804692321 -0.34671321872835853 0.9293734528185787
vn -0.21329442061653706 -0.17377971434592063 0.961408394500332
vn -0.29168400273261735 0.005832069108736341 0.9564969574022645
vn -0.35886433484505986 0.18521971878750157 0.9148278772252689
vn -0.41225374614433646 0.35748947420685284 0.8380024609875969
vn -0.44980043073258574 0.5160211313267992 0.7289730890348357
vn -0.47006155838100266 0.6547223577155005 0.5919296965348834
vn -0.4722584789353258 0.7682629832343001 0.43213877130572986
vn -0.6047909304938528 0.6990591339791602 0.38150263117400146
vn -0.5884531683547984 0.782184891831565 0.20471849853797316
vn -0.5495015340803068 0.8352516825786672 0.020067157070574295
vn -0.48943283832150125 0.8562202397319236 -0.1653553683614973
vn -0.4105555173909354 0.8442847249445828 -0.3444233882376622
vn -0.3159007770629514 0.7999038207933589 -0.510255403235683
vn -0.20910614727294805 0.7247830628782808 -0.6564785837614524
vn -0.09427568515735542 0.6218093169040664 -0.7774736449548689
vn 0.024177743406876482 0.49493978010687567 -0.8685908419915034
vn 0.14170202395453735 0.34904998005306914 -0.9263285852396761
vn 0.25378078513177865 0.18974638202731414 -0.9484680403711253
vn 0.35610688408278607 0.023150941796220688 -0.9341584025221833
vn 0.44474801234643196 -0.14433418153789018 -0.8839495741011959
vn 0.5162976981373958 -0.3062726259922423 -0.7997710706607501
vn 0.5680063993961662 -0.45644116650986555 -0.6848577894425354
vn 0.5978868694796884 -0.5890689581972726 -0.5436258398863673
vn 0.6047909304938528 -0.6990591339791602 -0.38150263117400146
vn 0.5884531683547984 -0.782184891831565 -0.20471849853797316
vn 0.5495015340803068 -0.8352516825786672 -0.020067157070574295
vn 0.48943283832150125 -0.8562202397319236 0.1653553683614973
vn 0.4105555173909354 -0.8442847249445828 0.3444233882376622
vn 0.3159007770629514 -0.7999038207933589 0.510255403235683
vn 0.20910614727294805 -0.7247830628782808 0.6564785837614524
vn 0.09427568515735542 -0.6218093169040664 0.7774736449548689
vn -0.024177743406876482 -0.49493978010687567 0.8685908419915034
vn -0.14170202395453735 -0.34904998005306914 0.9263285852396761
vn -0.25378078513177865 -0.18974638202731414 0.9484680403711253
vn -0.35610688408278607 -0.023150941796220688 0.9341584025221833
vn -0.44474801234643196 0.14433418153789018 0.8839495741011959
vn -0.5162976981373958 0.3062726259922423 0.7997710706607501
vn -0.5680063993961662 0.45644116650986555 0.6848577894425354
vn -0.5978868694796884 0.5890689581972726 0.5436258398863673
vn -0.6047909304938528 0.6990591339791602 0.38150263117400146
vn -0.7216105389524794 0.6113147078896632 0.3249193099686256
vn -0.7048364933515033 0.6937866861923169 0.1478700500515228
vn -0.6609759856571978 0.749596826218808 -0.03486179150855702
vn -0.5917145239489281 0.7766003904899209 -0.21625391473634864
vn -0.49971384165575355 0.7737596090054433 -0.38933551588493936
vn -0.3885093908904073 0.7411836946519165 -0.547455189008287
vn -0.26237479199801456 0.6801245302641058 -0.6845364065241731
vn -0.1261572388505981 0.5929285277100013 -0.7953113303060907
vn 0.014908447097021361 0.482946639691818 -0.8755228617320833
vn 0.1554012146491097 0.35440534282985187 -0.9220885616139247
vn 0.2899219998881192 0.2122444815148354 -0.9332188993196463
vn 0.4133012224755108 0.061927172237615846 -0.9084861720680734
vn 0.5207975418311688 -0.09076995993436499 -0.8488408182905237
vn 0.6082798903932917 -0.23997885246475678 -0.756574996489326
vn 0.6723864033878444 -0.379965481619512 -0.6352344113135018
vn 0.7106534655479326 -0.5053502787017072 -0.4894821219624062
vn 0.7216105389524794 -0.6113147078896632 -0.3249193099686256
vn 0.7048364933515033 -0.6937866861923169 -0.1478700500515228
vn 0.6609759856571978 -0.749596826218808 0.03486179150855702
vn 0.5917145239489281 -0.7766003904899209 0.21625391473634864
vn 0.49971384165575355 -0.7737596090054433 0.38933551588493936
vn 0.3885093908904073 -0.7411836946519165 0.547455189008287
vn 0.26237479199801456 -0.6801245302641058 0.6845364065241731
vn 0.1261572388505981 -0.5929285277100013 0.7953113303060907
vn -0.014908447097021361 -0.482946639691818 0.8755228617320833
vn -0.1554012146491097 -0.35440534282985187 0.9220885616139247
vn -0.2899219998881192 -0.2122444815148354 0.9332188993196463
vn -0.4133012224755108 -0.061927172237615846 0.9084861720680734
vn -0.5207975418311688 0.09076995993436499 0.8488408182905237
vn -0.6082798903932917 0.23997885246475678 0.756574996489326
vn -0.6723864033878444 0.379965481619512 0.6352344113135018
vn -0.7106534655479326 0.5053502787017072 0.4894821219624062
vn -0.7216105389524794 0.6113147078896632 0.3249193099686256
vn -0.82023207151989 0.5075257285561928 0.2638882030400296
vn -0.8029146841969276 0.5897443332326281 0.08677344824859033
vn -0.7547417163169223 0.6492994324541284 -0.09367597699374873
vn -0.677564442428003 0.6839023235187878 -0.2705254853850794
vn -0.5743487403788087 0.6922232420057408 -0.43697884119524266
vn -0.4490611591153432 0.6739423928011927 -0.586639349651374
vn -0.30651640804352914 0.6297622901068932 -0.7137556651679998
vn -0.15219238658769516 0.5613808131131509 -0.8134427208680148
vn 0.007980291892828366 0.47142578123433687 -0.8818696319348458
vn 0.16784629123275588 0.3633540846579604 -0.9164068046898083
vn 0.3212620602637111 0.24131894011563457 -0.9157269559080274
vn 0.4623318990361954 0.11001002233278977 -0.8798562440080336
vn 0.5856345849371837 -0.025526519679197807 -0.8101731479866017
vn 0.6864316628104735 -0.1600820907601589 -0.7093555501362522
vn 0.7608495333978957 -0.2884857944756156 -0.5812778457106181
vn 0.8060284221080787 -0.40580314217299635 -0.4308619182017411
vn 0.82023207151989 -0.5075257285561928 -0.2638882030400296
vn 0.8029146841969276 -0.5897443332326281 -0.08677344824859033
vn 0.7547417163169223 -0.6492994324541284 0.09367597699374873
vn 0.677564442428003 -0.6839023235187878 0.2705254853850794
vn 0.5743487403788087 -0.6922232420057408 0.43697884119524266
vn 0.4490611591153432 -0.6739423928011927 0.586639349651374
vn 0.30651640804352914 -0.6297622901068932 0.7137556651679998
vn 0.15219238658769516 -0.5613808131131509 0.8134427208680148
vn -0.007980291892828366 -0.47142578123433687 0.8818696319348458
vn -0.16784629123275588 -0.3633540846579604 0.9164068046898083
vn -0.3212620602637111 -0.24131894011563457 0.9157269559080274
vn -0.4623318990361954 -0.11001002233278977 0.8798562440080336
vn -0.5856345849371837 0.025526519679197807 0.8101731479866017
vn -0.6864316628104735 0.1600820907601589 0.7093555501362522
vn -0.7608495333978957 0.2884857944756156 0.5812778457106181
vn -0.8060284221080787 0.40580314217299635 0.4308619182017411
vn -0.82023207151989 0.5075257285561928 0.2638882030400296
vn -0.8986684153158744 0.3905769318624166 0.1996114716407759
vn -0.8807270460920236 0.4730803037019209 0.022691331633842418
vn -0.8289397966538548 0.5374035246738513 -0.15510082266573305
vn -0.7452969064730348 0.581074544398776 -0.32693255428831036
vn -0.6330126465807308 0.6024152581175201 -0.4862004175811252
vn -0.49640205035163815 0.6006054821689827 -0.6267839015125177
vn -0.34071502303967144 0.5757147706031157 -0.7432804154452597
vn -0.17193451279579178 0.5286996289501358 -0.8312131048399455
vn 0.003453354289199333 0.46136688357468725 -0.887202723781174
vn 0.178708511542639 0.3763040961967316 -0.9090976268189106
vn 0.3470960048179477 0.27678010559547755 -0.896056436049636
vn 0.5021447585830373 0.16661963021080353 -0.8485803086661851
vn 0.6378964072368734 0.050056061749327765 -0.76849369829325
vn 0.7491340733743042 -0.06843113987413693 -0.658874281790653
vn 0.8315829068975957 -0.18428856201687058 -0.5239347238592788
vn 0.8820744730407016 -0.29306387826628033 -0.3688606610435645
vn 0.8986684153158744 -0.3905769318624166 -0.1996114716407759
vn 0.8807270460920236 -0.4730803037019209 -0.022691331633842418
vn 0.8289397966538548 -0.5374035246738513 0.15510082266573305
vn 0.7452969064730348 -0.581074544398776 0.32693255428831036
vn 0.6330126465807308 -0.6024152581175201 0.4862004175811252
vn 0.49640205035163815 -0.6006054821689827 0.6267839015125177
vn 0.34071502303967144 -0.5757147706031157 0.7432804154452597
vn 0.17193451279579178 -0.5286996289501358 0.8312131048399455
vn -0.003453354289199333 -0.46136688357468725 0.887202723781174
vn -0.178708511542639 -0.3763040961967316 0.9090976268189106
vn -0.3470960048179477 -0.27678010559547755 0.896056436049636
vn -0.5021447585830373 -0.16661963021080353 0.8485803086661851
vn -0.6378964072368734 -0.050056061749327765 0.76849369829325
vn -0.7491340733743042 0.06843113987413693 0.658874281790653
vn -0.8315829068975957 0.18428856201687058 0.5239347238592788
vn -0.8820744730407016 0.29306387826628033 0.3688606610435645
vn -0.8986684153158744 0.3905769318624166 0.1996114716407759
vn -0.9554049430269247 0.26361343423498096 0.1330764897739566
vn -0.9368474980032899 0.34704166282175564 -0.043345700489051314
vn -0.8822875254541559 0.41713328264643307 -0.21810214794126417
vn -0.7938217496653084 0.47119468307727247 -0.38447704794697074
vn -0.6748498397684464 0.5071483639666677 -0.5360767022455226
vn -0.5299438092552988 0.5236126040611935 -0.6670752580483251
vn -0.36467236508290046 0.5199546846451821 -0.7724384713751463
vn -0.185386761030279 0.4963152382023592 -0.8481172873859121
vn 0.001023148178268228 0.4536026381692867 -0.8912034559031223
vn 0.18739374030251207 0.3934583674081358 -0.9000411652874325
vn 0.36656289562964484 0.31819369755505594 -0.874290806530557
vn 0.5316452380627134 0.23070104405570396 -0.8149419421755449
vn 0.6762967800096816 0.13434267231528632 -0.7242753010725437
vn 0.7949585980345304 0.03282157358844576 -0.6057751824878204
vn 0.8830706033360693 -0.06996083380195431 -0.4639954646948672
vn 0.9372467103039707 -0.17005468368626545 -0.30438463919972897
vn 0.9554049430269247 -0.26361343423498096 -0.1330764897739566
vn 0.9368474980032899 -0.34704166282175564 0.043345700489051314
vn 0.8822875254541559 -0.41713328264643307 0.21810214794126417
vn 0.7938217496653084 -0.47119468307727247 0.38447704794697074
vn 0.6748498397684464 -0.5071483639666677 0.5360767022455226
vn 0.5299438092552988 -0.5236126040611935 0.6670752580483251
vn 0.36467236508290046 -0.5199546846451821 0.7724384713751463
vn 0.185386761030279 -0.4963152382023592 0.8481172873859121
vn -0.001023148178268228 -0.4536026381692867 0.8912034559031223
vn -0.18739374030251207 -0.3934583674081358 0.9000411652874325
vn -0.36656289562964484 -0.31819369755505594 0.874290806530557
vn -0.5316452380627134 -0.23070104405570396 0.8149419421755449
vn -0.6762967800096816 -0.13434267231528632 0.7242753010725437
vn -0.7949585980345304 -0.03282157358844576 0.6057751824878204
vn -0.8830706033360693 0.06996083380195431 0.4639954646948672
vn -0.9372467103039707 0.17005468368626545 0.30438463919972897
vn -0.9554049430269247 0.26361343423498096 0.1330764897739566
vn -0.989379667994108 0.12994937908680296 0.0651232019699825
vn -0.9703456680993412 0.21500095551215814 -0.11047114342534219
vn -0.9140218263282472 0.2917901799193369 -0.2818201410442771
vn -0.8225726483330965 0.3573660551666921 -0.44233894337812113
vn -0.6995124298006452 0.4092085704640898 -0.58585894754039
vn -0.5495703924404532 0.445325413156244 -0.7068646689077527
vn -0.37850862402431407 0.464328642500752 -0.8007060217661843
vn -0.19290101992876213 0.46548802781922344 -0.8637766450115523
vn 0.00011967584463135074 0.4487589256574071 -0.8936528477661234
vn 0.19313577258165274 0.41478429190950106 -0.8891864621857565
vn 0.3787297576828328 0.3648697109277474 -0.8505491547776677
vn 0.549769400685244 0.30093339038227773 -0.7792257058280452
vn 0.6996816930254143 0.22543239392117448 -0.6779570518964002
vn 0.8227056314561422 0.14126814987142164 -0.5506348643177764
vn 0.914113425097241 0.051675037834534275 -0.40215213106707565
vn 0.9703923636421772 -0.03990391340301932 -0.23821489936625048
vn 0.989379667994108 -0.12994937908680296 -0.0651232019699825
vn 0.9703456680993412 -0.21500095551215814 0.11047114342534219
vn 0.9140218263282472 -0.2917901799193369 0.2818201410442771
vn 0.8225726483330965 -0.3573660551666921 0.44233894337812113
vn 0.6995124298006452 -0.4092085704640898 0.58585894754039
vn 0.5495703924404532 -0.445325413156244 0.7068646689077527
vn 0.37850862402431407 -0.464328642500752 0.8007060217661843
vn 0.19290101992876213 -0.46548802781922344 0.8637766450115523
vn -0.00011967584463135074 -0.4487589256574071 0.8936528477661234
vn -0.19313577258165274 -0.41478429190950106 0.8891864621857565
vn -0.3787297576828328 -0.3648697109277474 0.8505491547776677
vn -0.549769400685244 -0.30093339038227773 0.7792257058280452
vn -0.6996816930254143 -0.22543239392117448 0.6779570518964002
vn -0.8227056314561422 -0.14126814987142164 0.5506348643177764
vn -0.914113425097241 -0.051675037834534275 0.40215213106707565
vn -0.9703923636421772 0.03990391340301932 0.23821489936625048
vn -0.989379667994108 0.12994937908680296 0.0651232019699825
vn -0.99996937538815 -0.006999878763700936 -0.00349999758951209
vn -0.9807552443667443 0.08038282933249884 -0.17792625268810125
vn -0.9238512435882497 0.1646764711161884 -0.3455148905346395
vn -0.8314441522754068 0.24264168973555872 -0.4998256016345128
vn -0.7070851369134402 0.3112823088089749 -0.6349282899498614
vn -0.55555320814423 0.36796054925151145 -0.7456310529445378
vn -0.3826717061920398 0.4104982532593845 -0.8276796175761897
vn -0.19508434681639117 0.4372607435835389 -0.8779209188463348
vn 0 0.4472195559545766 -0.8944242107477812
vn 0.195084350568372 0.4399919858598882 -0.8765552740942175
vn 0.3826717156380958 0.41585573750632054 -0.8250008264442349
vn 0.5555531998927973 0.37573838371383783 -0.7417420772027069
vn 0.7070851333089189 0.3211816552526395 -0.6299785381921221
vn 0.8314441491219108 0.2542820587756114 -0.4940053253516385
vn 0.9238512377624227 0.177610558590946 -0.33904775469224335
vn 0.9807552457900389 0.09411358605528176 -0.17106075170867033
vn 0.99996937538815 0.006999878763700936 0.00349999758951209
vn 0.9807552443667443 -0.08038282933249884 0.17792625268810125
vn 0.9238512435882497 -0.1646764711161884 0.3455148905346395
vn 0.8314441522754068 -0.24264168973555872 0.4998256016345128
vn 0.7070851369134402 -0.3112823088089749 0.6349282899498614
vn 0.55555320814423 -0.36796054925151145 0.7456310529445378
vn 0.3826717061920398 -0.4104982532593845 0.8276796175761897
vn 0.19508434681639117 -0.4372607435835389 0.8779209188463348
vn 0 -0.4472195559545766 0.8944242107477812
vn -0.195084350568372 -0.4399919858598882 0.8765552740942175
vn -0.3826717156380958 -0.41585573750632054 0.8250008264442349
vn -0.5555531998927973 -0.37573838371383783 0.7417420772027069
vn -0.7070851333089189 -0.3211816552526395 0.6299785381921221
vn -0.8314441491219108 -0.2542820587756114 0.4940053253516385
vn -0.9238512377624227 -0.177610558590946 0.33904775469224335
vn -0.9807552457900389 -0.09411358605528176 0.17106075170867033
vn -0.99996937538815 -0.006999878763700936 -0.00349999758951209
f 1/1/1 34/34/34 2/2/2
f 34/34/34 35/35/35 2/2/2
f 2/2/2 35/35/35 3/3/3
f 35/35/35 36/36/36 3/3/3
f 3/3/3 36/36/36 4/4/4
f 36/36/36 37/37/37 4/4/4
f 4/4/4 37/37/37 5/5/5
f 37/37/37 38/38/38 5/5/5
f 5/5/5 38/38/38 6/6/6
f 38/38/38 39/39/39 6/6/6
f 6/6/6 39/39/39 7/7/7
f 39/39/39 40/40/40 7/7/7
f 7/7/7 40/40/40 8/8/8
f 40/40/40 41/41/41 8/8/8
f 8/8/8 41/41/41 9/9/9
f 41/41/41 42/42/42 9/9/9
f 9/9/9 42/42/42 10/10/10
f 42/42/42 43/43/43 10/10/10
f 10/10/10 43/43/43 11/11/11
f 43/43/43 44/44/44 11/11/11
f 11/11/11 44/44/44 12/12/12
f 44/44/44 45/45/45 12/12/12
f 12/12/12 45/45/45 13/13/13
f 45/45/45 46/46/46 13/13/13
f 13/13/13 46/46/46 14/14/14
f 46/46/46 47/47/47 14/14/14
f 14/14/14 47/47/47 15/15/15
f 47/47/47 48/48/48 15/15/15
f 15/15/15 48/48/48 16/16/16
f 48/48/48 49/49/49 16/16/16
f 16/16/16 49/49/49 17/17/17
f 49/49/49 50/50/50 17/17/17
f 17/17/17 50/50/50 18/18/18
f 50/50/50 51/51/51 18/18/18
f 18/18/18 51/51/51 19/19/19
f 51/51/51 52/52/52 19/19/19
f 19/19/19 52/52/52 20/20/20
f 52/52/52 53/53/53 20/20/20
f 20/20/20 53/53/53 21/21/21
f 53/53/53 54/54/54 21/21/21
f 21/21/21 54/54/54 22/22/22
f 54/54/54 55/55/55 22/22/22
f 22/22/22 55/55/55 23/23/23
f 55/55/55 56/56/56 23/23/23
f 23/23/23 56/56/56 24/24/24
f 56/56/56 57/57/57 24/24/24
f 24/24/24 57/57/57 25/25/25
f 57/57/57 58/58/58 25/25/25
f 25/25/25 58/58/58 26/26/26
f 58/58/58 59/59/59 26/26/26
f 26/26/26 59/59/59 27/27/27
f 59/59/59 60/60/60 27/27/27
f 27/27/27 60/60/60 28/28/28
f 60/60/60 61/61/61 28/28/28
f 28/28/28 61/61/61 29/29/29
f 61/61/61 62/62/62 29/29/29
f 29/29/29 62/62/62 30/30/30
f 62/62/62 63/63/63 30/30/30
f 30/30/30 63/63/63 31/31/31
f 63/63/63 64/64/64 31/31/31
f 31/31/31 64/64/64 32/32/32
f 64/64/64 65/65/65 32/32/32
f 32/32/32 65/65/65 33/33/33
f 65/65/65 66/66/66 33/33/33
f 34/34/34 67/67/67 35/35/35
f 67/67/67 68/68/68 35/35/35
f 35/35/35 68/68/68 36/36/36
f 68/68/68 69/69/69 36/36/36
f 36/36/36 69/69/69 37/37/37
f 69/69/69 70/70/70 37/37/37
f 37/37/37 70/70/70 38/38/38
f 70/70/70 71/71/71 38/38/38
f 38/38/38 71/71/71 39/39/39
f 71/71/71 72/72/72 39/39/39
f 39/39/39 72/72/72 40/40/40
f 72/72/72 73/73/73 40/40/40
f 40/40/40 73/73/73 41/41/41
f 73/73/73 74/74/74 41/41/41
f 41/41/41 74/74/74 42/42/42
f 74/74/74 75/75/75 42/42/42
f 42/42/42 75/75/75 43/43/43
f 75/75/75 76/76/76 43/43/43
f 43/43/43 76/76/76 44/44/44
f 76/76/76 77/77/77 44/44/44
f 44/44/44 77/77/77 45/45/45
f 77/77/77 78/78/78 45/45/45
f 45/45/45 78/78/78 46/46/46
f 78/78/78 79/79/79 46/46/46
f 46/46/46 79/79/79 47/47/47
f 79/79/79 80/80/80 47/47/47
f 47/47/47 80/80/80 48/48/48
f 80/80/80 81/81/81 48/48/48
f 48/48/48 81/81/81 49/49/49
f 81/81/81 82/82/82 49/49/49
f 49/49/49 82/82/82 50/50/50
f 82/82/82 83/83/83 50/50/50
f 50/50/50 83/83/83 51/51/51
f 83/83/83 84/84/84 51/51/51
f 51/51/51 84/84/84 52/52/52
f 84/84/84 85/85/85 52/52/52
f 52/52/52 85/85/85 53/53/53
f 85/85/85 86/86/86 53/53/53
f 53/53/53 86/86/86 54/54/54
f 86/86/86 87/87/87 54/54/54
f 54/54/54 87/87/87 55/55/55
f 87/87/87 88/88/88 55/55/55
f 55/55/55 88/88/88 56/56/56
f 88/88/88 89/89/89 56/56/56
f 56/56/56 89/89/89 57/57/57
f 89/89/89 90/90/90 57/57/57
f 57/57/57 90/90/90 58/58/58
f 90/90/90 91/91/91 58/58/58
f 58/58/58 91/91/91 59/59/59
f 91/91/91 92/92/92 59/59/59
f 59/59/59 92/92/92 60/60/60
f 92/92/92 93/93/93 60/60/60
f 60/60/60 93/93/93 61/61/61
f 93/93/93 94/94/94 61/61/61
f 61/61/61 94/94/94 62/62/62
f 94/94/94 95/95/95 62/62/62
f 62/62/62 95/95/95 63/63/63
f 95/95/95 96/96/96 63/63/63
f 63/63/63 96/96/96 64/64/64
f 96/96/96 97/97/97 64/64/64
f 64/64/64 97/97/97 65/65/65
f 97/97/97 98/98/98 65/65/65
f 65/65/65 98/98/98 66/66/66
f 98/98/98 99/99/99 66/66/66
f 67/67/67 100/100/100 68/68/68
f 100/100/100 101/101/101 68/68/68
f 68/68/68 101/101/101 69/69/69
f 101/101/101 102/102/102 69/69/69
f 69/69/69 102/102/102 70/70/70
f 102/102/102 103/103/103 70/70/70
f 70/70/70 103/103/103 71/71/71
f 103/103/103 104/104/104 71/71/71
f 71/71/71 104/104/104 72/72/72
f 104/104/104 105/105/105 72/72/72
f 72/72/72 105/105/105 73/73/73
f 105/105/105 106/106/106 73/73/73
f 73/73/73 106/106/106 74/74/74
f 106/106/106 107/107/107 74/74/74
f 74/74/74 107/107/107 75/75/75
f 107/107/107 108/108/108 75/75/75
f 75/75/75 108/108/108 76/76/76
f 108/108/108 109/109/109 76/76/76
f 76/76/76 109/109/109 77/77/77
f 109/109/109 110/110/110 77/77/77
f 77/77/77 110/110/110 78/78/78
f 110/110/110 111/111/111 78/78/78
f 78/78/78 111/111/111 79/79/79
f 111/111/111 112/112/112 79/79/79
f 79/79/79 112/112/112 80/80/80
f 112/112/112 113/113/113 80/80/80
f 80/80/80 113/113/113 81/81/81
f 113/113/113 114/114/114 81/81/81
f 81/81/81 114/114/114 82/82/82
f 114/114/114 115/115/115 82/82/82
f 82/82/82 115/115/115 83/83/83
f 115/115/115 116/116/116 83/83/83
f 83/83/83 116/116/116 84/84/84
f 116/116/116 117/117/117 84/84/84
f 84/84/84 117/117/117 85/85/85
f 117/117/117 118/118/118 85/85/85
f 85/85/85 118/118/118 86/86/86
f 118/118/118 119/119/119 86/86/86
f 86/86/86 119/119/119 87/87/87
f 119/119/119 120/120/120 87/87/87
f 87/87/87 120/120/120 88/88/88
f 120/120/120 121/121/121 88/88/88
f 88/88/88 121/121/121 89/89/89
f 121/121/121 122/122/122 89/89/89
f 89/89/89 122/122/122 90/90/90
f 122/122/122 123/123/123 90/90/90
f 90/90/90 123/123/123 91/91/91
f 123/123/123 124/124/124 91/91/91
f 91/91/91 124/124/124 92/92/92
f 124/124/124 125/125/125 92/92/92
f 92/92/92 125/125/125 93/93/93
f 125/125/125 126/126/126 93/93/93
f 93/93/93 126/126/126 94/94/94
f 126/126/126 127/127/127 94/94/94
f 94/94/94 127/127/127 95/95/95
f 127/127/127 128/128/128 95/95/95
f 95/95/95 128/128/128 96/96/96
f 128/128/128 129/129/129 96/96/96
f 96/96/96 129/129/129 97/97/97
f 129/129/129 130/130/130 97/97/97
f 97/97/97 130/130/130 98/98/98
f 130/130/130 131/131/131 98/98/98
f 98/98/98 131/131/131 99/99/99
f 131/131/131 132/132/132 99/99/99
f 100/100/100 133/133/133 101/101/101
f 133/133/133 134/134/134 101/101/101
f 101/101/101 134/134/134 102/102/102
f 134/134/134 135/135/135 102/102/102
f 102/102/102 135/135/135 103/103/103
f 135/135/135 136/136/136 103/103/103
f 103/103/103 136/136/136 104/104/104
f 136/136/136 137/137/137 104/104/104
f 104/104/104 137/137/137 105/105/105
f 137/137/137 138/138/138 105/105/105
f 105/105/105 138/138/138 106/106/106
f 138/138/138 139/139/139 106/106/106
f 106/106/106 139/139/139 107/107/107
f 139/139/139 140/140/140 107/107/107
f 107/107/107 140/140/140 108/108/108
f 140/140/140 141/141/141 108/108/108
f 108/108/108 141/141/141 109/109/109
f 141/141/141 142/142/142 109/109/109
f 109/109/109 142/142/142 110/110/110
f 142/142/142 143/143/143 110/110/110
f 110/110/110 143/143/143 111/111/111
f 143/143/143 144/144/144 111/111/111
f 111/111/111 144/144/144 112/112/112
f 144/144/144 145/145/145 112/112/112
f 112/112/112 145/145/145 113/113/113
f 145/145/145 146/146/146 113/113/113
f 113/113/113 146/146/146 114/114/114
f 146/146/146 147/147/147 114/114/114
f 114/114/114 147/147/147 115/115/115
f 147/147/147 148/148/148 115/115/115
f 115/115/115 148/148/148 116/116/116
f 148/148/148 149/149/149 116/116/116
f 116/116/116 149/149/149 117/117/117
f 149/149/149 150/150/150 117/117/117
f 117/117/117 150/150/150 118/118/118
f 150/150/150 151/151/151 118/118/118
f 118/118/118 151/151/151 119/119/119
f 151/151/151 152/152/152 119/119/119
f 119/119/119 152/152/152 120/120/120
f 152/152/152 153/153/153 120/120/120
f 120/120/120 153/153/153 121/121/121
f 153/153/153 154/154/154 121/121/121
f 121/121/121 154/154/154 122/122/122
f 154/154/154 155/155/155 122/122/122
f 122/122/122 155/155/155 123/123/123
f 155/155/155 156/156/156 123/123/123
f 123/123/123 156/156/156 124/124/124
f 156/156/156 157/157/157 124/124/124
f 124/124/124 157/157/157 125/125/125
f 157/157/157 158/158/158 125/125/125
f 125/125/125 158/158/158 126/126/126
f 158/158/158 159/159/159 126/126/126
f 126/126/126 159/159/159 127/127/127
f 159/159/159 160/160/160 127/127/127
f 127/127/127 160/160/160 128/128/128
f 160/160/160 161/161/161 128/128/128
f 128/128/128 161/161/161 129/129/129
f 161/161/161 162/162/162 129/129/129
f 129/129/129 162/162/162 130/130/130
f 162/162/162 163/163/163 130/130/130
f 130/130/130 163/163/163 131/131/131
f 163/163/163 164/164/164 131/131/131
f 131/131/131 164/164/164 132/132/132
f 164/164/164 165/165/165 132/132/132
f 133/133/133 166/166/166 134/134/134
f 166/166/166 167/167/167 134/134/134
f 134/134/134 167/167/167 135/135/135
f 167/167/167 168/168/168 135/135/135
f 135/135/135 168/168/168 136/136/136
f 168/168/168 169/169/169 136/136/136
f 136/136/136 169/169/169 137/137/137
f 169/169/169 170/170/170 137/137/137
f 137/137/137 170/170/170 138/138/138
f 170/170/170 171/171/171 138/138/138
f 138/138/138 171/171/171 139/139/139
f 171/171/171 172/172/172 139/139/139
f 139/139/139 172/172/172 140/140/140
f 172/172/172 173/173/173 140/140/140
f 140/140/140 173/173/173 141/141/141
f 173/173/173 174/174/174 141/141/141
f 141/141/141 174/174/174 142/142/142
f 174/174/174 175/175/175 142/142/142
f 142/142/142 175/175/175 143/143/143
f 175/175/175 176/176/176 143/143/143
f 143/143/143 176/176/176 144/144/144
f 176/176/176 177/177/177 144/144/144
f 144/144/144 177/177/177 145/145/145
f 177/177/177 178/178/178 145/145/145
f 145/145/145 178/178/178 146/146/146
f 178/178/178 179/179/179 146/146/146
f 146/146/146 179/179/179 147/147/147
f 179/179/179 180/180/180 147/147/147
f 147/147/147 180/180/180 148/148/148
f 180/180/180 181/181/181 148/148/148
f 148/148/148 181/181/181 149/149/149
f 181/181/181 182/182/182 149/149/149
f 149/149/149 182/182/182 150/150/150
f 182/182/182 183/183/183 150/150/150
f 150/150/150 183/183/183 151/151/151
f 183/183/183 184/184/184 151/151/151
f 151/151/151 184/184/184 152/152/152
f 184/184/184 185/185/185 152/152/152
f 152/152/152 185/185/185 153/153/153
f 185/185/185 186/186/186 153/153/153
f 153/153/153 186/186/186 154/154/154
f 186/186/186 187/187/187 154/154/154
f 154/154/154 187/187/187 155/155/155
f 187/187/187 188/188/188 155/155/155
f 155/155/155 188/188/188 156/156/156
f 188/188/188 189/189/189 156/156/156
f 156/156/156 189/189/189 157/157/157
f 189/189/189 190/190/190 157/157/157
f 157/157/157 190/190/190 158/158/158
f 190/190/190 191/191/191 158/158/158
f 158/158/158 191/191/191 159/159/159
f 191/191/191 192/192/192 159/159/159
f 159/159/159 192/192/192 160/160/160
f 192/192/192 193/193/193 160/160/160
f 160/160/160 193/193/193 161/161/161
f 193/193/193 194/194/194 161/161/161
f 161/161/161 194/194/194 162/162/162
f 194/194/194 195/195/195 162/162/162
f 162/162/162 195/195/195 163/163/163
f 195/195/195 196/196/196 163/163/163
f 163/163/163 196/196/196 164/164/164
f 196/196/196 197/197/197 164/164/164
f 164/164/164 197/197/197 165/165/165
f 197/197/197 198/198/198 165/165/165
f 166/166/166 199/199/199 167/167/167
f 199/199/199 200/200/200 167/167/167
f 167/167/167 200/200/200 168/168/168
f 200/200/200 201/201/201 168/168/168
f 168/168/168 201/201/201 169/169/169
f 201/201/201 202/202/202 169/169/169
f 169/169/169 202/202/202 170/170/170
f 202/202/202 203/203/203 170/170/170
f 170/170/170 203/203/203 171/171/171
f 203/203/203 204/204/204 171/171/171
f 171/171/171 204/204/204 172/172/172
f 204/204/204 205/205/205 172/172/172
f 172/172/172 205/205/205 173/173/173
f 205/205/205 206/206/206 173/173/173
f 173/173/173 206/206/206 174/174/174
f 206/206/206 207/207/207 174/174/174
f 174/174/174 207/207/207 175/175/175
f 207/207/207 208/208/208 175/175/175
f 175/175/175 208/208/208 176/176/176
f 208/208/208 209/209/209 176/176/176
f 176/176/176 209/209/209 177/177/177
f 209/209/209 210/210/210 177/177/177
f 177/177/177 210/210/210 178/178/178
f 210/210/210 211/211/211 178/178/178
f 178/178/178 211/211/211 179/179/179
f 211/211/211 212/212/212 179/179/179
f 179/179/179 212/212/212 180/180/180
f 212/212/212 213/213/213 180/180/180
f 180/180/180 213/213/213 181/181/181
f 213/213/213 214/214/214 181/181/181
f 181/181/181 214/214/214 182/182/182
f 214/214/214 215/215/215 182/182/182
f 182/182/182 215/215/215 183/183/183
f 215/215/215 216/216/216 183/183/183
f 183/183/183 216/216/216 184/184/184
f 216/216/216 217/217/217 184/184/184
f 184/184/184 217/217/217 185/185/185
f 217/217/217 218/218/218 185/185/185
f 185/185/185 218/218/218 186/186/186
f 218/218/218 219/219/219 186/186/186
f 186/186/186 219/219/219 187/187/187
f 219/219/219 220/220/220 187/187/187
f 187/187/187 220/220/220 188/188/188
f 220/220/220 221/221/221 188/188/188
f 188/188/188 221/221/221 189/189/189
f 221/221/221 222/222/222 189/189/189
f 189/189/189 222/222/222 190/190/190
f 222/222/222 223/223/223 190/190/190
f 190/190/190 223/223/223 191/191/191
f 223/223/223 224/224/224 191/191/191
f 191/191/191 224/224/224 192/192/192
f 224/224/224 225/225/225 192/192/192
f 192/192/192 225/225/225 193/193/193
f 225/225/225 226/226/226 193/193/193
f 193/193/193 226/226/226 194/194/194
f 226/226/226 227/227/227 194/194/194
f 194/194/194 227/227/227 195/195/195
f 227/227/227 228/228/228 195/195/195
f 195/195/195 228/228/228 196/196/196
f 228/228/228 229/229/229 196/196/196
f 196/196/196 229/229/229 197/197/197
f 229/229/229 230/230/230 197/197/197
f 197/197/197 230/230/230 198/198/198
f 230/230/230 231/231/231 198/198/198
f 199/199/199 232/232/232 200/200/200
f 232/232/232 233/233/233 200/200/200
f 200/200/200 233/233/233 201/201/201
f 233/233/233 234/234/234 201/201/201
f 201/201/201 234/234/234 202/202/202
f 234/234/234 235/235/235 202/202/202
f 202/202/202 235/235/235 203/203/203
f 235/235/235 236/236/236 203/203/203
f 203/203/203 236/236/236 204/204/204
f 236/236/236 237/237/237 204/204/204
f 204/204/204 237/237/237 205/205/205
f 237/237/237 238/238/238 205/205/205
f 205/205/205 238/238/238 206/206/206
f 238/238/238 239/239/239 206/206/206
f 206/206/206 239/239/239 207/207/207
f 239/239/239 240/240/240 207/207/207
f 207/207/207 240/240/240 208/208/208
f 240/240/240 241/241/241 208/208/208
f 208/208/208 241/241/241 209/209/209
f 241/241/241 242/242/242 209/209/209
f 209/209/209 242/242/242 210/210/210
f 242/242/242 243/243/243 210/210/210
f 210/210/210 243/243/243 211/211/211
f 243/243/243 244/244/244 211/211/211
f 211/211/211 244/244/244 212/212/212
f 244/244/244 245/245/245 212/212/212
f 212/212/212 245/245/245 213/213/213
f 245/245/245 246/246/246 213/213/213
f 213/213/213 246/246/246 214/214/214
f 246/246/246 247/247/247 214/214/214
f 214/214/214 247/247/247 215/215/215
f 247/247/247 248/248/248 215/215/215
f 215/215/215 248/248/248 216/216/216
f 248/248/248 249/249/249 216/216/216
f 216/216/216 249/249/249 217/217/217
f 249/249/249 250/250/250 217/217/217
f 217/217/217 250/250/250 218/218/218
f 250/250/250 251/251/251 218/218/218
f 218/218/218 251/251/251 219/219/219
f 251/251/251 252/252/252 219/219/219
f 219/219/219 252/252/252 220/220/220
f 252/252/252 253/253/253 220/220/220
f 220/220/220 253/253/253 221/221/221
f 253/253/253 254/254/254 221/221/221
f 221/221/221 254/254/254 222/222/222
f 254/254/254 255/255/255 222/222/222
f 222/222/222 255/255/255 223/223/223
f 255/255/255 256/256/256 223/223/223
f 223/223/223 256/256/256 224/224/224
f 256/256/256 257/257/257 224/224/224
f 224/224/224 257/257/257 225/225/225
f 257/257/257 258/258/258 225/225/225
f 225/225/225 258/258/258 226/226/226
f 258/258/258 259/259/259 226/226/226
f 226/226/226 259/259/259 227/227/227
f 259/259/259 260/260/260 227/227/227
f 227/227/227 260/260/260 228/228/228
f 260/260/260 261/261/261 228/228/228
f 228/228/228 261/261/261 229/229/229
f 261/261/261 262/262/262 229/229/229
f 229/229/229 262/262/262 230/230/230
f 262/262/262 263/263/263 230/230/230
f 230/230/230 263/263/263 231/231/231
f 263/263/263 264/264/264 231/231/231
f 232/232/232 265/265/265 233/233/233
f 265/265/265 266/266/266 233/233/233
f 233/233/233 266/266/266 234/234/234
f 266/266/266 267/267/267 234/234/234
f 234/234/234 267/267/267 235/235/235
f 267/267/267 268/268/268 235/235/235
f 235/235/235 268/268/268 236/236/236
f 268/268/268 269/269/269 236/236/236
f 236/236/236 269/269/269 237/237/237
f 269/269/269 270/270/270 237/237/237
f 237/237/237 270/270/270 238/238/238
f 270/270/270 271/271/271 238/238/238
f 238/238/238 271/271/271 239/239/239
f 271/271/271 272/272/272 239/239/239
f 239/239/239 272/272/272 240/240/240
f 272/272/272 273/273/273 240/240/240
f 240/240/240 273/273/273 241/241/241
f 273/273/273 274/274/274 241/241/241
f 241/241/241 274/274/274 242/242/242
f 274/274/274 275/275/275 242/242/242
f 242/242/242 275/275/275 243/243/243
f 275/275/275 276/276/276 243/243/243
f 243/243/243 276/276/276 244/244/244
f 276/276/276 277/277/277 244/244/244
f 244/244/244 277/277/277 245/245/245
f 277/277/277 278/278/278 245/245/245
f 245/245/245 278/278/278 246/246/246
f 278/278/278 279/279/279 246/246/246
f 246/246/246 279/279/279 247/247/247
f 279/279/279 280/280/280 247/247/247
f 247/247/247 280/280/280 248/248/248
f 280/280/280 281/281/281 248/248/248
f 248/248/248 281/281/281 249/249/249
f 281/281/281 282/282/282 249/249/249
f 249/249/249 282/282/282 250/250/250
f 282/282/282 283/283/283 250/250/250
f 250/250/250 283/283/283 251/251/251
f 283/283/283 284/284/284 251/251/251
f 251/251/251 284/284/284 252/252/252
f 284/284/284 285/285/285 252/252/252
f 252/252/252 285/285/285 253/253/253
f 285/285/285 286/286/286 253/253/253
f 253/253/253 286/286/286 254/254/254
f 286/286/286 287/287/287 254/254/254
f 254/254/254 287/287/287 255/255/255
f 287/287/287 288/288/288 255/255/255
f 255/255/255 288/288/288 256/256/256
f 288/288/288 289/289/289 256/256/256
f 256/256/256 289/289/289 257/257/257
f 289/289/289 290/290/290 257/257/257
f 257/257/257 290/290/290 258/258/258
f 290/290/290 291/291/291 258/258/258
f 258/258/258 291/291/291 259/259/259
f 291/291/291 292/292/292 259/259/259
f 259/259/259 292/292/292 260/260/260
f 292/292/292 293/293/293 260/260/260
f 260/260/260 293/293/293 261/261/261
f 293/293/293 294/294/294 261/261/261
f 261/261/261 294/294/294 262/262/262
f 294/294/294 295/295/295 262/262/262
f 262/262/262 295/295/295 263/263/263
f 295/295/295 296/296/296 263/263/263
f 263/263/263 296/296/296 264/264/264
f 296/296/296 297/297/297 264/264/264
f 265/265/265 298/298/298 266/266/266
f 298/298/298 299/299/299 266/266/266
f 266/266/266 299/299/299 267/267/267
f 299/299/299 300/300/300 267/267/267
f 267/267/267 300/300/300 268/268/268
f 300/300/300 301/301/301 268/268/268
f 268/268/268 301/301/301 269/269/269
f 301/301/301 302/302/302 269/269/269
f 269/269/269 302/302/302 270/270/270
f 302/302/302 303/303/303 270/270/270
f 270/270/270 303/303/303 271/271/271
f 303/303/303 304/304/304 271/271/271
f 271/271/271 304/304/304 272/272/272
f 304/304/304 305/305/305 272/272/272
f 272/272/272 305/305/305 273/273/273
f 305/305/305 306/306/306 273/273/273
f 273/273/273 306/306/306 274/274/274
f 306/306/306 307/307/307 274/274/274
f 274/274/274 307/307/307 275/275/275
f 307/307/307 308/308/308 275/275/275
f 275/275/275 308/308/308 276/276/276
f 308/308/308 309/309/309 276/276/276
f 276/276/276 309/309/309 277/277/277
f 309/309/309 310/310/310 277/277/277
f 277/277/277 310/310/310 278/278/278
f 310/310/310 311/311/311 278/278/278
f 278/278/278 311/311/311 279/279/279
f 311/311/311 312/312/312 279/279/279
f 279/279/279 312/312/312 280/280/280
f 312/312/312 313/313/313 280/280/280
f 280/280/280 313/313/313 281/281/281
f 313/313/313 314/314/314 281/281/281
f 281/281/281 314/314/314 282/282/282
f 314/314/314 315/315/315 282/282/282
f 282/282/282 315/315/315 283/283/283
f 315/315/315 316/316/316 283/283/283
f 283/283/283 316/316/316 284/284/284
f 316/316/316 317/317/317 284/284/284
f 284/284/284 317/317/317 285/285/285
f 317/317/317 318/318/318 285/285/285
f 285/285/285 318/318/318 286/286/286
f 318/318/318 319/319/319 286/286/286
f 286/286/286 319/319/319 287/287/287
f 319/319/319 320/320/320 287/287/287
f 287/287/287 320/320/320 288/288/288
f 320/320/320 321/321/321 288/288/288
f 288/288/288 321/321/321 289/289/289
f 321/321/321 322/322/322 289/289/289
f 289/289/289 322/322/322 290/290/290
f 322/322/322 323/323/323 290/290/290
f 290/290/290 323/323/323 291/291/291
f 323/323/323 324/324/324 291/291/291
f 291/291/291 324/324/324 292/292/292
f 324/324/324 325/325/325 292/292/292
f 292/292/292 325/325/325 293/293/293
f 325/325/325 326/326/326 293/293/293
f 293/293/293 326/326/326 294/294/294
f 326/326/326 327/327/327 294/294/294
f 294/294/294 327/327/327 295/295/295
f 327/327/327 328/328/328 295/295/295
f 295/295/295 328/328/328 296/296/296
f 328/328/328 329/329/329 296/296/296
f 296/296/296 329/329/329 297/297/297
f 329/329/329 330/330/330 297/297/297
f 298/298/298 331/331/331 299/299/299
f 331/331/331 332/332/332 299/299/299
f 299/299/299 332/332/332 300/300/300
f 332/332/332 333/333/333 300/300/300
f 300/300/300 333/333/333 301/301/301
f 333/333/333 334/334/334 301/301/301
f 301/301/301 334/334/334 302/302/302
f 334/334/334 335/335/335 302/302/302
f 302/302/302 335/335/335 303/303/303
f 335/335/335 336/336/336 303/303/303
f 303/303/303 336/336/336 304/304/304
f 336/336/336 337/337/337 304/304/304
f 304/304/304 337/337/337 305/305/305
f 337/337/337 338/338/338 305/305/305
f 305/305/305 338/338/338 306/306/306
f 338/338/338 339/339/339 306/306/306
f 306/306/306 339/339/339 307/307/307
f 339/339/339 340/340/340 307/307/307
f 307/307/307 340/340/340 308/308/308
f 340/340/340 341/341/341 308/308/308
f 308/308/308 341/341/341 309/309/309
f 341/341/341 342/342/342 309/309/309
f 309/309/309 342/342/342 310/310/310
f 342/342/342 343/343/343 310/310/310
f 310/310/310 343/343/343 311/311/311
f 343/343/343 344/344/344 311/311/311
f 311/311/311 344/344/344 312/312/312
f 344/344/344 345/345/345 312/312/312
f 312/312/312 345/345/345 313/313/313
f 345/345/345 346/346/346 313/313/313
f 313/313/313 346/346/346 314/314/314
f 346/346/346 347/347/347 314/314/314
f 314/314/314 347/347/347 315/315/315
f 347/347/347 348/348/348 315/315/315
f 315/315/315 348/348/348 316/316/316
f 348/348/348 349/349/349 316/316/316
f 316/316/316 349/349/349 317/317/317
f 349/349/349 350/350/350 317/317/317
f 317/317/317 350/350/350 318/318/318
f 350/350/350 351/351/351 318/318/318
f 318/318/318 351/351/351 319/319/319
f 351/351/351 352/352/352 319/319/319
f 319/319/319 352/352/352 320/320/320
f 352/352/352 353/353/353 320/320/320
f 320/320/320 353/353/353 321/321/321
f 353/353/353 354/354/354 321/321/321
f 321/321/321 354/354/354 322/322/322
f 354/354/354 355/355/355 322/322/322
f 322/322/322 355/355/355 323/323/323
f 355/355/355 356/356/356 323/323/323
f 323/323/323 356/356/356 324/324/324
f 356/356/356 357/357/357 324/324/324
f 324/324/324 357/357/357 325/325/325
f 357/357/357 358/358/358 325/325/325
f 325/325/325 358/358/358 326/326/326
f 358/358/358 359/359/359 326/326/326
f 326/326/326 359/359/359 327/327/327
f 359/359/359 360/360/360 327/327/327
f 327/327/327 360/360/360 328/328/328
f 360/360/360 361/361/361 328/328/328
f 328/328/328 361/361/361 329/329/329
f 361/361/361 362/362/362 329/329/329
f 329/329/329 362/362/362 330/330/330
f 362/362/362 363/363/363 330/330/330
f 331/331/331 364/364/364 332/332/332
f 364/364/364 365/365/365 332/332/332
f 332/332/332 365/365/365 333/333/333
f 365/365/365 366/366/366 333/333/333
f 333/333/333 366/366/366 334/334/334
f 366/366/366 367/367/367 334/334/334
f 334/334/334 367/367/367 335/335/335
f 367/367/367 368/368/368 335/335/335
f 335/335/335 368/368/368 336/336/336
f 368/368/368 369/369/369 336/336/336
f 336/336/336 369/369/369 337/337/337
f 369/369/369 370/370/370 337/337/337
f 337/337/337 370/370/370 338/338/338
f 370/370/370 371/371/371 338/338/338
f 338/338/338 371/371/371 339/339/339
f 371/371/371 372/372/372 339/339/339
f 339/339/339 372/372/372 340/340/340
f 372/372/372 373/373/373 340/340/340
f 340/340/340 373/373/373 341/341/341
f 373/373/373 374/374/374 341/341/341
f 341/341/341 374/374/374 342/342/342
f 374/374/374 375/375/375 342/342/342
f 342/342/342 375/375/375 343/343/343
f 375/375/375 376/376/376 343/343/343
f 343/343/343 376/376/376 344/344/344
f 376/376/376 377/377/377 344/344/344
f 344/344/344 377/377/377 345/345/345
f 377/377/377 378/378/378 345/345/345
f 345/345/345 378/378/378 346/346/346
f 378/378/378 379/379/379 346/346/346
f 346/346/346 379/379/379 347/347/347
f 379/379/379 380/380/380 347/347/347
f 347/347/347 380/380/380 348/348/348
f 380/380/380 381/381/381 348/348/348
f 348/348/348 381/381/381 349/349/349
f 381/381/381 382/382/382 349/349/349
f 349/349/349 382/382/382 350/350/350
f 382/382/382 383/383/383 350/350/350
f 350/350/350 383/383/383 351/351/351
f 383/383/383 384/384/384 351/351/351
f 351/351/351 384/384/384 352/352/352
f 384/384/384 385/385/385 352/352/352
f 352/352/352 385/385/385 353/353/353
f 385/385/385 386/386/386 353/353/353
f 353/353/353 386/386/386 354/354/354
f 386/386/386 387/387/387 354/354/354
f 354/354/354 387/387/387 355/355/355
f 387/387/387 388/388/388 355/355/355
f 355/355/355 388/388/388 356/356/356
f 388/388/388 389/389/389 356/356/356
f 356/356/356 389/389/389 357/357/357
f 389/389/389 390/390/390 357/357/357
f 357/357/357 390/390/390 358/358/358
f 390/390/390 391/391/391 358/358/358
f 358/358/358 391/391/391 359/359/359
f 391/391/391 392/392/392 359/359/359
f 359/359/359 392/392/392 360/360/360
f 392/392/392 393/393/393 360/360/360
f 360/360/360 393/393/393 361/361/361
f 393/393/393 394/394/394 361/361/361
f 361/361/361 394/394/394 362/362/362
f 394/394/394 395/395/395 362/362/362
f 362/362/362 395/395/395 363/363/363
f 395/395/395 396/396/396 363/363/363
f 364/364/364 397/397/397 365/365/365
f 397/397/397 398/398/398 365/365/365
f 365/365/365 398/398/398 366/366/366
f 398/398/398 399/399/399 366/366/366
f 366/366/366 399/399/399 367/367/367
f 399/399/399 400/400/400 367/367/367
f 367/367/367 400/400/400 368/368/368
f 400/400/400 401/401/401 368/368/368
f 368/368/368 401/401/401 369/369/369
f 401/401/401 402/402/402 369/369/369
f 369/369/369 402/402/402 370/370/370
f 402/402/402 403/403/403 370/370/370
f 370/370/370 403/403/403 371/371/371
f 403/403/403 404/404/404 371/371/371
f 371/371/371 404/404/404 372/372/372
f 404/404/404 405/405/405 372/372/372
f 372/372/372 405/405/405 373/373/373
f 405/405/405 406/406/406 373/373/373
f 373/373/373 406/406/406 374/374/374
f 406/406/406 407/407/407 374/374/374
f 374/374/374 407/407/407 375/375/375
f 407/407/407 408/408/408 375/375/375
f 375/375/375 408/408/408 376/376/376
f 408/408/408 409/409/409 376/376/376
f 376/376/376 409/409/409 377/377/377
f 409/409/409 410/410/410 377/377/377
f 377/377/377 410/410/410 378/378/378
f 410/410/410 411/411/411 378/378/378
f 378/378/378 411/411/411 379/379/379
f 411/411/411 412/412/412 379/379/379
f 379/379/379 412/412/412 380/380/380
f 412/412/412 413/413/413 380/380/380
f 380/380/380 413/413/413 381/381/381
f 413/413/413 414/414/414 381/381/381
f 381/381/381 414/414/414 382/382/382
f 414/414/414 415/415/415 382/382/382
f 382/382/382 415/415/415 383/383/383
f 415/415/415 416/416/416 383/383/383
f 383/383/383 416/416/416 384/384/384
f 416/416/416 417/417/417 384/384/384
f 384/384/384 417/417/417 385/385/385
f 417/417/417 418/418/418 385/385/385
f 385/385/385 418/418/418 386/386/386
f 418/418/418 419/419/419 386/386/386
f 386/386/386 419/419/419 387/387/387
f 419/419/419 420/420/420 387/387/387
f 387/387/387 420/420/420 388/388/388
f 420/420/420 421/421/421 388/388/388
f 388/388/388 421/421/421 389/389/389
f 421/421/421 422/422/422 389/389/389
f 389/389/389 422/422/422 390/390/390
f 422/422/422 423/423/423 390/390/390
f 390/390/390 423/423/423 391/391/391
f 423/423/423 424/424/424 391/391/391
f 391/391/391 424/424/424 392/392/392
f 424/424/424 425/425/425 392/392/392
f 392/392/392 425/425/425 393/393/393
f 425/425/425 426/426/426 393/393/393
f 393/393/393 426/426/426 394/394/394
f 426/426/426 427/427/427 394/394/394
f 394/394/394 427/427/427 395/395/395
f 427/427/427 428/428/428 395/395/395
f 395/395/395 428/428/428 396/396/396
f 428/428/428 429/429/429 396/396/396
f 397/397/397 430/430/430 398/398/398
f 430/430/430 431/431/431 398/398/398
f 398/398/398 431/431/431 399/399/399
f 431/431/431 432/432/432 399/399/399
f 399/399/399 432/432/432 400/400/400
f 432/432/432 433/433/433 400/400/400
f 400/400/400 433/433/433 401/401/401
f 433/433/433 434/434/434 401/401/401
f 401/401/401 434/434/434 402/402/402
f 434/434/434 435/435/435 402/402/402
f 402/402/402 435/435/435 403/403/403
f 435/435/435 436/436/436 403/403/403
f 403/403/403 436/436/436 404/404/404
f 436/436/436 437/437/437 404/404/404
f 404/404/404 437/437/437 405/405/405
f 437/437/437 438/438/438 405/405/405
f 405/405/405 438/438/438 406/406/406
f 438/438/438 439/439/439 406/406/406
f 406/406/406 439/439/439 407/407/407
f 439/439/439 440/440/440 407/407/407
f 407/407/407 440/440/440 408/408/408
f 440/440/440 441/441/441 408/408/408
f 408/408/408 441/441/441 409/409/409
f 441/441/441 442/442/442 409/409/409
f 409/409/409 442/442/442 410/410/410
f 442/442/442 443/443/443 410/410/410
f 410/410/410 443/443/443 411/411/411
f 443/443/443 444/444/444 411/411/411
f 411/411/411 444/444/444 412/412/412
f 444/444/444 445/445/445 412/412/412
f 412/412/412 445/445/445 413/413/413
f 445/445/445 446/446/446 413/413/413
f 413/413/413 446/446/446 414/414/414
f 446/446/446 447/447/447 414/414/414
f 414/414/414 447/447/447 415/415/415
f 447/447/447 448/448/448 415/415/415
f 415/415/415 448/448/448 416/416/416
f 448/448/448 449/449/449 416/416/416
f 416/416/416 449/449/449 417/417/417
f 449/449/449 450/450/450 417/417/417
f 417/417/417 450/450/450 418/418/418
f 450/450/450 451/451/451 418/418/418
f 418/418/418 451/451/451 419/419/419
f 451/451/451 452/452/452 419/419/419
f 419/419/419 452/452/452 420/420/420
f 452/452/452 453/453/453 420/420/420
f 420/420/420 453/453/453 421/421/421
f 453/453/453 454/454/454 421/421/421
f 421/421/421 454/454/454 422/422/422
f 454/454/454 455/455/455 422/422/422
f 422/422/422 455/455/455 423/423/423
f 455/455/455 456/456/456 423/423/423
f 423/423/423 456/456/456 424/424/424
f 456/456/456 457/457/457 424/424/424
f 424/424/424 457/457/457 425/425/425
f 457/457/457 458/458/458 425/425/425
f 425/425/425 458/458/458 426/426/426
f 458/458/458 459/459/459 426/426/426
f 426/426/426 459/459/459 427/427/427
f 459/459/459 460/460/460 427/427/427
f 427/427/427 460/460/460 428/428/428
f 460/460/460 461/461/461 428/428/428
f 428/428/428 461/461/461 429/429/429
f 461/461/461 462/462/462 429/429/429
f 430/430/430 463/463/463 431/431/431
f 463/463/463 464/464/464 431/431/431
f 431/431/431 464/464/464 432/432/432
f 464/464/464 465/465/465 432/432/432
f 432/432/432 465/465/465 433/433/433
f 465/465/465 466/466/466 433/433/433
f 433/433/433 466/466/466 434/434/434
f 466/466/466 467/467/467 434/434/434
f 434/434/434 467/467/467 435/435/435
f 467/467/467 468/468/468 435/435/435
f 435/435/435 468/468/468 436/436/436
f 468/468/468 469/469/469 436/436/436
f 436/436/436 469/469/469 437/437/437
f 469/469/469 470/470/470 437/437/437
f 437/437/437 470/470/470 438/438/438
f 470/470/470 471/471/471 438/438/438
f 438/438/438 471/471/471 439/439/439
f 471/471/471 472/472/472 439/439/439
f 439/439/439 472/472/472 440/440/440
f 472/472/472 473/473/473 440/440/440
f 440/440/440 473/473/473 441/441/441
f 473/473/473 474/474/474 441/441/441
f 441/441/441 474/474/474 442/442/442
f 474/474/474 475/475/475 442/442/442
f 442/442/442 475/475/475 443/443/443
f 475/475/475 476/476/476 443/443/443
f 443/443/443 476/476/476 444/444/444
f 476/476/476 477/477/477 444/444/444
f 444/444/444 477/477/477 445/445/445
f 477/477/477 478/478/478 445/445/445
f 445/445/445 478/478/478 446/446/446
f 478/478/478 479/479/479 446/446/446
f 446/446/446 479/479/479 447/447/447
f 479/479/479 480/480/480 447/447/447
f 447/447/447 480/480/480 448/448/448
f 480/480/480 481/481/481 448/448/448
f 448/448/448 481/481/481 449/449/449
f 481/481/481 482/482/482 449/449/449
f 449/449/449 482/482/482 450/450/450
f 482/482/482 483/483/483 450/450/450
f 450/450/450 483/483/483 451/451/451
f 483/483/483 484/484/484 451/451/451
f 451/451/451 484/484/484 452/452/452
f 484/484/484 485/485/485 452/452/452
f 452/452/452 485/485/485 453/453/453
f 485/485/485 486/486/486 453/453/453
f 453/453/453 486/486/486 454/454/454
f 486/486/486 487/487/487 454/454/454
f 454/454/454 487/487/487 455/455/455
f 487/487/487 488/488/488 455/455/455
f 455/455/455 488/488/488 456/456/456
f 488/488/488 489/489/489 456/456/456
f 456/456/456 489/489/489 457/457/457
f 489/489/489 490/490/490 457/457/457
f 457/457/457 490/490/490 458/458/458
f 490/490/490 491/491/491 458/458/458
f 458/458/458 491/491/491 459/459/459
f 491/491/491 492/492/492 459/459/459
f 459/459/459 492/492/492 460/460/460
f 492/492/492 493/493/493 460/460/460
f 460/460/460 493/493/493 461/461/461
f 493/493/493 494/494/494 461/461/461
f 461/461/461 494/494/494 462/462/462
f 494/494/494 495/495/495 462/462/462
f 463/463/463 496/496/496 464/464/464
f 496/496/496 497/497/497 464/464/464
f 464/464/464 497/497/497 465/465/465
f 497/497/497 498/498/498 465/465/465
f 465/465/465 498/498/498 466/466/466
f 498/498/498 499/499/499 466/466/466
f 466/466/466 499/499/499 467/467/467
f 499/499/499 500/500/500 467/467/467
f 467/467/467 500/500/500 468/468/468
f 500/500/500 501/501/501 468/468/468
f 468/468/468 501/501/501 469/469/469
f 501/501/501 502/502/502 469/469/469
f 469/469/469 502/502/502 470/470/470
f 502/502/502 503/503/503 470/470/470
f 470/470/470 503/503/503 471/471/471
f 503/503/503 504/504/504 471/471/471
f 471/471/471 504/504/504 472/472/472
f 504/504/504 505/505/505 472/472/472
f 472/472/472 505/505/505 473/473/473
f 505/505/505 506/506/506 473/473/473
f 473/473/473 506/506/506 474/474/474
f 506/506/506 507/507/507 474/474/474
f 474/474/474 507/507/507 475/475/475
f 507/507/507 508/508/508 475/475/475
f 475/475/475 508/508/508 476/476/476
f 508/508/508 509/509/509 476/476/476
f 476/476/476 509/509/509 477/477/477
f 509/509/509 510/510/510 477/477/477
f 477/477/477 510/510/510 478/478/478
f 510/510/510 511/511/511 478/478/478
f 478/478/478 511/511/511 479/479/479
f 511/511/511 512/512/512 479/479/479
f 479/479/479 512/512/512 480/480/480
f 512/512/512 513/513/513 480/480/480
f 480/480/480 513/513/513 481/481/481
f 513/513/513 514/514/514 481/481/481
f 481/481/481 514/514/514 482/482/482
f 514/514/514 515/515/515 482/482/482
f 482/482/482 515/515/515 483/483/483
f 515/515/515 516/516/516 483/483/483
f 483/483/483 516/516/516 484/484/484
f 516/516/516 517/517/517 484/484/484
f 484/484/484 517/517/517 485/485/485
f 517/517/517 518/518/518 485/485/485
f 485/485/485 518/518/518 486/486/486
f 518/518/518 519/519/519 486/486/486
f 486/486/486 519/519/519 487/487/487
f 519/519/519 520/520/520 487/487/487
f 487/487/487 520/520/520 488/488/488
f 520/520/520 521/521/521 488/488/488
f 488/488/488 521/521/521 489/489/489
f 521/521/521 522/522/522 489/489/489
f 489/489/489 522/522/522 490/490/490
f 522/522/522 523/523/523 490/490/490
f 490/490/490 523/523/523 491/491/491
f 523/523/523 524/524/524 491/491/491
f 491/491/491 524/524/524 492/492/492
f 524/524/524 525/525/525 492/492/492
f 492/492/492 525/525/525 493/493/493
f 525/525/525 526/526/526 493/493/493
f 493/493/493 526/526/526 494/494/494
f 526/526/526 527/527/527 494/494/494
f 494/494/494 527/527/527 495/495/495
f 527/527/527 528/528/528 495/495/495
f 496/496/496 529/529/529 497/497/497
f 529/529/529 530/530/530 497/497/497
f 497/497/497 530/530/530 498/498/498
f 530/530/530 531/531/531 498/498/498
f 498/498/498 531/531/531 499/499/499
f 531/531/531 532/532/532 499/499/499
f 499/499/499 532/532/532 500/500/500
f 532/532/532 533/533/533 500/500/500
f 500/500/500 533/533/533 501/501/501
f 533/533/533 534/534/534 501/501/501
f 501/501/501 534/534/534 502/502/502
f 534/534/534 535/535/535 502/502/502
f 502/502/502 535/535/535 503/503/503
f 535/535/535 536/536/536 503/503/503
f 503/503/503 536/536/536 504/504/504
f 536/536/536 537/537/537 504/504/504
f 504/504/504 537/537/537 505/505/505
f 537/537/537 538/538/538 505/505/505
f 505/505/505 538/538/538 506/506/506
f 538/538/538 539/539/539 506/506/506
f 506/506/506 539/539/539 507/507/507
f 539/539/539 540/540/540 507/507/507
f 507/507/507 540/540/540 508/508/508
f 540/540/540 541/541/541 508/508/508
f 508/508/508 541/541/541 509/509/509
f 541/541/541 542/542/542 509/509/509
f 509/509/509 542/542/542 510/510/510
f 542/542/542 543/543/543 510/510/510
f 510/510/510 543/543/543 511/511/511
f 543/543/543 544/544/544 511/511/511
f 511/511/511 544/544/544 512/512/512
f 544/544/544 545/545/545 512/512/512
f 512/512/512 545/545/545 513/513/513
f 545/545/545 546/546/546 513/513/513
f 513/513/513 546/546/546 514/514/514
f 546/546/546 547/547/547 514/514/514
f 514/514/514 547/547/547 515/515/515
f 547/547/547 548/548/548 515/515/515
f 515/515/515 548/548/548 516/516/516
f 548/548/548 549/549/549 516/516/516
f 516/516/516 549/549/549 517/517/517
f 549/549/549 550/550/550 517/517/517
f 517/517/517 550/550/550 518/518/518
f 550/550/550 551/551/551 518/518/518
f 518/518/518 551/551/551 519/519/519
f 551/551/551 552/552/552 519/519/519
f 519/519/519 552/552/552 520/520/520
f 552/552/552 553/553/553 520/520/520
f 520/520/520 553/553/553 521/521/521
f 553/553/553 554/554/554 521/521/521
f 521/521/521 554/554/554 522/522/522
f 554/554/554 555/555/555 522/522/522
f 522/522/522 555/555/555 523/523/523
f 555/555/555 556/556/556 523/523/523
f 523/523/523 556/556/556 524/524/524
f 556/556/556 557/557/557 524/524/524
f 524/524/524 557/557/557 525/525/525
f 557/557/557 558/558/558 525/525/525
f 525/525/525 558/558/558 526/526/526
f 558/558/558 559/559/559 526/526/526
f 526/526/526 559/559/559 527/527/527
f 559/559/559 560/560/560 527/527/527
f 527/527/527 560/560/560 528/528/528
f 560/560/560 561/561/561 528/528/528
f 529/529/529 562/562/562 530/530/530
f 562/562/562 563/563/563 530/530/530
f 530/530/530 563/563/563 531/531/531
f 563/563/563 564/564/564 531/531/531
f 531/531/531 564/564/564 532/532/532
f 564/564/564 565/565/565 532/532/532
f 532/532/532 565/565/565 533/533/533
f 565/565/565 566/566/566 533/533/533
f 533/533/533 566/566/566 534/534/534
f 566/566/566 567/567/567 534/534/534
f 534/534/534 567/567/567 535/535/535
f 567/567/567 568/568/568 535/535/535
f 535/535/535 568/568/568 536/536/536
f 568/568/568 569/569/569 536/536/536
f 536/536/536 569/569/569 537/537/537
f 569/569/569 570/570/570 537/537/537
f 537/537/537 570/570/570 538/538/538
f 570/570/570 571/571/571 538/538/538
f 538/538/538 571/571/571 539/539/539
f 571/571/571 572/572/572 539/539/539
f 539/539/539 572/572/572 540/540/540
f 572/572/572 573/573/573 540/540/540
f 540/540/540 573/573/573 541/541/541
f 573/573/573 574/574/574 541/541/541
f 541/541/541 574/574/574 542/542/542
f 574/574/574 575/575/575 542/542/542
f 542/542/542 575/575/575 543/543/543
f 575/575/575 576/576/576 543/543/543
f 543/543/543 576/576/576 544/544/544
f 576/576/576 577/577/577 544/544/544
f 544/544/544 577/577/577 545/545/545
f 577/577/577 578/578/578 545/545/545
f 545/545/545 578/578/578 546/546/546
f 578/578/578 579/579/579 546/546/546
f 546/546/546 579/579/579 547/547/547
f 579/579/579 580/580/580 547/547/547
f 547/547/547 580/580/580 548/548/548
f 580/580/580 581/581/581 548/548/548
f 548/548/548 581/581/581 549/549/549
f 581/581/581 582/582/582 549/549/549
f 549/549/549 582/582/582 550/550/550
f 582/582/582 583/583/583 550/550/550
f 550/550/550 583/583/583 551/551/551
f 583/583/583 584/584/584 551/551/551
f 551/551/551 584/584/584 552/552/552
f 584/584/584 585/585/585 552/552/552
f 552/552/552 585/585/585 553/553/553
f 585/585/585 586/586/586 553/553/553
f 553/553/553 586/586/586 554/554/554
f 586/586/586 587/587/587 554/554/554
f 554/554/554 587/587/587 555/555/555
f 587/587/587 588/588/588 555/555/555
f 555/555/555 588/588/588 556/556/556
f 588/588/588 589/589/589 556/556/556
f 556/556/556 589/589/589 557/557/557
f 589/589/589 590/590/590 557/557/557
f 557/557/557 590/590/590 558/558/558
f 590/590/590 591/591/591 558/558/558
f 558/558/558 591/591/591 559/559/559
f 591/591/591 592/592/592 559/559/559
f 559/559/559 592/592/592 560/560/560
f 592/592/592 593/593/593 560/560/560
f 560/560/560 593/593/593 561/561/561
f 593/593/593 594/594/594 561/561/561
f 562/562/562 595/595/595 563/563/563
f 595/595/595 596/596/596 563/563/563
f 563/563/563 596/596/596 564/564/564
f 596/596/596 597/597/597 564/564/564
f 564/564/564 597/597/597 565/565/565
f 597/597/597 598/598/598 565/565/565
f 565/565/565 598/598/598 566/566/566
f 598/598/598 599/599/599 566/566/566
f 566/566/566 599/599/599 567/567/567
f 599/599/599 600/600/600 567/567/567
f 567/567/567 600/600/600 568/568/568
f 600/600/600 601/601/601 568/568/568
f 568/568/568 601/601/601 569/569/569
f 601/601/601 602/602/602 569/569/569
f 569/569/569 602/602/602 570/570/570
f 602/602/602 603/603/603 570/570/570
f 570/570/570 603/603/603 571/571/571
f 603/603/603 604/604/604 571/571/571
f 571/571/571 604/604/604 572/572/572
f 604/604/604 605/605/605 572/572/572
f 572/572/572 605/605/605 573/573/573
f 605/605/605 606/606/606 573/573/573
f 573/573/573 606/606/606 574/574/574
f 606/606/606 607/607/607 574/574/574
f 574/574/574 607/607/607 575/575/575
f 607/607/607 608/608/608 575/575/575
f 575/575/575 608/608/608 576/576/576
f 608/608/608 609/609/609 576/576/576
f 576/576/576 609/609/609 577/577/577
f 609/609/609 610/610/610 577/577/577
f 577/577/577 610/610/610 578/578/578
f 610/610/610 611/611/611 578/578/578
f 578/578/578 611/611/611 579/579/579
f 611/611/611 612/612/612 579/579/579
f 579/579/579 612/612/612 580/580/580
f 612/612/612 613/613/613 580/580/580
f 580/580/580 613/613/613 581/581/581
f 613/613/613 614/614/614 581/581/581
f 581/581/581 614/614/614 582/582/582
f 614/614/614 615/615/615 582/582/582
f 582/582/582 615/615/615 583/583/583
f 615/615/615 616/616/616 583/583/583
f 583/583/583 616/616/616 584/584/584
f 616/616/616 617/617/617 584/584/584
f 584/584/584 617/617/617 585/585/585
f 617/617/617 618/618/618 585/585/585
f 585/585/585 618/618/618 586/586/586
f 618/618/618 619/619/619 586/586/586
f 586/586/586 619/619/619 587/587/587
f 619/619/619 620/620/620 587/587/587
f 587/587/587 620/620/620 588/588/588
f 620/620/620 621/621/621 588/588/588
f 588/588/588 621/621/621 589/589/589
f 621/621/621 622/622/622 589/589/589
f 589/589/589 622/622/622 590/590/590
f 622/622/622 623/623/623 590/590/590
f 590/590/590 623/623/623 591/591/591
f 623/623/623 624/624/624 591/591/591
f 591/591/591 624/624/624 592/592/592
f 624/624/624 625/625/625 592/592/592
f 592/592/592 625/625/625 593/593/593
f 625/625/625 626/626/626 593/593/593
f 593/593/593 626/626/626 594/594/594
f 626/626/626 627/627/627 594/594/594
f 595/595/595 628/628/628 596/596/596
f 628/628/628 629/629/629 596/596/596
f 596/596/596 629/629/629 597/597/597
f 629/629/629 630/630/630 597/597/597
f 597/597/597 630/630/630 598/598/598
f 630/630/630 631/631/631 598/598/598
f 598/598/598 631/631/631 599/599/599
f 631/631/631 632/632/632 599/599/599
f 599/599/599 632/632/632 600/600/600
f 632/632/632 633/633/633 600/600/600
f 600/600/600 633/633/633 601/601/601
f 633/633/633 634/634/634 601/601/601
f 601/601/601 634/634/634 602/602/602
f 634/634/634 635/635/635 602/602/602
f 602/602/602 635/635/635 603/603/603
f 635/635/635 636/636/636 603/603/603
f 603/603/603 636/636/636 604/604/604
f 636/636/636 637/637/637 604/604/604
f 604/604/604 637/637/637 605/605/605
f 637/637/637 638/638/638 605/605/605
f 605/605/605 638/638/638 606/606/606
f 638/638/638 639/639/639 606/606/606
f 606/606/606 639/639/639 607/607/607
f 639/639/639 640/640/640 607/607/607
f 607/607/607 640/640/640 608/608/608
f 640/640/640 641/641/641 608/608/608
f 608/608/608 641/641/641 609/609/609
f 641/641/641 642/642/642 609/609/609
f 609/609/609 642/642/642 610/610/610
f 642/642/642 643/643/643 610/610/610
f 610/610/610 643/643/643 611/611/611
f 643/643/643 644/644/644 611/611/611
f 611/611/611 644/644/644 612/612/612
f 644/644/644 645/645/645 612/612/612
f 612/612/612 645/645/645 613/613/613
f 645/645/645 646/646/646 613/613/613
f 613/613/613 646/646/646 614/614/614
f 646/646/646 647/647/647 614/614/614
f 614/614/614 647/647/647 615/615/615
f 647/647/647 648/648/648 615/615/615
f 615/615/615 648/648/648 616/616/616
f 648/648/648 649/649/649 616/616/616
f 616/616/616 649/649/649 617/617/617
f 649/649/649 650/650/650 617/617/617
f 617/617/617 650/650/650 618/618/618
f 650/650/650 651/651/651 618/618/618
f 618/618/618 651/651/651 619/619/619
f 651/651/651 652/652/652 619/619/619
f 619/619/619 652/652/652 620/620/620
f 652/652/652 653/653/653 620/620/620
f 620/620/620 653/653/653 621/621/621
f 653/653/653 654/654/654 621/621/621
f 621/621/621 654/654/654 622/622/622
f 654/654/654 655/655/655 622/622/622
f 622/622/622 655/655/655 623/623/623
f 655/655/655 656/656/656 623/623/623
f 623/623/623 656/656/656 624/624/624
f 656/656/656 657/657/657 624/624/624
f 624/624/624 657/657/657 625/625/625
f 657/657/657 658/658/658 625/625/625
f 625/625/625 658/658/658 626/626/626
f 658/658/658 659/659/659 626/626/626
f 626/626/626 659/659/659 627/627/627
f 659/659/659 660/660/660 627/627/627
f 628/628/628 661/661/661 629/629/629
f 661/661/661 662/662/662 629/629/629
f 629/629/629 662/662/662 630/630/630
f 662/662/662 663/663/663 630/630/630
f 630/630/630 663/663/663 631/631/631
f 663/663/663 664/664/664 631/631/631
f 631/631/631 664/664/664 632/632/632
f 664/664/664 665/665/665 632/632/632
f 632/632/632 665/665/665 633/633/633
f 665/665/665 666/666/666 633/633/633
f 633/633/633 666/666/666 634/634/634
f 666/666/666 667/667/667 634/634/634
f 634/634/634 667/667/667 635/635/635
f 667/667/667 668/668/668 635/635/635
f 635/635/635 668/668/668 636/636/636
f 668/668/668 669/669/669 636/636/636
f 636/636/636 669/669/669 637/637/637
f 669/669/669 670/670/670 637/637/637
f 637/637/637 670/670/670 638/638/638
f 670/670/670 671/671/671 638/638/638
f 638/638/638 671/671/671 639/639/639
f 671/671/671 672/672/672 639/639/639
f 639/639/639 672/672/672 640/640/640
f 672/672/672 673/673/673 640/640/640
f 640/640/640 673/673/673 641/641/641
f 673/673/673 674/674/674 641/641/641
f 641/641/641 674/674/674 642/642/642
f 674/674/674 675/675/675 642/642/642
f 642/642/642 675/675/675 643/643/643
f 675/675/675 676/676/676 643/643/643
f 643/643/643 676/676/676 644/644/644
f 676/676/676 677/677/677 644/644/644
f 644/644/644 677/677/677 645/645/645
f 677/677/677 678/678/678 645/645/645
f 645/645/645 678/678/678 646/646/646
f 678/678/678 679/679/679 646/646/646
f 646/646/646 679/679/679 647/647/647
f 679/679/679 680/680/680 647/647/647
f 647/647/647 680/680/680 648/648/648
f 680/680/680 681/681/681 648/648/648
f 648/648/648 681/681/681 649/649/649
f 681/681/681 682/682/682 649/649/649
f 649/649/649 682/682/682 650/650/650
f 682/682/682 683/683/683 650/650/650
f 650/650/650 683/683/683 651/651/651
f 683/683/683 684/684/684 651/651/651
f 651/651/651 684/684/684 652/652/652
f 684/684/684 685/685/685 652/652/652
f 652/652/652 685/685/685 653/653/653
f 685/685/685 686/686/686 653/653/653
f 653/653/653 686/686/686 654/654/654
f 686/686/686 687/687/687 654/654/654
f 654/654/654 687/687/687 655/655/655
f 687/687/687 688/688/688 655/655/655
f 655/655/655 688/688/688 656/656/656
f 688/688/688 689/689/689 656/656/656
f 656/656/656 689/689/689 657/657/657
f 689/689/689 690/690/690 657/657/657
f 657/657/657 690/690/690 658/658/658
f 690/690/690 691/691/691 658/658/658
f 658/658/658 691/691/691 659/659/659
f 691/691/691 692/692/692 659/659/659
f 659/659/659 692/692/692 660/660/660
f 692/692/692 693/693/693 660/660/660
f 661/661/661 694/694/694 662/662/662
f 694/694/694 695/695/695 662/662/662
f 662/662/662 695/695/695 663/663/663
f 695/695/695 696/696/696 663/663/663
f 663/663/663 696/696/696 664/664/664
f 696/696/696 697/697/697 664/664/664
f 664/664/664 697/697/697 665/665/665
f 697/697/697 698/698/698 665/665/665
f 665/665/665 698/698/698 666/666/666
f 698/698/698 699/699/699 666/666/666
f 666/666/666 699/699/699 667/667/667
f 699/699/699 700/700/700 667/667/667
f 667/667/667 700/700/700 668/668/668
f 700/700/700 701/701/701 668/668/668
f 668/668/668 701/701/701 669/669/669
f 701/701/701 702/702/702 669/669/669
f 669/669/669 702/702/702 670/670/670
f 702/702/702 703/703/703 670/670/670
f 670/670/670 703/703/703 671/671/671
f 703/703/703 704/704/704 671/671/671
f 671/671/671 704/704/704 672/672/672
f 704/704/704 705/705/705 672/672/672
f 672/672/672 705/705/705 673/673/673
f 705/705/705 706/706/706 673/673/673
f 673/673/673 706/706/706 674/674/674
f 706/706/706 707/707/707 674/674/674
f 674/674/674 707/707/707 675/675/675
f 707/707/707 708/708/708 675/675/675
f 675/675/675 708/708/708 676/676/676
f 708/708/708 709/709/709 676/676/676
f 676/676/676 709/709/709 677/677/677
f 709/709/709 710/710/710 677/677/677
f 677/677/677 710/710/710 678/678/678
f 710/710/710 711/711/711 678/678/678
f 678/678/678 711/711/711 679/679/679
f 711/711/711 712/712/712 679/679/679
f 679/679/679 712/712/712 680/680/680
f 712/712/712 713/713/713 680/680/680
f 680/680/680 713/713/713 681/681/681
f 713/713/713 714/714/714 681/681/681
f 681/681/681 714/714/714 682/682/682
f 714/714/714 715/715/715 682/682/682
f 682/682/682 715/715/715 683/683/683
f 715/715/715 716/716/716 683/683/683
f 683/683/683 716/716/716 684/684/684
f 716/716/716 717/717/717 684/684/684
f 684/684/684 717/717/717 685/685/685
f 717/717/717 718/718/718 685/685/685
f 685/685/685 718/718/718 686/686/686
f 718/718/718 719/719/719 686/686/686
f 686/686/686 719/719/719 687/687/687
f 719/719/719 720/720/720 687/687/687
f 687/687/687 720/720/720 688/688/688
f 720/720/720 721/721/721 688/688/688
f 688/688/688 721/721/721 689/689/689
f 721/721/721 722/722/722 689/689/689
f 689/689/689 722/722/722 690/690/690
f 722/722/722 723/723/723 690/690/690
f 690/690/690 723/723/723 691/691/691
f 723/723/723 724/724/724 691/691/691
f 691/691/691 724/724/724 692/692/692
f 724/724/724 725/725/725 692/692/692
f 692/692/692 725/725/725 693/693/693
f 725/725/725 726/726/726 693/693/693
f 694/694/694 727/727/727 695/695/695
f 727/727/727 728/728/728 695/695/695
f 695/695/695 728/728/728 696/696/696
f 728/728/728 729/729/729 696/696/696
f 696/696/696 729/729/729 697/697/697
f 729/729/729 730/730/730 697/697/697
f 697/697/697 730/730/730 698/698/698
f 730/730/730 731/731/731 698/698/698
f 698/698/698 731/731/731 699/699/699
f 731/731/731 732/732/732 699/699/699
f 699/699/699 732/732/732 700/700/700
f 732/732/732 733/733/733 700/700/700
f 700/700/700 733/733/733 701/701/701
f 733/733/733 734/734/734 701/701/701
f 701/701/701 734/734/734 702/702/702
f 734/734/734 735/735/735 702/702/702
f 702/702/702 735/735/735 703/703/703
f 735/735/735 736/736/736 703/703/703
f 703/703/703 736/736/736 704/704/704
f 736/736/736 737/737/737 704/704/704
f 704/704/704 737/737/737 705/705/705
f 737/737/737 738/738/738 705/705/705
f 705/705/705 738/738/738 706/706/706
f 738/738/738 739/739/739 706/706/706
f 706/706/706 739/739/739 707/707/707
f 739/739/739 740/740/740 707/707/707
f 707/707/707 740/740/740 708/708/708
f 740/740/740 741/741/741 708/708/708
f 708/708/708 741/741/741 709/709/709
f 741/741/741 742/742/742 709/709/709
f 709/709/709 742/742/742 710/710/710
f 742/742/742 743/743/743 710/710/710
f 710/710/710 743/743/743 711/711/711
f 743/743/743 744/744/744 711/711/711
f 711/711/711 744/744/744 712/712/712
f 744/744/744 745/745/745 712/712/712
f 712/712/712 745/745/745 713/713/713
f 745/745/745 746/746/746 713/713/713
f 713/713/713 746/746/746 714/714/714
f 746/746/746 747/747/747 714/714/714
f 714/714/714 747/747/747 715/715/715
f 747/747/747 748/748/748 715/715/715
f 715/715/715 748/748/748 716/716/716
f 748/748/748 749/749/749 716/716/716
f 716/716/716 749/749/749 717/717/717
f 749/749/749 750/750/750 717/717/717
f 717/717/717 750/750/750 718/718/718
f 750/750/750 751/751/751 718/718/718
f 718/718/718 751/751/751 719/719/719
f 751/751/751 752/752/752 719/719/719
f 719/719/719 752/752/752 720/720/720
f 752/752/752 753/753/753 720/720/720
f 720/720/720 753/753/753 721/721/721
f 753/753/753 754/754/754 721/721/721
f 721/721/721 754/754/754 722/722/722
f 754/754/754 755/755/755 722/722/722
f 722/722/722 755/755/755 723/723/723
f 755/755/755 756/756/756 723/723/723
f 723/723/723 756/756/756 724/724/724
f 756/756/756 757/757/757 724/724/724
f 724/724/724 757/757/757 725/725/725
f 757/757/757 758/758/758 725/725/725
f 725/725/725 758/758/758 726/726/726
f 758/758/758 759/759/759 726/726/726
f 727/727/727 760/760/760 728/728/728
f 760/760/760 761/761/761 728/728/728
f 728/728/728 761/761/761 729/729/729
f 761/761/761 762/762/762 729/729/729
f 729/729/729 762/762/762 730/730/730
f 762/762/762 763/763/763 730/730/730
f 730/730/730 763/763/763 731/731/731
f 763/763/763 764/764/764 731/731/731
f 731/731/731 764/764/764 732/732/732
f 764/764/764 765/765/765 732/732/732
f 732/732/732 765/765/765 733/733/733
f 765/765/765 766/766/766 733/733/733
f 733/733/733 766/766/766 734/734/734
f 766/766/766 767/767/767 734/734/734
f 734/734/734 767/767/767 735/735/735
f 767/767/767 768/768/768 735/735/735
f 735/735/735 768/768/768 736/736/736
f 768/768/768 769/769/769 736/736/736
f 736/736/736 769/769/769 737/737/737
f 769/769/769 770/770/770 737/737/737
f 737/737/737 770/770/770 738/738/738
f 770/770/770 771/771/771 738/738/738
f 738/738/738 771/771/771 739/739/739
f 771/771/771 772/772/772 739/739/739
f 739/739/739 772/772/772 740/740/740
f 772/772/772 773/773/773 740/740/740
f 740/740/740 773/773/773 741/741/741
f 773/773/773 774/774/774 741/741/741
f 741/741/741 774/774/774 742/742/742
f 774/774/774 775/775/775 742/742/742
f 742/742/742 775/775/775 743/743/743
f 775/775/775 776/776/776 743/743/743
f 743/743/743 776/776/776 744/744/744
f 776/776/776 777/777/777 744/744/744
f 744/744/744 777/777/777 745/745/745
f 777/777/777 778/778/778 745/745/745
f 745/745/745 778/778/778 746/746/746
f 778/778/778 779/779/779 746/746/746
f 746/746/746 779/779/779 747/747/747
f 779/779/779 780/780/780 747/747/747
f 747/747/747 780/780/780 748/748/748
f 780/780/780 781/781/781 748/748/748
f 748/748/748 781/781/781 749/749/749
f 781/781/781 782/782/782 749/749/749
f 749/749/749 782/782/782 750/750/750
f 782/782/782 783/783/783 750/750/750
f 750/750/750 783/783/783 751/751/751
f 783/783/783 784/784/784 751/751/751
f 751/751/751 784/784/784 752/752/752
f 784/784/784 785/785/785 752/752/752
f 752/752/752 785/785/785 753/753/753
f 785/785/785 786/786/786 753/753/753
f 753/753/753 786/786/786 754/754/754
f 786/786/786 787/787/787 754/754/754
f 754/754/754 787/787/787 755/755/755
f 787/787/787 788/788/788 755/755/755
f 755/755/755 788/788/788 756/756/756
f 788/788/788 789/789/789 756/756/756
f 756/756/756 789/789/789 757/757/757
f 789/789/789 790/790/790 757/757/757
f 757/757/757 790/790/790 758/758/758
f 790/790/790 791/791/791 758/758/758
f 758/758/758 791/791/791 759/759/759
f 791/791/791 792/792/792 759/759/759
f 760/760/760 793/793/793 761/761/761
f 793/793/793 794/794/794 761/761/761
f 761/761/761 794/794/794 762/762/762
f 794/794/794 795/795/795 762/762/762
f 762/762/762 795/795/795 763/763/763
f 795/795/795 796/796/796 763/763/763
f 763/763/763 796/796/796 764/764/764
f 796/796/796 797/797/797 764/764/764
f 764/764/764 797/797/797 765/765/765
f 797/797/797 798/798/798 765/765/765
f 765/765/765 798/798/798 766/766/766
f 798/798/798 799/799/799 766/766/766
f 766/766/766 799/799/799 767/767/767
f 799/799/799 800/800/800 767/767/767
f 767/767/767 800/800/800 768/768/768
f 800/800/800 801/801/801 768/768/768
f 768/768/768 801/801/801 769/769/769
f 801/801/801 802/802/802 769/769/769
f 769/769/769 802/802/802 770/770/770
f 802/802/802 803/803/803 770/770/770
f 770/770/770 803/803/803 771/771/771
f 803/803/803 804/804/804 771/771/771
f 771/771/771 804/804/804 772/772/772
f 804/804/804 805/805/805 772/772/772
f 772/772/772 805/805/805 773/773/773
f 805/805/805 806/806/806 773/773/773
f 773/773/773 806/806/806 774/774/774
f 806/806/806 807/807/807 774/774/774
f 774/774/774 807/807/807 775/775/775
f 807/807/807 808/808/808 775/775/775
f 775/775/775 808/808/808 776/776/776
f 808/808/808 809/809/809 776/776/776
f 776/776/776 809/809/809 777/777/777
f 809/809/809 810/810/810 777/777/777
f 777/777/777 810/810/810 778/778/778
f 810/810/810 811/811/811 778/778/778
f 778/778/778 811/811/811 779/779/779
f 811/811/811 812/812/812 779/779/779
f 779/779/779 812/812/812 780/780/780
f 812/812/812 813/813/813 780/780/780
f 780/780/780 813/813/813 781/781/781
f 813/813/813 814/814/814 781/781/781
f 781/781/781 814/814/814 782/782/782
f 814/814/814 815/815/815 782/782/782
f 782/782/782 815/815/815 783/783/783
f 815/815/815 816/816/816 783/783/783
f 783/783/783 816/816/816 784/784/784
f 816/816/816 817/817/817 784/784/784
f 784/784/784 817/817/817 785/785/785
f 817/817/817 818/818/818 785/785/785
f 785/785/785 818/818/818 786/786/786
f 818/818/818 819/819/819 786/786/786
f 786/786/786 819/819/819 787/787/787
f 819/819/819 820/820/820 787/787/787
f 787/787/787 820/820/820 788/788/788
f 820/820/820 821/821/821 788/788/788
f 788/788/788 821/821/821 789/789/789
f 821/821/821 822/822/822 789/789/789
f 789/789/789 822/822/822 790/790/790
f 822/822/822 823/823/823 790/790/790
f 790/790/790 823/823/823 791/791/791
f 823/823/823 824/824/824 791/791/791
f 791/791/791 824/824/824 792/792/792
f 824/824/824 825/825/825 792/792/792
f 793/793/793 826/826/826 794/794/794
f 826/826/826 827/827/827 794/794/794
f 794/794/794 827/827/827 795/795/795
f 827/827/827 828/828/828 795/795/795
f 795/795/795 828/828/828 796/796/796
f 828/828/828 829/829/829 796/796/796
f 796/796/796 829/829/829 797/797/797
f 829/829/829 830/830/830 797/797/797
f 797/797/797 830/830/830 798/798/798
f 830/830/830 831/831/831 798/798/798
f 798/798/798 831/831/831 799/799/799
f 831/831/831 832/832/832 799/799/799
f 799/799/799 832/832/832 800/800/800
f 832/832/832 833/833/833 800/800/800
f 800/800/800 833/833/833 801/801/801
f 833/833/833 834/834/834 801/801/801
f 801/801/801 834/834/834 802/802/802
f 834/834/834 835/835/835 802/802/802
f 802/802/802 835/835/835 803/803/803
f 835/835/835 836/836/836 803/803/803
f 803/803/803 836/836/836 804/804/804
f 836/836/836 837/837/837 804/804/804
f 804/804/804 837/837/837 805/805/805
f 837/837/837 838/838/838 805/805/805
f 805/805/805 838/838/838 806/806/806
f 838/838/838 839/839/839 806/806/806
f 806/806/806 839/839/839 807/807/807
f 839/839/839 840/840/840 807/807/807
f 807/807/807 840/840/840 808/808/808
f 840/840/840 841/841/841 808/808/808
f 808/808/808 841/841/841 809/809/809
f 841/841/841 842/842/842 809/809/809
f 809/809/809 842/842/842 810/810/810
f 842/842/842 843/843/843 810/810/810
f 810/810/810 843/843/843 811/811/811
f 843/843/843 844/844/844 811/811/811
f 811/811/811 844/844/844 812/812/812
f 844/844/844 845/845/845 812/812/812
f 812/812/812 845/845/845 813/813/813
f 845/845/845 846/846/846 813/813/813
f 813/813/813 846/846/846 814/814/814
f 846/846/846 847/847/847 814/814/814
f 814/814/814 847/847/847 815/815/815
f 847/847/847 848/848/848 815/815/815
f 815/815/815 848/848/848 816/816/816
f 848/848/848 849/849/849 816/816/816
f 816/816/816 849/849/849 817/817/817
f 849/849/849 850/850/850 817/817/817
f 817/817/817 850/850/850 818/818/818
f 850/850/850 851/851/851 818/818/818
f 818/818/818 851/851/851 819/819/819
f 851/851/851 852/852/852 819/819/819
f 819/819/819 852/852/852 820/820/820
f 852/852/852 853/853/853 820/820/820
f 820/820/820 853/853/853 821/821/821
f 853/853/853 854/854/854 821/821/821
f 821/821/821 854/854/854 822/822/822
f 854/854/854 855/855/855 822/822/822
f 822/822/822 855/855/855 823/823/823
f 855/855/855 856/856/856 823/823/823
f 823/823/823 856/856/856 824/824/824
f 856/856/856 857/857/857 824/824/824
f 824/824/824 857/857/857 825/825/825
f 857/857/857 858/858/858 825/825/825
f 826/826/826 859/859/859 827/827/827
f 859/859/859 860/860/860 827/827/827
f 827/827/827 860/860/860 828/828/828
f 860/860/860 861/861/861 828/828/828
f 828/828/828 861/861/861 829/829/829
f 861/861/861 862/862/862 829/829/829
f 829/829/829 862/862/862 830/830/830
f 862/862/862 863/863/863 830/830/830
f 830/830/830 863/863/863 831/831/831
f 863/863/863 864/864/864 831/831/831
f 831/831/831 864/864/864 832/832/832
f 864/864/864 865/865/865 832/832/832
f 832/832/832 865/865/865 833/833/833
f 865/865/865 866/866/866 833/833/833
f 833/833/833 866/866/866 834/834/834
f 866/866/866 867/867/867 834/834/834
f 834/834/834 867/867/867 835/835/835
f 867/867/867 868/868/868 835/835/835
f 835/835/835 868/868/868 836/836/836
f 868/868/868 869/869/869 836/836/836
f 836/836/836 869/869/869 837/837/837
f 869/869/869 870/870/870 837/837/837
f 837/837/837 870/870/870 838/838/838
f 870/870/870 871/871/871 838/838/838
f 838/838/838 871/871/871 839/839/839
f 871/871/871 872/872/872 839/839/839
f 839/839/839 872/872/872 840/840/840
f 872/872/872 873/873/873 840/840/840
f 840/840/840 873/873/873 841/841/841
f 873/873/873 874/874/874 841/841/841
f 841/841/841 874/874/874 842/842/842
f 874/874/874 875/875/875 842/842/842
f 842/842/842 875/875/875 843/843/843
f 875/875/875 876/876/876 843/843/843
f 843/843/843 876/876/876 844/844/844
f 876/876/876 877/877/877 844/844/844
f 844/844/844 877/877/877 845/845/845
f 877/877/877 878/878/878 845/845/845
f 845/845/845 878/878/878 846/846/846
f 878/878/878 879/879/879 846/846/846
f 846/846/846 879/879/879 847/847/847
f 879/879/879 880/880/880 847/847/847
f 847/847/847 880/880/880 848/848/848
f 880/880/880 881/881/881 848/848/848
f 848/848/848 881/881/881 849/849/849
f 881/881/881 882/882/882 849/849/849
f 849/849/849 882/882/882 850/850/850
f 882/882/882 883/883/883 850/850/850
f 850/850/850 883/883/883 851/851/851
f 883/883/883 884/884/884 851/851/851
f 851/851/851 884/884/884 852/852/852
f 884/884/884 885/885/885 852/852/852
f 852/852/852 885/885/885 853/853/853
f 885/885/885 886/886/886 853/853/853
f 853/853/853 886/886/886 854/854/854
f 886/886/886 887/887/887 854/854/854
f 854/854/854 887/887/887 855/855/855
f 887/887/887 888/888/888 855/855/855
f 855/855/855 888/888/888 856/856/856
f 888/888/888 889/889/889 856/856/856
f 856/856/856 889/889/889 857/857/857
f 889/889/889 890/890/890 857/857/857
f 857/857/857 890/890/890 858/858/858
f 890/890/890 891/891/891 858/858/858
f 859/859/859 892/892/892 860/860/860
f 892/892/892 893/893/893 860/860/860
f 860/860/860 893/893/893 861/861/861
f 893/893/893 894/894/894 861/861/861
f 861/861/861 894/894/894 862/862/862
f 894/894/894 895/895/895 862/862/862
f 862/862/862 895/895/895 863/863/863
f 895/895/895 896/896/896 863/863/863
f 863/863/863 896/896/896 864/864/864
f 896/896/896 897/897/897 864/864/864
f 864/864/864 897/897/897 865/865/865
f 897/897/897 898/898/898 865/865/865
f 865/865/865 898/898/898 866/866/866
f 898/898/898 899/899/899 866/866/866
f 866/866/866 899/899/899 867/867/867
f 899/899/899 900/900/900 867/867/867
f 867/867/867 900/900/900 868/868/868
f 900/900/900 901/901/901 868/868/868
f 868/868/868 901/901/901 869/869/869
f 901/901/901 902/902/902 869/869/869
f 869/869/869 902/902/902 870/870/870
f 902/902/902 903/903/903 870/870/870
f 870/870/870 903/903/903 871/871/871
f 903/903/903 904/904/904 871/871/871
f 871/871/871 904/904/904 872/872/872
f 904/904/904 905/905/905 872/872/872
f 872/872/872 905/905/905 873/873/873
f 905/905/905 906/906/906 873/873/873
f 873/873/873 906/906/906 874/874/874
f 906/906/906 907/907/907 874/874/874
f 874/874/874 907/907/907 875/875/875
f 907/907/907 908/908/908 875/875/875
f 875/875/875 908/908/908 876/876/876
f 908/908/908 909/909/909 876/876/876
f 876/876/876 909/909/909 877/877/877
f 909/909/909 910/910/910 877/877/877
f 877/877/877 910/910/910 878/878/878
f 910/910/910 911/911/911 878/878/878
f 878/878/878 911/911/911 879/879/879
f 911/911/911 912/912/912 879/879/879
f 879/879/879 912/912/912 880/880/880
f 912/912/912 913/913/913 880/880/880
f 880/880/880 913/913/913 881/881/881
f 913/913/913 914/914/914 881/881/881
f 881/881/881 914/914/914 882/882/882
f 914/914/914 915/915/915 882/882/882
f 882/882/882 915/915/915 883/883/883
f 915/915/915 916/916/916 883/883/883
f 883/883/883 916/916/916 884/884/884
f 916/916/916 917/917/917 884/884/884
f 884/884/884 917/917/917 885/885/885
f 917/917/917 918/918/918 885/885/885
f 885/885/885 918/918/918 886/886/886
f 918/918/918 919/919/919 886/886/886
f 886/886/886 919/919/919 887/887/887
f 919/919/919 920/920/920 887/887/887
f 887/887/887 920/920/920 888/888/888
f 920/920/920 921/921/921 888/888/888
f 888/888/888 921/921/921 889/889/889
f 921/921/921 922/922/922 889/889/889
f 889/889/889 922/922/922 890/890/890
f 922/922/922 923/923/923 890/890/890
f 890/890/890 923/923/923 891/891/891
f 923/923/923 924/924/924 891/891/891
f 892/892/892 925/925/925 893/893/893
f 925/925/925 926/926/926 893/893/893
f 893/893/893 926/926/926 894/894/894
f 926/926/926 927/927/927 894/894/894
f 894/894/894 927/927/927 895/895/895
f 927/927/927 928/928/928 895/895/895
f 895/895/895 928/928/928 896/896/896
f 928/928/928 929/929/929 896/896/896
f 896/896/896 929/929/929 897/897/897
f 929/929/929 930/930/930 897/897/897
f 897/897/897 930/930/930 898/898/898
f 930/930/930 931/931/931 898/898/898
f 898/898/898 931/931/931 899/899/899
f 931/931/931 932/932/932 899/899/899
f 899/899/899 932/932/932 900/900/900
f 932/932/932 933/933/933 900/900/900
f 900/900/900 933/933/933 901/901/901
f 933/933/933 934/934/934 901/901/901
f 901/901/901 934/934/934 902/902/902
f 934/934/934 935/935/935 902/902/902
f 902/902/902 935/935/935 903/903/903
f 935/935/935 936/936/936 903/903/903
f 903/903/903 936/936/936 904/904/904
f 936/936/936 937/937/937 904/904/904
f 904/904/904 937/937/937 905/905/905
f 937/937/937 938/938/938 905/905/905
f 905/905/905 938/938/938 906/906/906
f 938/938/938 939/939/939 906/906/906
f 906/906/906 939/939/939 907/907/907
f 939/939/939 940/940/940 907/907/907
f 907/907/907 940/940/940 908/908/908
f 940/940/940 941/941/941 908/908/908
f 908/908/908 941/941/941 909/909/909
f 941/941/941 942/942/942 909/909/909
f 909/909/909 942/942/942 910/910/910
f 942/942/942 943/943/943 910/910/910
f 910/910/910 943/943/943 911/911/911
f 943/943/943 944/944/944 911/911/911
f 911/911/911 944/944/944 912/912/912
f 944/944/944 945/945/945 912/912/912
f 912/912/912 945/945/945 913/913/913
f 945/945/945 946/946/946 913/913/913
f 913/913/913 946/946/946 914/914/914
f 946/946/946 947/947/947 914/914/914
f 914/914/914 947/947/947 915/915/915
f 947/947/947 948/948/948 915/915/915
f 915/915/915 948/948/948 916/916/916
f 948/948/948 949/949/949 916/916/916
f 916/916/916 949/949/949 917/917/917
f 949/949/949 950/950/950 917/917/917
f 917/917/917 950/950/950 918/918/918
f 950/950/950 951/951/951 918/918/918
f 918/918/918 951/951/951 919/919/919
f 951/951/951 952/952/952 919/919/919
f 919/919/919 952/952/952 920/920/920
f 952/952/952 953/953/953 920/920/920
f 920/920/920 953/953/953 921/921/921
f 953/953/953 954/954/954 921/921/921
f 921/921/921 954/954/954 922/922/922
f 954/954/954 955/955/955 922/922/922
f 922/922/922 955/955/955 923/923/923
f 955/955/955 956/956/956 923/923/923
f 923/923/923 956/956/956 924/924/924
f 956/956/956 957/957/957 924/924/924
f 925/925/925 958/958/958 926/926/926
f 958/958/958 959/959/959 926/926/926
f 926/926/926 959/959/959 927/927/927
f 959/959/959 960/960/960 927/927/927
f 927/927/927 960/960/960 928/928/928
f 960/960/960 961/961/961 928/928/928
f 928/928/928 961/961/961 929/929/929
f 961/961/961 962/962/962 929/929/929
f 929/929/929 962/962/962 930/930/930
f 962/962/962 963/963/963 930/930/930
f 930/930/930 963/963/963 931/931/931
f 963/963/963 964/964/964 931/931/931
f 931/931/931 964/964/964 932/932/932
f 964/964/964 965/965/965 932/932/932
f 932/932/932 965/965/965 933/933/933
f 965/965/965 966/966/966 933/933/933
f 933/933/933 966/966/966 934/934/934
f 966/966/966 967/967/967 934/934/934
f 934/934/934 967/967/967 935/935/935
f 967/967/967 968/968/968 935/935/935
f 935/935/935 968/968/968 936/936/936
f 968/968/968 969/969/969 936/936/936
f 936/936/936 969/969/969 937/937/937
f 969/969/969 970/970/970 937/937/937
f 937/937/937 970/970/970 938/938/938
f 970/970/970 971/971/971 938/938/938
f 938/938/938 971/971/971 939/939/939
f 971/971/971 972/972/972 939/939/939
f 939/939/939 972/972/972 940/940/940
f 972/972/972 973/973/973 940/940/940
f 940/940/940 973/973/973 941/941/941
f 973/973/973 974/974/974 941/941/941
f 941/941/941 974/974/974 942/942/942
f 974/974/974 975/975/975 942/942/942
f 942/942/942 975/975/975 943/943/943
f 975/975/975 976/976/976 943/943/943
f 943/943/943 976/976/976 944/944/944
f 976/976/976 977/977/977 944/944/944
f 944/944/944 977/977/977 945/945/945
f 977/977/977 978/978/978 945/945/945
f 945/945/945 978/978/978 946/946/946
f 978/978/978 979/979/979 946/946/946
f 946/946/946 979/979/979 947/947/947
f 979/979/979 980/980/980 947/947/947
f 947/947/947 980/980/980 948/948/948
f 980/980/980 981/981/981 948/948/948
f 948/948/948 981/981/981 949/949/949
f 981/981/981 982/982/982 949/949/949
f 949/949/949 982/982/982 950/950/950
f 982/982/982 983/983/983 950/950/950
f 950/950/950 983/983/983 951/951/951
f 983/983/983 984/984/984 951/951/951
f 951/951/951 984/984/984 952/952/952
f 984/984/984 985/985/985 952/952/952
f 952/952/952 985/985/985 953/953/953
f 985/985/985 986/986/986 953/953/953
f 953/953/953 986/986/986 954/954/954
f 986/986/986 987/987/987 954/954/954
f 954/954/954 987/987/987 955/955/955
f 987/987/987 988/988/988 955/955/955
f 955/955/955 988/988/988 956/956/956
f 988/988/988 989/989/989 956/956/956
f 956/956/956 989/989/989 957/957/957
f 989/989/989 990/990/990 957/957/957
f 958/958/958 991/991/991 959/959/959
f 991/991/991 992/992/992 959/959/959
f 959/959/959 992/992/992 960/960/960
f 992/992/992 993/993/993 960/960/960
f 960/960/960 993/993/993 961/961/961
f 993/993/993 994/994/994 961/961/961
f 961/961/961 994/994/994 962/962/962
f 994/994/994 995/995/995 962/962/962
f 962/962/962 995/995/995 963/963/963
f 995/995/995 996/996/996 963/963/963
f 963/963/963 996/996/996 964/964/964
f 996/996/996 997/997/997 964/964/964
f 964/964/964 997/997/997 965/965/965
f 997/997/997 998/998/998 965/965/965
f 965/965/965 998/998/998 966/966/966
f 998/998/998 999/999/999 966/966/966
f 966/966/966 999/999/999 967/967/967
f 999/999/999 1000/1000/1000 967/967/967
f 967/967/967 1000/1000/1000 968/968/968
f 1000/1000/1000 1001/1001/1001 968/968/968
f 968/968/968 1001/1001/1001 969/969/969
f 1001/1001/1001 1002/1002/1002 969/969/969
f 969/969/969 1002/1002/1002 970/970/970
f 1002/1002/1002 1003/1003/1003 970/970/970
f 970/970/970 1003/1003/1003 971/971/971
f 1003/1003/1003 1004/1004/1004 971/971/971
f 971/971/971 1004/1004/1004 972/972/972
f 1004/1004/1004 1005/1005/1005 972/972/972
f 972/972/972 1005/1005/1005 973/973/973
f 1005/1005/1005 1006/1006/1006 973/973/973
f 973/973/973 1006/1006/1006 974/974/974
f 1006/1006/1006 1007/1007/1007 974/974/974
f 974/974/974 1007/1007/1007 975/975/975
f 1007/1007/1007 1008/1008/1008 975/975/975
f 975/975/975 1008/1008/1008 976/976/976
f 1008/1008/1008 1009/1009/1009 976/976/976
f 976/976/976 1009/1009/1009 977/977/977
f 1009/1009/1009 1010/1010/1010 977/977/977
f 977/977/977 1010/1010/1010 978/978/978
f 1010/1010/1010 1011/1011/1011 978/978/978
f 978/978/978 1011/1011/1011 979/979/979
f 1011/1011/1011 1012/1012/1012 979/979/979
f 979/979/979 1012/1012/1012 980/980/980
f 1012/1012/1012 1013/1013/1013 980/980/980
f 980/980/980 1013/1013/1013 981/981/981
f 1013/1013/1013 1014/1014/1014 981/981/981
f 981/981/981 1014/1014/1014 982/982/982
f 1014/1014/1014 1015/1015/1015 982/982/982
f 982/982/982 1015/1015/1015 983/983/983
f 1015/1015/1015 1016/1016/1016 983/983/983
f 983/983/983 1016/1016/1016 984/984/984
f 1016/1016/1016 1017/1017/1017 984/984/984
f 984/984/984 1017/1017/1017 985/985/985
f 1017/1017/1017 1018/1018/1018 985/985/985
f 985/985/985 1018/1018/1018 986/986/986
f 1018/1018/1018 1019/1019/1019 986/986/986
f 986/986/986 1019/1019/1019 987/987/987
f 1019/1019/1019 1020/1020/1020 987/987/987
f 987/987/987 1020/1020/1020 988/988/988
f 1020/1020/1020 1021/1021/1021 988/988/988
f 988/988/988 1021/1021/1021 989/989/989
f 1021/1021/1021 1022/1022/1022 989/989/989
f 989/989/989 1022/1022/1022 990/990/990
f 1022/1022/1022 1023/1023/1023 990/990/990
f 991/991/991 1024/1024/1024 992/992/992
f 1024/1024/1024 1025/1025/1025 992/992/992
f 992/992/992 1025/1025/1025 993/993/993
f 1025/1025/1025 1026/1026/1026 993/993/993
f 993/993/993 1026/1026/1026 994/994/994
f 1026/1026/1026 1027/1027/1027 994/994/994
f 994/994/994 1027/1027/1027 995/995/995
f 1027/1027/1027 1028/1028/1028 995/995/995
f 995/995/995 1028/1028/1028 996/996/996
f 1028/1028/1028 1029/1029/1029 996/996/996
f 996/996/996 1029/1029/1029 997/997/997
f 1029/1029/1029 1030/1030/1030 997/997/997
f 997/997/997 1030/1030/1030 998/998/998
f 1030/1030/1030 1031/1031/1031 998/998/998
f 998/998/998 1031/1031/1031 999/999/999
f 1031/1031/1031 1032/1032/1032 999/999/999
f 999/999/999 1032/1032/1032 1000/1000/1000
f 1032/1032/1032 1033/1033/1033 1000/1000/1000
f 1000/1000/1000 1033/1033/1033 1001/1001/1001
f 1033/1033/1033 1034/1034/1034 1001/1001/1001
f 1001/1001/1001 1034/1034/1034 1002/1002/1002
f 1034/1034/1034 1035/1035/1035 1002/1002/1002
f 1002/1002/1002 1035/1035/1035 1003/1003/1003
f 1035/1035/1035 1036/1036/1036 1003/1003/1003
f 1003/1003/1003 1036/1036/1036 1004/1004/1004
f 1036/1036/1036 1037/1037/1037 1004/1004/1004
f 1004/1004/1004 1037/1037/1037 1005/1005/1005
f 1037/1037/1037 1038/1038/1038 1005/1005/1005
f 1005/1005/1005 1038/1038/1038 1006/1006/1006
f 1038/1038/1038 1039/1039/1039 1006/1006/1006
f 1006/1006/1006 1039/1039/1039 1007/1007/1007
f 1039/1039/1039 1040/1040/1040 1007/1007/1007
f 1007/1007/1007 1040/1040/1040 1008/1008/1008
f 1040/1040/1040 1041/1041/1041 1008/1008/1008
f 1008/1008/1008 1041/1041/1041 1009/1009/1009
f 1041/1041/1041 1042/1042/1042 1009/1009/1009
f 1009/1009/1009 1042/1042/1042 1010/1010/1010
f 1042/1042/1042 1043/1043/1043 1010/1010/1010
f 1010/1010/1010 1043/1043/1043 1011/1011/1011
f 1043/1043/1043 1044/1044/1044 1011/1011/1011
f 1011/1011/1011 1044/1044/1044 1012/1012/1012
f 1044/1044/1044 1045/1045/1045 1012/1012/1012
f 1012/1012/1012 1045/1045/1045 1013/1013/1013
f 1045/1045/1045 1046/1046/1046 1013/1013/1013
f 1013/1013/1013 1046/1046/1046 1014/1014/1014
f 1046/1046/1046 1047/1047/1047 1014/1014/1014
f 1014/1014/1014 1047/1047/1047 1015/1015/1015
f 1047/1047/1047 1048/1048/1048 1015/1015/1015
f 1015/1015/1015 1048/1048/1048 1016/1016/1016
f 1048/1048/1048 1049/1049/1049 1016/1016/1016
f 1016/1016/1016 1049/1049/1049 1017/1017/1017
f 1049/1049/1049 1050/1050/1050 1017/1017/1017
f 1017/1017/1017 1050/1050/1050 1018/1018/1018
f 1050/1050/1050 1051/1051/1051 1018/1018/1018
f 1018/1018/1018 1051/1051/1051 1019/1019/1019
f 1051/1051/1051 1052/1052/1052 1019/1019/1019
f 1019/1019/1019 1052/1052/1052 1020/1020/1020
f 1052/1052/1052 1053/1053/1053 1020/1020/1020
f 1020/1020/1020 1053/1053/1053 1021/1021/1021
f 1053/1053/1053 1054/1054/1054 1021/1021/1021
f 1021/1021/1021 1054/1054/1054 1022/1022/1022
f 1054/1054/1054 1055/1055/1055 1022/1022/1022
f 1022/1022/1022 1055/1055/1055 1023/1023/1023
f 1055/1055/1055 1056/1056/1056 1023/1023/1023
f 1024/1024/1024 1057/1057/1057 1025/1025/1025
f 1057/1057/1057 1058/1058/1058 1025/1025/1025
f 1025/1025/1025 1058/1058/1058 1026/1026/1026
f 1058/1058/1058 1059/1059/1059 1026/1026/1026
f 1026/1026/1026 1059/1059/1059 1027/1027/1027
f 1059/1059/1059 1060/1060/1060 1027/1027/1027
f 1027/1027/1027 1060/1060/1060 1028/1028/1028
f 1060/1060/1060 1061/1061/1061 1028/1028/1028
f 1028/1028/1028 1061/1061/1061 1029/1029/1029
f 1061/1061/1061 1062/1062/1062 1029/1029/1029
f 1029/1029/1029 1062/1062/1062 1030/1030/1030
f 1062/1062/1062 1063/1063/1063 1030/1030/1030
f 1030/1030/1030 1063/1063/1063 1031/1031/1031
f 1063/1063/1063 1064/1064/1064 1031/1031/1031
f 1031/1031/1031 1064/1064/1064 1032/1032/1032
f 1064/1064/1064 1065/1065/1065 1032/1032/1032
f 1032/1032/1032 1065/1065/1065 1033/1033/1033
f 1065/1065/1065 1066/1066/1066 1033/1033/1033
f 1033/1033/1033 1066/1066/1066 1034/1034/1034
f 1066/1066/1066 1067/1067/1067 1034/1034/1034
f 1034/1034/1034 1067/1067/1067 1035/1035/1035
f 1067/1067/1067 1068/1068/1068 1035/1035/1035
f 1035/1035/1035 1068/1068/1068 1036/1036/1036
f 1068/1068/1068 1069/1069/1069 1036/1036/1036
f 1036/1036/1036 1069/1069/1069 1037/1037/1037
f 1069/1069/1069 1070/1070/1070 1037/1037/1037
f 1037/1037/1037 1070/1070/1070 1038/1038/1038
f 1070/1070/1070 1071/1071/1071 1038/1038/1038
f 1038/1038/1038 1071/1071/1071 1039/1039/1039
f 1071/1071/1071 1072/1072/1072 1039/1039/1039
f 1039/1039/1039 1072/1072/1072 1040/1040/1040
f 1072/1072/1072 1073/1073/1073 1040/1040/1040
f 1040/1040/1040 1073/1073/1073 1041/1041/1041
f 1073/1073/1073 1074/1074/1074 1041/1041/1041
f 1041/1041/1041 1074/1074/1074 1042/1042/1042
f 1074/1074/1074 1075/1075/1075 1042/1042/1042
f 1042/1042/1042 1075/1075/1075 1043/1043/1043
f 1075/1075/1075 1076/1076/1076 1043/1043/1043
f 1043/1043/1043 1076/1076/1076 1044/1044/1044
f 1076/1076/1076 1077/1077/1077 1044/1044/1044
f 1044/1044/1044 1077/1077/1077 1045/1045/1045
f 1077/1077/1077 1078/1078/1078 1045/1045/1045
f 1045/1045/1045 1078/1078/1078 1046/1046/1046
f 1078/1078/1078 1079/1079/1079 1046/1046/1046
f 1046/1046/1046 1079/1079/1079 1047/1047/1047
f 1079/1079/1079 1080/1080/1080 1047/1047/1047
f 1047/1047/1047 1080/1080/1080 1048/1048/1048
f 1080/1080/1080 1081/1081/1081 1048/1048/1048
f 1048/1048/1048 1081/1081/1081 1049/1049/1049
f 1081/1081/1081 1082/1082/1082 1049/1049/1049
f 1049/1049/1049 1082/1082/1082 1050/1050/1050
f 1082/1082/1082 1083/1083/1083 1050/1050/1050
f 1050/1050/1050 1083/1083/1083 1051/1051/1051
f 1083/1083/1083 1084/1084/1084 1051/1051/1051
f 1051/1051/1051 1084/1084/1084 1052/1052/1052
f 1084/1084/1084 1085/1085/1085 1052/1052/1052
f 1052/1052/1052 1085/1085/1085 1053/1053/1053
f 1085/1085/1085 1086/1086/1086 1053/1053/1053
f 1053/1053/1053 1086/1086/1086 1054/1054/1054
f 1086/1086/1086 1087/1087/1087 1054/1054/1054
f 1054/1054/1054 1087/1087/1087 1055/1055/1055
f 1087/1087/1087 1088/1088/1088 1055/1055/1055
f 1055/1055/1055 1088/1088/1088 1056/1056/1056
f 1088/1088/1088 1089/1089/1089 1056/1056/1056
f 1057/1057/1057 1090/1090/1090 1058/1058/1058
f 1090/1090/1090 1091/1091/1091 1058/1058/1058
f 1058/1058/1058 1091/1091/1091 1059/1059/1059
f 1091/1091/1091 1092/1092/1092 1059/1059/1059
f 1059/1059/1059 1092/1092/1092 1060/1060/1060
f 1092/1092/1092 1093/1093/1093 1060/1060/1060
f 1060/1060/1060 1093/1093/1093 1061/1061/1061
f 1093/1093/1093 1094/1094/1094 1061/1061/1061
f 1061/1061/1061 1094/1094/1094 1062/1062/1062
f 1094/1094/1094 1095/1095/1095 1062/1062/1062
f 1062/1062/1062 1095/1095/1095 1063/1063/1063
f 1095/1095/1095 1096/1096/1096 1063/1063/1063
f 1063/1063/1063 1096/1096/1096 1064/1064/1064
f 1096/1096/1096 1097/1097/1097 1064/1064/1064
f 1064/1064/1064 1097/1097/1097 1065/1065/1065
f 1097/1097/1097 1098/1098/1098 1065/1065/1065
f 1065/1065/1065 1098/1098/1098 1066/1066/1066
f 1098/1098/1098 1099/1099/1099 1066/1066/1066
f 1066/1066/1066 1099/1099/1099 1067/1067/1067
f 1099/1099/1099 1100/1100/1100 1067/1067/1067
f 1067/1067/1067 1100/1100/1100 1068/1068/1068
f 1100/1100/1100 1101/1101/1101 1068/1068/1068
f 1068/1068/1068 1101/1101/1101 1069/1069/1069
f 1101/1101/1101 1102/1102/1102 1069/1069/1069
f 1069/1069/1069 1102/1102/1102 1070/1070/1070
f 1102/1102/1102 1103/1103/1103 1070/1070/1070
f 1070/1070/1070 1103/1103/1103 1071/1071/1071
f 1103/1103/1103 1104/1104/1104 1071/1071/1071
f 1071/1071/1071 1104/1104/1104 1072/1072/1072
f 1104/1104/1104 1105/1105/1105 1072/1072/1072
f 1072/1072/1072 1105/1105/1105 1073/1073/1073
f 1105/1105/1105 1106/1106/1106 1073/1073/1073
f 1073/1073/1073 1106/1106/1106 1074/1074/1074
f 1106/1106/1106 1107/1107/1107 1074/1074/1074
f 1074/1074/1074 1107/1107/1107 1075/1075/1075
f 1107/1107/1107 1108/1108/1108 1075/1075/1075
f 1075/1075/1075 1108/1108/1108 1076/1076/1076
f 1108/1108/1108 1109/1109/1109 1076/1076/1076
f 1076/1076/1076 1109/1109/1109 1077/1077/1077
f 1109/1109/1109 1110/1110/1110 1077/1077/1077
f 1077/1077/1077 1110/1110/1110 1078/1078/1078
f 1110/1110/1110 1111/1111/1111 1078/1078/1078
f 1078/1078/1078 1111/1111/1111 1079/1079/1079
f 1111/1111/1111 1112/1112/1112 1079/1079/1079
f 1079/1079/1079 1112/1112/1112 1080/1080/1080
f 1112/1112/1112 1113/1113/1113 1080/1080/1080
f 1080/1080/1080 1113/1113/1113 1081/1081/1081
f 1113/1113/1113 1114/1114/1114 1081/1081/1081
f 1081/1081/1081 1114/1114/1114 1082/1082/1082
f 1114/1114/1114 1115/1115/1115 1082/1082/1082
f 1082/1082/1082 1115/1115/1115 1083/1083/1083
f 1115/1115/1115 1116/1116/1116 1083/1083/1083
f 1083/1083/1083 1116/1116/1116 1084/1084/1084
f 1116/1116/1116 1117/1117/1117 1084/1084/1084
f 1084/1084/1084 1117/1117/1117 1085/1085/1085
f 1117/1117/1117 1118/1118/1118 1085/1085/1085
f 1085/1085/1085 1118/1118/1118 1086/1086/1086
f 1118/1118/1118 1119/1119/1119 1086/1086/1086
f 1086/1086/1086 1119/1119/1119 1087/1087/1087
f 1119/1119/1119 1120/1120/1120 1087/1087/1087
f 1087/1087/1087 1120/1120/1120 1088/1088/1088
f 1120/1120/1120 1121/1121/1121 1088/1088/1088
f 1088/1088/1088 1121/1121/1121 1089/1089/1089
f 1121/1121/1121 1122/1122/1122 1089/1089/1089
f 1090/1090/1090 1123/1123/1123 1091/1091/1091
f 1123/1123/1123 1124/1124/1124 1091/1091/1091
f 1091/1091/1091 1124/1124/1124 1092/1092/1092
f 1124/1124/1124 1125/1125/1125 1092/1092/1092
f 1092/1092/1092 1125/1125/1125 1093/1093/1093
f 1125/1125/1125 1126/1126/1126 1093/1093/1093
f 1093/1093/1093 1126/1126/1126 1094/1094/1094
f 1126/1126/1126 1127/1127/1127 1094/1094/1094
f 1094/1094/1094 1127/1127/1127 1095/1095/1095
f 1127/1127/1127 1128/1128/1128 1095/1095/1095
f 1095/1095/1095 1128/1128/1128 1096/1096/1096
f 1128/1128/1128 1129/1129/1129 1096/1096/1096
f 1096/1096/1096 1129/1129/1129 1097/1097/1097
f 1129/1129/1129 1130/1130/1130 1097/1097/1097
f 1097/1097/1097 1130/1130/1130 1098/1098/1098
f 1130/1130/1130 1131/1131/1131 1098/1098/1098
f 1098/1098/1098 1131/1131/1131 1099/1099/1099
f 1131/1131/1131 1132/1132/1132 1099/1099/1099
f 1099/1099/1099 1132/1132/1132 1100/1100/1100
f 1132/1132/1132 1133/1133/1133 1100/1100/1100
f 1100/1100/1100 1133/1133/1133 1101/1101/1101
f 1133/1133/1133 1134/1134/1134 1101/1101/1101
f 1101/1101/1101 1134/1134/1134 1102/1102/1102
f 1134/1134/1134 1135/1135/1135 1102/1102/1102
f 1102/1102/1102 1135/1135/1135 1103/1103/1103
f 1135/1135/1135 1136/1136/1136 1103/1103/1103
f 1103/1103/1103 1136/1136/1136 1104/1104/1104
f 1136/1136/1136 1137/1137/1137 1104/1104/1104
f 1104/1104/1104 1137/1137/1137 1105/1105/1105
f 1137/1137/1137 1138/1138/1138 1105/1105/1105
f 1105/1105/1105 1138/1138/1138 1106/1106/1106
f 1138/1138/1138 1139/1139/1139 1106/1106/1106
f 1106/1106/1106 1139/1139/1139 1107/1107/1107
f 1139/1139/1139 1140/1140/1140 1107/1107/1107
f 1107/1107/1107 1140/1140/1140 1108/1108/1108
f 1140/1140/1140 1141/1141/1141 1108/1108/1108
f 1108/1108/1108 1141/1141/1141 1109/1109/1109
f 1141/1141/1141 1142/1142/1142 1109/1109/1109
f 1109/1109/1109 1142/1142/1142 1110/1110/1110
f 1142/1142/1142 1143/1143/1143 1110/1110/1110
f 1110/1110/1110 1143/1143/1143 1111/1111/1111
f 1143/1143/1143 1144/1144/1144 1111/1111/1111
f 1111/1111/1111 1144/1144/1144 1112/1112/1112
f 1144/1144/1144 1145/1145/1145 1112/1112/1112
f 1112/1112/1112 1145/1145/1145 1113/1113/1113
f 1145/1145/1145 1146/1146/1146 1113/1113/1113
f 1113/1113/1113 1146/1146/1146 1114/1114/1114
f 1146/1146/1146 1147/1147/1147 1114/1114/1114
f 1114/1114/1114 1147/1147/1147 1115/1115/1115
f 1147/1147/1147 1148/1148/1148 1115/1115/1115
f 1115/1115/1115 1148/1148/1148 1116/1116/1116
f 1148/1148/1148 1149/1149/1149 1116/1116/1116
f 1116/1116/1116 1149/1149/1149 1117/1117/1117
f 1149/1149/1149 1150/1150/1150 1117/1117/1117
f 1117/1117/1117 1150/1150/1150 1118/1118/1118
f 1150/1150/1150 1151/1151/1151 1118/1118/1118
f 1118/1118/1118 1151/1151/1151 1119/1119/1119
f 1151/1151/1151 1152/1152/1152 1119/1119/1119
f 1119/1119/1119 1152/1152/1152 1120/1120/1120
f 1152/1152/1152 1153/1153/1153 1120/1120/1120
f 1120/1120/1120 1153/1153/1153 1121/1121/1121
f 1153/1153/1153 1154/1154/1154 1121/1121/1121
f 1121/1121/1121 1154/1154/1154 1122/1122/1122
f 1154/1154/1154 1155/1155/1155 1122/1122/1122
f 1123/1123/1123 1156/1156/1156 1124/1124/1124
f 1156/1156/1156 1157/1157/1157 1124/1124/1124
f 1124/1124/1124 1157/1157/1157 1125/1125/1125
f 1157/1157/1157 1158/1158/1158 1125/1125/1125
f 1125/1125/1125 1158/1158/1158 1126/1126/1126
f 1158/1158/1158 1159/1159/1159 1126/1126/1126
f 1126/1126/1126 1159/1159/1159 1127/1127/1127
f 1159/1159/1159 1160/1160/1160 1127/1127/1127
f 1127/1127/1127 1160/1160/1160 1128/1128/1128
f 1160/1160/1160 1161/1161/1161 1128/1128/1128
f 1128/1128/1128 1161/1161/1161 1129/1129/1129
f 1161/1161/1161 1162/1162/1162 1129/1129/1129
f 1129/1129/1129 1162/1162/1162 1130/1130/1130
f 1162/1162/1162 1163/1163/1163 1130/1130/1130
f 1130/1130/1130 1163/1163/1163 1131/1131/1131
f 1163/1163/1163 1164/1164/1164 1131/1131/1131
f 1131/1131/1131 1164/1164/1164 1132/1132/1132
f 1164/1164/1164 1165/1165/1165 1132/1132/1132
f 1132/1132/1132 1165/1165/1165 1133/1133/1133
f 1165/1165/1165 1166/1166/1166 1133/1133/1133
f 1133/1133/1133 1166/1166/1166 1134/1134/1134
f 1166/1166/1166 1167/1167/1167 1134/1134/1134
f 1134/1134/1134 1167/1167/1167 1135/1135/1135
f 1167/1167/1167 1168/1168/1168 1135/1135/1135
f 1135/1135/1135 1168/1168/1168 1136/1136/1136
f 1168/1168/1168 1169/1169/1169 1136/1136/1136
f 1136/1136/1136 1169/1169/1169 1137/1137/1137
f 1169/1169/1169 1170/1170/1170 1137/1137/1137
f 1137/1137/1137 1170/1170/1170 1138/1138/1138
f 1170/1170/1170 1171/1171/1171 1138/1138/1138
f 1138/1138/1138 1171/1171/1171 1139/1139/1139
f 1171/1171/1171 1172/1172/1172 1139/1139/1139
f 1139/1139/1139 1172/1172/1172 1140/1140/1140
f 1172/1172/1172 1173/1173/1173 1140/1140/1140
f 1140/1140/1140 1173/1173/1173 1141/1141/1141
f 1173/1173/1173 1174/1174/1174 1141/1141/1141
f 1141/1141/1141 1174/1174/1174 1142/1142/1142
f 1174/1174/1174 1175/1175/1175 1142/1142/1142
f 1142/1142/1142 1175/1175/1175 1143/1143/1143
f 1175/1175/1175 1176/1176/1176 1143/1143/1143
f 1143/1143/1143 1176/1176/1176 1144/1144/1144
f 1176/1176/1176 1177/1177/1177 1144/1144/1144
f 1144/1144/1144 1177/1177/1177 1145/1145/1145
f 1177/1177/1177 1178/1178/1178 1145/1145/1145
f 1145/1145/1145 1178/1178/1178 1146/1146/1146
f 1178/1178/1178 1179/1179/1179 1146/1146/1146
f 1146/1146/1146 1179/1179/1179 1147/1147/1147
f 1179/1179/1179 1180/1180/1180 1147/1147/1147
f 1147/1147/1147 1180/1180/1180 1148/1148/1148
f 1180/1180/1180 1181/1181/1181 1148/1148/1148
f 1148/1148/1148 1181/1181/1181 1149/1149/1149
f 1181/1181/1181 1182/1182/1182 1149/1149/1149
f 1149/1149/1149 1182/1182/1182 1150/1150/1150
f 1182/1182/1182 1183/1183/1183 1150/1150/1150
f 1150/1150/1150 1183/1183/1183 1151/1151/1151
f 1183/1183/1183 1184/1184/1184 1151/1151/1151
f 1151/1151/1151 1184/1184/1184 1152/1152/1152
f 1184/1184/1184 1185/1185/1185 1152/1152/1152
f 1152/1152/1152 1185/1185/1185 1153/1153/1153
f 1185/1185/1185 1186/1186/1186 1153/1153/1153
f 1153/1153/1153 1186/1186/1186 1154/1154/1154
f 1186/1186/1186 1187/1187/1187 1154/1154/1154
f 1154/1154/1154 1187/1187/1187 1155/1155/1155
f 1187/1187/1187 1188/1188/1188 1155/1155/1155
f 1156/1156/1156 1189/1189/1189 1157/1157/1157
f 1189/1189/1189 1190/1190/1190 1157/1157/1157
f 1157/1157/1157 1190/1190/1190 1158/1158/1158
f 1190/1190/1190 1191/1191/1191 1158/1158/1158
f 1158/1158/1158 1191/1191/1191 1159/1159/1159
f 1191/1191/1191 1192/1192/1192 1159/1159/1159
f 1159/1159/1159 1192/1192/1192 1160/1160/1160
f 1192/1192/1192 1193/1193/1193 1160/1160/1160
f 1160/1160/1160 1193/1193/1193 1161/1161/1161
f 1193/1193/1193 1194/1194/1194 1161/1161/1161
f 1161/1161/1161 1194/1194/1194 1162/1162/1162
f 1194/1194/1194 1195/1195/1195 1162/1162/1162
f 1162/1162/1162 1195/1195/1195 1163/1163/1163
f 1195/1195/1195 1196/1196/1196 1163/1163/1163
f 1163/1163/1163 1196/1196/1196 1164/1164/1164
f 1196/1196/1196 1197/1197/1197 1164/1164/1164
f 1164/1164/1164 1197/1197/1197 1165/1165/1165
f 1197/1197/1197 1198/1198/1198 1165/1165/1165
f 1165/1165/1165 1198/1198/1198 1166/1166/1166
f 1198/1198/1198 1199/1199/1199 1166/1166/1166
f 1166/1166/1166 1199/1199/1199 1167/1167/1167
f 1199/1199/1199 1200/1200/1200 1167/1167/1167
f 1167/1167/1167 1200/1200/1200 1168/1168/1168
f 1200/1200/1200 1201/1201/1201 1168/1168/1168
f 1168/1168/1168 1201/1201/1201 1169/1169/1169
f 1201/1201/1201 1202/1202/1202 1169/1169/1169
f 1169/1169/1169 1202/1202/1202 1170/1170/1170
f 1202/1202/1202 1203/1203/1203 1170/1170/1170
f 1170/1170/1170 1203/1203/1203 1171/1171/1171
f 1203/1203/1203 1204/1204/1204 1171/1171/1171
f 1171/1171/1171 1204/1204/1204 1172/1172/1172
f 1204/1204/1204 1205/1205/1205 1172/1172/1172
f 1172/1172/1172 1205/1205/1205 1173/1173/1173
f 1205/1205/1205 1206/1206/1206 1173/1173/1173
f 1173/1173/1173 1206/1206/1206 1174/1174/1174
f 1206/1206/1206 1207/1207/1207 1174/1174/1174
f 1174/1174/1174 1207/1207/1207 1175/1175/1175
f 1207/1207/1207 1208/1208/1208 1175/1175/1175
f 1175/1175/1175 1208/1208/1208 1176/1176/1176
f 1208/1208/1208 1209/1209/1209 1176/1176/1176
f 1176/1176/1176 1209/1209/1209 1177/1177/1177
f 1209/1209/1209 1210/1210/1210 1177/1177/1177
f 1177/1177/1177 1210/1210/1210 1178/1178/1178
f 1210/1210/1210 1211/1211/1211 1178/1178/1178
f 1178/1178/1178 1211/1211/1211 1179/1179/1179
f 1211/1211/1211 1212/1212/1212 1179/1179/1179
f 1179/1179/1179 1212/1212/1212 1180/1180/1180
f 1212/1212/1212 1213/1213/1213 1180/1180/1180
f 1180/1180/1180 1213/1213/1213 1181/1181/1181
f 1213/1213/1213 1214/1214/1214 1181/1181/1181
f 1181/1181/1181 1214/1214/1214 1182/1182/1182
f 1214/1214/1214 1215/1215/1215 1182/1182/1182
f 1182/1182/1182 1215/1215/1215 1183/1183/1183
f 1215/1215/1215 1216/1216/1216 1183/1183/1183
f 1183/1183/1183 1216/1216/1216 1184/1184/1184
f 1216/1216/1216 1217/1217/1217 1184/1184/1184
f 1184/1184/1184 1217/1217/1217 1185/1185/1185
f 1217/1217/1217 1218/1218/1218 1185/1185/1185
f 1185/1185/1185 1218/1218/1218 1186/1186/1186
f 1218/1218/1218 1219/1219/1219 1186/1186/1186
f 1186/1186/1186 1219/1219/1219 1187/1187/1187
f 1219/1219/1219 1220/1220/1220 1187/1187/1187
f 1187/1187/1187 1220/1220/1220 1188/1188/1188
f 1220/1220/1220 1221/1221/1221 1188/1188/1188
f 1189/1189/1189 1222/1222/1222 1190/1190/1190
f 1222/1222/1222 1223/1223/1223 1190/1190/1190
f 1190/1190/1190 1223/1223/1223 1191/1191/1191
f 1223/1223/1223 1224/1224/1224 1191/1191/1191
f 1191/1191/1191 1224/1224/1224 1192/1192/1192
f 1224/1224/1224 1225/1225/1225 1192/1192/1192
f 1192/1192/1192 1225/1225/1225 1193/1193/1193
f 1225/1225/1225 1226/1226/1226 1193/1193/1193
f 1193/1193/1193 1226/1226/1226 1194/1194/1194
f 1226/1226/1226 1227/1227/1227 1194/1194/1194
f 1194/1194/1194 1227/1227/1227 1195/1195/1195
f 1227/1227/1227 1228/1228/1228 1195/1195/1195
f 1195/1195/1195 1228/1228/1228 1196/1196/1196
f 1228/1228/1228 1229/1229/1229 1196/1196/1196
f 1196/1196/1196 1229/1229/1229 1197/1197/1197
f 1229/1229/1229 1230/1230/1230 1197/1197/1197
f 1197/1197/1197 1230/1230/1230 1198/1198/1198
f 1230/1230/1230 1231/1231/1231 1198/1198/1198
f 1198/1198/1198 1231/1231/1231 1199/1199/1199
f 1231/1231/1231 1232/1232/1232 1199/1199/1199
f 1199/1199/1199 1232/1232/1232 1200/1200/1200
f 1232/1232/1232 1233/1233/1233 1200/1200/1200
f 1200/1200/1200 1233/1233/1233 1201/1201/1201
f 1233/1233/1233 1234/1234/1234 1201/1201/1201
f 1201/1201/1201 1234/1234/1234 1202/1202/1202
f 1234/1234/1234 1235/1235/1235 1202/1202/1202
f 1202/1202/1202 1235/1235/1235 1203/1203/1203
f 1235/1235/1235 1236/1236/1236 1203/1203/1203
f 1203/1203/1203 1236/1236/1236 1204/1204/1204
f 1236/1236/1236 1237/1237/1237 1204/1204/1204
f 1204/1204/1204 1237/1237/1237 1205/1205/1205
f 1237/1237/1237 1238/1238/1238 1205/1205/1205
f 1205/1205/1205 1238/1238/1238 1206/1206/1206
f 1238/1238/1238 1239/1239/1239 1206/1206/1206
f 1206/1206/1206 1239/1239/1239 1207/1207/1207
f 1239/1239/1239 1240/1240/1240 1207/1207/1207
f 1207/1207/1207 1240/1240/1240 1208/1208/1208
f 1240/1240/1240 1241/1241/1241 1208/1208/1208
f 1208/1208/1208 1241/1241/1241 1209/1209/1209
f 1241/1241/1241 1242/1242/1242 1209/1209/1209
f 1209/1209/1209 1242/1242/1242 1210/1210/1210
f 1242/1242/1242 1243/1243/1243 1210/1210/1210
f 1210/1210/1210 1243/1243/1243 1211/1211/1211
f 1243/1243/1243 1244/1244/1244 1211/1211/1211
f 1211/1211/1211 1244/1244/1244 1212/1212/1212
f 1244/1244/1244 1245/1245/1245 1212/1212/1212
f 1212/1212/1212 1245/1245/1245 1213/1213/1213
f 1245/1245/1245 1246/1246/1246 1213/1213/1213
f 1213/1213/1213 1246/1246/1246 1214/1214/1214
f 1246/1246/1246 1247/1247/1247 1214/1214/1214
f 1214/1214/1214 1247/1247/1247 1215/1215/1215
f 1247/1247/1247 1248/1248/1248 1215/1215/1215
f 1215/1215/1215 1248/1248/1248 1216/1216/1216
f 1248/1248/1248 1249/1249/1249 1216/1216/1216
f 1216/1216/1216 1249/1249/1249 1217/1217/1217
f 1249/1249/1249 1250/1250/1250 1217/1217/1217
f 1217/1217/1217 1250/1250/1250 1218/1218/1218
f 1250/1250/1250 1251/1251/1251 1218/1218/1218
f 1218/1218/1218 1251/1251/1251 1219/1219/1219
f 1251/1251/1251 1252/1252/1252 1219/1219/1219
f 1219/1219/1219 1252/1252/1252 1220/1220/1220
f 1252/1252/1252 1253/1253/1253 1220/1220/1220
f 1220/1220/1220 1253/1253/1253 1221/1221/1221
f 1253/1253/1253 1254/1254/1254 1221/1221/1221
f 1222/1222/1222 1255/1255/1255 1223/1223/1223
f 1255/1255/1255 1256/1256/1256 1223/1223/1223
f 1223/1223/1223 1256/1256/1256 1224/1224/1224
f 1256/1256/1256 1257/1257/1257 1224/1224/1224
f 1224/1224/1224 1257/1257/1257 1225/1225/1225
f 1257/1257/1257 1258/1258/1258 1225/1225/1225
f 1225/1225/1225 1258/1258/1258 1226/1226/1226
f 1258/1258/1258 1259/1259/1259 1226/1226/1226
f 1226/1226/1226 1259/1259/1259 1227/1227/1227
f 1259/1259/1259 1260/1260/1260 1227/1227/1227
f 1227/1227/1227 1260/1260/1260 1228/1228/1228
f 1260/1260/1260 1261/1261/1261 1228/1228/1228
f 1228/1228/1228 1261/1261/1261 1229/1229/1229
f 1261/1261/1261 1262/1262/1262 1229/1229/1229
f 1229/1229/1229 1262/1262/1262 1230/1230/1230
f 1262/1262/1262 1263/1263/1263 1230/1230/1230
f 1230/1230/1230 1263/1263/1263 1231/1231/1231
f 1263/1263/1263 1264/1264/1264 1231/1231/1231
f 1231/1231/1231 1264/1264/1264 1232/1232/1232
f 1264/1264/1264 1265/1265/1265 1232/1232/1232
f 1232/1232/1232 1265/1265/1265 1233/1233/1233
f 1265/1265/1265 1266/1266/1266 1233/1233/1233
f 1233/1233/1233 1266/1266/1266 1234/1234/1234
f 1266/1266/1266 1267/1267/1267 1234/1234/1234
f 1234/1234/1234 1267/1267/1267 1235/1235/1235
f 1267/1267/1267 1268/1268/1268 1235/1235/1235
f 1235/1235/1235 1268/1268/1268 1236/1236/1236
f 1268/1268/1268 1269/1269/1269 1236/1236/1236
f 1236/1236/1236 1269/1269/1269 1237/1237/1237
f 1269/1269/1269 1270/1270/1270 1237/1237/1237
f 1237/1237/1237 1270/1270/1270 1238/1238/1238
f 1270/1270/1270 1271/1271/1271 1238/1238/1238
f 1238/1238/1238 1271/1271/1271 1239/1239/1239
f 1271/1271/1271 1272/1272/1272 1239/1239/1239
f 1239/1239/1239 1272/1272/1272 1240/1240/1240
f 1272/1272/1272 1273/1273/1273 1240/1240/1240
f 1240/1240/1240 1273/1273/1273 1241/1241/1241
f 1273/1273/1273 1274/1274/1274 1241/1241/1241
f 1241/1241/1241 1274/1274/1274 1242/1242/1242
f 1274/1274/1274 1275/1275/1275 1242/1242/1242
f 1242/1242/1242 1275/1275/1275 1243/1243/1243
f 1275/1275/1275 1276/1276/1276 1243/1243/1243
f 1243/1243/1243 1276/1276/1276 1244/1244/1244
f 1276/1276/1276 1277/1277/1277 1244/1244/1244
f 1244/1244/1244 1277/1277/1277 1245/1245/1245
f 1277/1277/1277 1278/1278/1278 1245/1245/1245
f 1245/1245/1245 1278/1278/1278 1246/1246/1246
f 1278/1278/1278 1279/1279/1279 1246/1246/1246
f 1246/1246/1246 1279/1279/1279 1247/1247/1247
f 1279/1279/1279 1280/1280/1280 1247/1247/1247
f 1247/1247/1247 1280/1280/1280 1248/1248/1248
f 1280/1280/1280 1281/1281/1281 1248/1248/1248
f 1248/1248/1248 1281/1281/1281 1249/1249/1249
f 1281/1281/1281 1282/1282/1282 1249/1249/1249
f 1249/1249/1249 1282/1282/1282 1250/1250/1250
f 1282/1282/1282 1283/1283/1283 1250/1250/1250
f 1250/1250/1250 1283/1283/1283 1251/1251/1251
f 1283/1283/1283 1284/1284/1284 1251/1251/1251
f 1251/1251/1251 1284/1284/1284 1252/1252/1252
f 1284/1284/1284 1285/1285/1285 1252/1252/1252
f 1252/1252/1252 1285/1285/1285 1253/1253/1253
f 1285/1285/1285 1286/1286/1286 1253/1253/1253
f 1253/1253/1253 1286/1286/1286 1254/1254/1254
f 1286/1286/1286 1287/1287/1287 1254/1254/1254
f 1255/1255/1255 1288/1288/1288 1256/1256/1256
f 1288/1288/1288 1289/1289/1289 1256/1256/1256
f 1256/1256/1256 1289/1289/1289 1257/1257/1257
f 1289/1289/1289 1290/1290/1290 1257/1257/1257
f 1257/1257/1257 1290/1290/1290 1258/1258/1258
f 1290/1290/1290 1291/1291/1291 1258/1258/1258
f 1258/1258/1258 1291/1291/1291 1259/1259/1259
f 1291/1291/1291 1292/1292/1292 1259/1259/1259
f 1259/1259/1259 1292/1292/1292 1260/1260/1260
f 1292/1292/1292 1293/1293/1293 1260/1260/1260
f 1260/1260/1260 1293/1293/1293 1261/1261/1261
f 1293/1293/1293 1294/1294/1294 1261/1261/1261
f 1261/1261/1261 1294/1294/1294 1262/1262/1262
f 1294/1294/1294 1295/1295/1295 1262/1262/1262
f 1262/1262/1262 1295/1295/1295 1263/1263/1263
f 1295/1295/1295 1296/1296/1296 1263/1263/1263
f 1263/1263/1263 1296/1296/1296 1264/1264/1264
f 1296/1296/1296 1297/1297/1297 1264/1264/1264
f 1264/1264/1264 1297/1297/1297 1265/1265/1265
f 1297/1297/1297 1298/1298/1298 1265/1265/1265
f 1265/1265/1265 1298/1298/1298 1266/1266/1266
f 1298/1298/1298 1299/1299/1299 1266/1266/1266
f 1266/1266/1266 1299/1299/1299 1267/1267/1267
f 1299/1299/1299 1300/1300/1300 1267/1267/1267
f 1267/1267/1267 1300/1300/1300 1268/1268/1268
f 1300/1300/1300 1301/1301/1301 1268/1268/1268
f 1268/1268/1268 1301/1301/1301 1269/1269/1269
f 1301/1301/1301 1302/1302/1302 1269/1269/1269
f 1269/1269/1269 1302/1302/1302 1270/1270/1270
f 1302/1302/1302 1303/1303/1303 1270/1270/1270
f 1270/1270/1270 1303/1303/1303 1271/1271/1271
f 1303/1303/1303 1304/1304/1304 1271/1271/1271
f 1271/1271/1271 1304/1304/1304 1272/1272/1272
f 1304/1304/1304 1305/1305/1305 1272/1272/1272
f 1272/1272/1272 1305/1305/1305 1273/1273/1273
f 1305/1305/1305 1306/1306/1306 1273/1273/1273
f 1273/1273/1273 1306/1306/1306 1274/1274/1274
f 1306/1306/1306 1307/1307/1307 1274/1274/1274
f 1274/1274/1274 1307/1307/1307 1275/1275/1275
f 1307/1307/1307 1308/1308/1308 1275/1275/1275
f 1275/1275/1275 1308/1308/1308 1276/1276/1276
f 1308/1308/1308 1309/1309/1309 1276/1276/1276
f 1276/1276/1276 1309/1309/1309 1277/1277/1277
f 1309/1309/1309 1310/1310/1310 1277/1277/1277
f 1277/1277/1277 1310/1310/1310 1278/1278/1278
f 1310/1310/1310 1311/1311/1311 1278/1278/1278
f 1278/1278/1278 1311/1311/1311 1279/1279/1279
f 1311/1311/1311 1312/1312/1312 1279/1279/1279
f 1279/1279/1279 1312/1312/1312 1280/1280/1280
f 1312/1312/1312 1313/1313/1313 1280/1280/1280
f 1280/1280/1280 1313/1313/1313 1281/1281/1281
f 1313/1313/1313 1314/1314/1314 1281/1281/1281
f 1281/1281/1281 1314/1314/1314 1282/1282/1282
f 1314/1314/1314 1315/1315/1315 1282/1282/1282
f 1282/1282/1282 1315/1315/1315 1283/1283/1283
f 1315/1315/1315 1316/1316/1316 1283/1283/1283
f 1283/1283/1283 1316/1316/1316 1284/1284/1284
f 1316/1316/1316 1317/1317/1317 1284/1284/1284
f 1284/1284/1284 1317/1317/1317 1285/1285/1285
f 1317/1317/1317 1318/1318/1318 1285/1285/1285
f 1285/1285/1285 1318/1318/1318 1286/1286/1286
f 1318/1318/1318 1319/1319/1319 1286/1286/1286
f 1286/1286/1286 1319/1319/1319 1287/1287/1287
f 1319/1319/1319 1320/1320/1320 1287/1287/1287
f 1288/1288/1288 1321/1321/1321 1289/1289/1289
f 1321/1321/1321 1322/1322/1322 1289/1289/1289
f 1289/1289/1289 1322/1322/1322 1290/1290/1290
f 1322/1322/1322 1323/1323/1323 1290/1290/1290
f 1290/1290/1290 1323/1323/1323 1291/1291/1291
f 1323/1323/1323 1324/1324/1324 1291/1291/1291
f 1291/1291/1291 1324/1324/1324 1292/1292/1292
f 1324/1324/1324 1325/1325/1325 1292/1292/1292
f 1292/1292/1292 1325/1325/1325 1293/1293/1293
f 1325/1325/1325 1326/1326/1326 1293/1293/1293
f 1293/1293/1293 1326/1326/1326 1294/1294/1294
f 1326/1326/1326 1327/1327/1327 1294/1294/1294
f 1294/1294/1294 1327/1327/1327 1295/1295/1295
f 1327/1327/1327 1328/1328/1328 1295/1295/1295
f 1295/1295/1295 1328/1328/1328 1296/1296/1296
f 1328/1328/1328 1329/1329/1329 1296/1296/1296
f 1296/1296/1296 1329/1329/1329 1297/1297/1297
f 1329/1329/1329 1330/1330/1330 1297/1297/1297
f 1297/1297/1297 1330/1330/1330 1298/1298/1298
f 1330/1330/1330 1331/1331/1331 1298/1298/1298
f 1298/1298/1298 1331/1331/1331 1299/1299/1299
f 1331/1331/1331 1332/1332/1332 1299/1299/1299
f 1299/1299/1299 1332/1332/1332 1300/1300/1300
f 1332/1332/1332 1333/1333/1333 1300/1300/1300
f 1300/1300/1300 1333/1333/1333 1301/1301/1301
f 1333/1333/1333 1334/1334/1334 1301/1301/1301
f 1301/1301/1301 1334/1334/1334 1302/1302/1302
f 1334/1334/1334 1335/1335/1335 1302/1302/1302
f 1302/1302/1302 1335/1335/1335 1303/1303/1303
f 1335/1335/1335 1336/1336/1336 1303/1303/1303
f 1303/1303/1303 1336/1336/1336 1304/1304/1304
f 1336/1336/1336 1337/1337/1337 1304/1304/1304
f 1304/1304/1304 1337/1337/1337 1305/1305/1305
f 1337/1337/1337 1338/1338/1338 1305/1305/1305
f 1305/1305/1305 1338/1338/1338 1306/1306/1306
f 1338/1338/1338 1339/1339/1339 1306/1306/1306
f 1306/1306/1306 1339/1339/1339 1307/1307/1307
f 1339/1339/1339 1340/1340/1340 1307/1307/1307
f 1307/1307/1307 1340/1340/1340 1308/1308/1308
f 1340/1340/1340 1341/1341/1341 1308/1308/1308
f 1308/1308/1308 1341/1341/1341 1309/1309/1309
f 1341/1341/1341 1342/1342/1342 1309/1309/1309
f 1309/1309/1309 1342/1342/1342 1310/1310/1310
f 1342/1342/1342 1343/1343/1343 1310/1310/1310
f 1310/1310/1310 1343/1343/1343 1311/1311/1311
f 1343/1343/1343 1344/1344/1344 1311/1311/1311
f 1311/1311/1311 1344/1344/1344 1312/1312/1312
f 1344/1344/1344 1345/1345/1345 1312/1312/1312
f 1312/1312/1312 1345/1345/1345 1313/1313/1313
f 1345/1345/1345 1346/1346/1346 1313/1313/1313
f 1313/1313/1313 1346/1346/1346 1314/1314/1314
f 1346/1346/1346 1347/1347/1347 1314/1314/1314
f 1314/1314/1314 1347/1347/1347 1315/1315/1315
f 1347/1347/1347 1348/1348/1348 1315/1315/1315
f 1315/1315/1315 1348/1348/1348 1316/1316/1316
f 1348/1348/1348 1349/1349/1349 1316/1316/1316
f 1316/1316/1316 1349/1349/1349 1317/1317/1317
f 1349/1349/1349 1350/1350/1350 1317/1317/1317
f 1317/1317/1317 1350/1350/1350 1318/1318/1318
f 1350/1350/1350 1351/1351/1351 1318/1318/1318
f 1318/1318/1318 1351/1351/1351 1319/1319/1319
f 1351/1351/1351 1352/1352/1352 1319/1319/1319
f 1319/1319/1319 1352/1352/1352 1320/1320/1320
f 1352/1352/1352 1353/1353/1353 1320/1320/1320
f 1321/1321/1321 1354/1354/1354 1322/1322/1322
f 1354/1354/1354 1355/1355/1355 1322/1322/1322
f 1322/1322/1322 1355/1355/1355 1323/1323/1323
f 1355/1355/1355 1356/1356/1356 1323/1323/1323
f 1323/1323/1323 1356/1356/1356 1324/1324/1324
f 1356/1356/1356 1357/1357/1357 1324/1324/1324
f 1324/1324/1324 1357/1357/1357 1325/1325/1325
f 1357/1357/1357 1358/1358/1358 1325/1325/1325
f 1325/1325/1325 1358/1358/1358 1326/1326/1326
f 1358/1358/1358 1359/1359/1359 1326/1326/1326
f 1326/1326/1326 1359/1359/1359 1327/1327/1327
f 1359/1359/1359 1360/1360/1360 1327/1327/1327
f 1327/1327/1327 1360/1360/1360 1328/1328/1328
f 1360/1360/1360 1361/1361/1361 1328/1328/1328
f 1328/1328/1328 1361/1361/1361 1329/1329/1329
f 1361/1361/1361 1362/1362/1362 1329/1329/1329
f 1329/1329/1329 1362/1362/1362 1330/1330/1330
f 1362/1362/1362 1363/1363/1363 1330/1330/1330
f 1330/1330/1330 1363/1363/1363 1331/1331/1331
f 1363/1363/1363 1364/1364/1364 1331/1331/1331
f 1331/1331/1331 1364/1364/1364 1332/1332/1332
f 1364/1364/1364 1365/1365/1365 1332/1332/1332
f 1332/1332/1332 1365/1365/1365 1333/1333/1333
f 1365/1365/1365 1366/1366/1366 1333/1333/1333
f 1333/1333/1333 1366/1366/1366 1334/1334/1334
f 1366/1366/1366 1367/1367/1367 1334/1334/1334
f 1334/1334/1334 1367/1367/1367 1335/1335/1335
f 1367/1367/1367 1368/1368/1368 1335/1335/1335
f 1335/1335/1335 1368/1368/1368 1336/1336/1336
f 1368/1368/1368 1369/1369/1369 1336/1336/1336
f 1336/1336/1336 1369/1369/1369 1337/1337/1337
f 1369/1369/1369 1370/1370/1370 1337/1337/1337
f 1337/1337/1337 1370/1370/1370 1338/1338/1338
f 1370/1370/1370 1371/1371/1371 1338/1338/1338
f 1338/1338/1338 1371/1371/1371 1339/1339/1339
f 1371/1371/1371 1372/1372/1372 1339/1339/1339
f 1339/1339/1339 1372/1372/1372 1340/1340/1340
f 1372/1372/1372 1373/1373/1373 1340/1340/1340
f 1340/1340/1340 1373/1373/1373 1341/1341/1341
f 1373/1373/1373 1374/1374/1374 1341/1341/1341
f 1341/1341/1341 1374/1374/1374 1342/1342/1342
f 1374/1374/1374 1375/1375/1375 1342/1342/1342
f 1342/1342/1342 1375/1375/1375 1343/1343/1343
f 1375/1375/1375 1376/1376/1376 1343/1343/1343
f 1343/1343/1343 1376/1376/1376 1344/1344/1344
f 1376/1376/1376 1377/1377/1377 1344/1344/1344
f 1344/1344/1344 1377/1377/1377 1345/1345/1345
f 1377/1377/1377 1378/1378/1378 1345/1345/1345
f 1345/1345/1345 1378/1378/1378 1346/1346/1346
f 1378/1378/1378 1379/1379/1379 1346/1346/1346
f 1346/1346/1346 1379/1379/1379 1347/1347/1347
f 1379/1379/1379 1380/1380/1380 1347/1347/1347
f 1347/1347/1347 1380/1380/1380 1348/1348/1348
f 1380/1380/1380 1381/1381/1381 1348/1348/1348
f 1348/1348/1348 1381/1381/1381 1349/1349/1349
f 1381/1381/1381 1382/1382/1382 1349/1349/1349
f 1349/1349/1349 1382/1382/1382 1350/1350/1350
f 1382/1382/1382 1383/1383/1383 1350/1350/1350
f 1350/1350/1350 1383/1383/1383 1351/1351/1351
f 1383/1383/1383 1384/1384/1384 1351/1351/1351
f 1351/1351/1351 1384/1384/1384 1352/1352/1352
f 1384/1384/1384 1385/1385/1385 1352/1352/1352
f 1352/1352/1352 1385/1385/1385 1353/1353/1353
f 1385/1385/1385 1386/1386/1386 1353/1353/1353
f 1354/1354/1354 1387/1387/1387 1355/1355/1355
f 1387/1387/1387 1388/1388/1388 1355/1355/1355
f 1355/1355/1355 1388/1388/1388 1356/1356/1356
f 1388/1388/1388 1389/1389/1389 1356/1356/1356
f 1356/1356/1356 1389/1389/1389 1357/1357/1357
f 1389/1389/1389 1390/1390/1390 1357/1357/1357
f 1357/1357/1357 1390/1390/1390 1358/1358/1358
f 1390/1390/1390 1391/1391/1391 1358/1358/1358
f 1358/1358/1358 1391/1391/1391 1359/1359/1359
f 1391/1391/1391 1392/1392/1392 1359/1359/1359
f 1359/1359/1359 1392/1392/1392 1360/1360/1360
f 1392/1392/1392 1393/1393/1393 1360/1360/1360
f 1360/1360/1360 1393/1393/1393 1361/1361/1361
f 1393/1393/1393 1394/1394/1394 1361/1361/1361
f 1361/1361/1361 1394/1394/1394 1362/1362/1362
f 1394/1394/1394 1395/1395/1395 1362/1362/1362
f 1362/1362/1362 1395/1395/1395 1363/1363/1363
f 1395/1395/1395 1396/1396/1396 1363/1363/1363
f 1363/1363/1363 1396/1396/1396 1364/1364/1364
f 1396/1396/1396 1397/1397/1397 1364/1364/1364
f 1364/1364/1364 1397/1397/1397 1365/1365/1365
f 1397/1397/1397 1398/1398/1398 1365/1365/1365
f 1365/1365/1365 1398/1398/1398 1366/1366/1366
f 1398/1398/1398 1399/1399/1399 1366/1366/1366
f 1366/1366/1366 1399/1399/1399 1367/1367/1367
f 1399/1399/1399 1400/1400/1400 1367/1367/1367
f 1367/1367/1367 1400/1400/1400 1368/1368/1368
f 1400/1400/1400 1401/1401/1401 1368/1368/1368
f 1368/1368/1368 1401/1401/1401 1369/1369/1369
f 1401/1401/1401 1402/1402/1402 1369/1369/1369
f 1369/1369/1369 1402/1402/1402 1370/1370/1370
f 1402/1402/1402 1403/1403/1403 1370/1370/1370
f 1370/1370/1370 1403/1403/1403 1371/1371/1371
f 1403/1403/1403 1404/1404/1404 1371/1371/1371
f 1371/1371/1371 1404/1404/1404 1372/1372/1372
f 1404/1404/1404 1405/1405/1405 1372/1372/1372
f 1372/1372/1372 1405/1405/1405 1373/1373/1373
f 1405/1405/1405 1406/1406/1406 1373/1373/1373
f 1373/1373/1373 1406/1406/1406 1374/1374/1374
f 1406/1406/1406 1407/1407/1407 1374/1374/1374
f 1374/1374/1374 1407/1407/1407 1375/1375/1375
f 1407/1407/1407 1408/1408/1408 1375/1375/1375
f 1375/1375/1375 1408/1408/1408 1376/1376/1376
f 1408/1408/1408 1409/1409/1409 1376/1376/1376
f 1376/1376/1376 1409/1409/1409 1377/1377/1377
f 1409/1409/1409 1410/1410/1410 1377/1377/1377
f 1377/1377/1377 1410/1410/1410 1378/1378/1378
f 1410/1410/1410 1411/1411/1411 1378/1378/1378
f 1378/1378/1378 1411/1411/1411 1379/1379/1379
f 1411/1411/1411 1412/1412/1412 1379/1379/1379
f 1379/1379/1379 1412/1412/1412 1380/1380/1380
f 1412/1412/1412 1413/1413/1413 1380/1380/1380
f 1380/1380/1380 1413/1413/1413 1381/1381/1381
f 1413/1413/1413 1414/1414/1414 1381/1381/1381
f 1381/1381/1381 1414/1414/1414 1382/1382/1382
f 1414/1414/1414 1415/1415/1415 1382/1382/1382
f 1382/1382/1382 1415/1415/1415 1383/1383/1383
f 1415/1415/1415 1416/1416/1416 1383/1383/1383
f 1383/1383/1383 1416/1416/1416 1384/1384/1384
f 1416/1416/1416 1417/1417/1417 1384/1384/1384
f 1384/1384/1384 1417/1417/1417 1385/1385/1385
f 1417/1417/1417 1418/1418/1418 1385/1385/1385
f 1385/1385/1385 1418/1418/1418 1386/1386/1386
f 1418/1418/1418 1419/1419/1419 1386/1386/1386
f 1387/1387/1387 1420/1420/1420 1388/1388/1388
f 1420/1420/1420 1421/1421/1421 1388/1388/1388
f 1388/1388/1388 1421/1421/1421 1389/1389/1389
f 1421/1421/1421 1422/1422/1422 1389/1389/1389
f 1389/1389/1389 1422/1422/1422 1390/1390/1390
f 1422/1422/1422 1423/1423/1423 1390/1390/1390
f 1390/1390/1390 1423/1423/1423 1391/1391/1391
f 1423/1423/1423 1424/1424/1424 1391/1391/1391
f 1391/1391/1391 1424/1424/1424 1392/1392/1392
f 1424/1424/1424 1425/1425/1425 1392/1392/1392
f 1392/1392/1392 1425/1425/1425 1393/1393/1393
f 1425/1425/1425 1426/1426/1426 1393/1393/1393
f 1393/1393/1393 1426/1426/1426 1394/1394/1394
f 1426/1426/1426 1427/1427/1427 1394/1394/1394
f 1394/1394/1394 1427/1427/1427 1395/1395/1395
f 1427/1427/1427 1428/1428/1428 1395/1395/1395
f 1395/1395/1395 1428/1428/1428 1396/1396/1396
f 1428/1428/1428 1429/1429/1429 1396/1396/1396
f 1396/1396/1396 1429/1429/1429 1397/1397/1397
f 1429/1429/1429 1430/1430/1430 1397/1397/1397
f 1397/1397/1397 1430/1430/1430 1398/1398/1398
f 1430/1430/1430 1431/1431/1431 1398/1398/1398
f 1398/1398/1398 1431/1431/1431 1399/1399/1399
f 1431/1431/1431 1432/1432/1432 1399/1399/1399
f 1399/1399/1399 1432/1432/1432 1400/1400/1400
f 1432/1432/1432 1433/1433/1433 1400/1400/1400
f 1400/1400/1400 1433/1433/1433 1401/1401/1401
f 1433/1433/1433 1434/1434/1434 1401/1401/1401
f 1401/1401/1401 1434/1434/1434 1402/1402/1402
f 1434/1434/1434 1435/1435/1435 1402/1402/1402
f 1402/1402/1402 1435/1435/1435 1403/1403/1403
f 1435/1435/1435 1436/1436/1436 1403/1403/1403
f 1403/1403/1403 1436/1436/1436 1404/1404/1404
f 1436/1436/1436 1437/1437/1437 1404/1404/1404
f 1404/1404/1404 1437/1437/1437 1405/1405/1405
f 1437/1437/1437 1438/1438/1438 1405/1405/1405
f 1405/1405/1405 1438/1438/1438 1406/1406/1406
f 1438/1438/1438 1439/1439/1439 1406/1406/1406
f 1406/1406/1406 1439/1439/1439 1407/1407/1407
f 1439/1439/1439 1440/1440/1440 1407/1407/1407
f 1407/1407/1407 1440/1440/1440 1408/1408/1408
f 1440/1440/1440 1441/1441/1441 1408/1408/1408
f 1408/1408/1408 1441/1441/1441 1409/1409/1409
f 1441/1441/1441 1442/1442/1442 1409/1409/1409
f 1409/1409/1409 1442/1442/1442 1410/1410/1410
f 1442/1442/1442 1443/1443/1443 1410/1410/1410
f 1410/1410/1410 1443/1443/1443 1411/1411/1411
f 1443/1443/1443 1444/1444/1444 1411/1411/1411
f 1411/1411/1411 1444/1444/1444 1412/1412/1412
f 1444/1444/1444 1445/1445/1445 1412/1412/1412
f 1412/1412/1412 1445/1445/1445 1413/1413/1413
f 1445/1445/1445 1446/1446/1446 1413/1413/1413
f 1413/1413/1413 1446/1446/1446 1414/1414/1414
f 1446/1446/1446 1447/1447/1447 1414/1414/1414
f 1414/1414/1414 1447/1447/1447 1415/1415/1415
f 1447/1447/1447 1448/1448/1448 1415/1415/1415
f 1415/1415/1415 1448/1448/1448 1416/1416/1416
f 1448/1448/1448 1449/1449/1449 1416/1416/1416
f 1416/1416/1416 1449/1449/1449 1417/1417/1417
f 1449/1449/1449 1450/1450/1450 1417/1417/1417
f 1417/1417/1417 1450/1450/1450 1418/1418/1418
f 1450/1450/1450 1451/1451/1451 1418/1418/1418
f 1418/1418/1418 1451/1451/1451 1419/1419/1419
f 1451/1451/1451 1452/1452/1452 1419/1419/1419
f 1420/1420/1420 1453/1453/1453 1421/1421/1421
f 1453/1453/1453 1454/1454/1454 1421/1421/1421
f 1421/1421/1421 1454/1454/1454 1422/1422/1422
f 1454/1454/1454 1455/1455/1455 1422/1422/1422
f 1422/1422/1422 1455/1455/1455 1423/1423/1423
f 1455/1455/1455 1456/1456/1456 1423/1423/1423
f 1423/1423/1423 1456/1456/1456 1424/1424/1424
f 1456/1456/1456 1457/1457/1457 1424/1424/1424
f 1424/1424/1424 1457/1457/1457 1425/1425/1425
f 1457/1457/1457 1458/1458/1458 1425/1425/1425
f 1425/1425/1425 1458/1458/1458 1426/1426/1426
f 1458/1458/1458 1459/1459/1459 1426/1426/1426
f 1426/1426/1426 1459/1459/1459 1427/1427/1427
f 1459/1459/1459 1460/1460/1460 1427/1427/1427
f 1427/1427/1427 1460/1460/1460 1428/1428/1428
f 1460/1460/1460 1461/1461/1461 1428/1428/1428
f 1428/1428/1428 1461/1461/1461 1429/1429/1429
f 1461/1461/1461 1462/1462/1462 1429/1429/1429
f 1429/1429/1429 1462/1462/1462 1430/1430/1430
f 1462/1462/1462 1463/1463/1463 1430/1430/1430
f 1430/1430/1430 1463/1463/1463 1431/1431/1431
f 1463/1463/1463 1464/1464/1464 1431/1431/1431
f 1431/1431/1431 1464/1464/1464 1432/1432/1432
f 1464/1464/1464 1465/1465/1465 1432/1432/1432
f 1432/1432/1432 1465/1465/1465 1433/1433/1433
f 1465/1465/1465 1466/1466/1466 1433/1433/1433
f 1433/1433/1433 1466/1466/1466 1434/1434/1434
f 1466/1466/1466 1467/1467/1467 1434/1434/1434
f 1434/1434/1434 1467/1467/1467 1435/1435/1435
f 1467/1467/1467 1468/1468/1468 1435/1435/1435
f 1435/1435/1435 1468/1468/1468 1436/1436/1436
f 1468/1468/1468 1469/1469/1469 1436/1436/1436
f 1436/1436/1436 1469/1469/1469 1437/1437/1437
f 1469/1469/1469 1470/1470/1470 1437/1437/1437
f 1437/1437/1437 1470/1470/1470 1438/1438/1438
f 1470/1470/1470 1471/1471/1471 1438/1438/1438
f 1438/1438/1438 1471/1471/1471 1439/1439/1439
f 1471/1471/1471 1472/1472/1472 1439/1439/1439
f 1439/1439/1439 1472/1472/1472 1440/1440/1440
f 1472/1472/1472 1473/1473/1473 1440/1440/1440
f 1440/1440/1440 1473/1473/1473 1441/1441/1441
f 1473/1473/1473 1474/1474/1474 1441/1441/1441
f 1441/1441/1441 1474/1474/1474 1442/1442/1442
f 1474/1474/1474 1475/1475/1475 1442/1442/1442
f 1442/1442/1442 1475/1475/1475 1443/1443/1443
f 1475/1475/1475 1476/1476/1476 1443/1443/1443
f 1443/1443/1443 1476/1476/1476 1444/1444/1444
f 1476/1476/1476 1477/1477/1477 1444/1444/1444
f 1444/1444/1444 1477/1477/1477 1445/1445/1445
f 1477/1477/1477 1478/1478/1478 1445/1445/1445
f 1445/1445/1445 1478/1478/1478 1446/1446/1446
f 1478/1478/1478 1479/1479/1479 1446/1446/1446
f 1446/1446/1446 1479/1479/1479 1447/1447/1447
f 1479/1479/1479 1480/1480/1480 1447/1447/1447
f 1447/1447/1447 1480/1480/1480 1448/1448/1448
f 1480/1480/1480 1481/1481/1481 1448/1448/1448
f 1448/1448/1448 1481/1481/1481 1449/1449/1449
f 1481/1481/1481 1482/1482/1482 1449/1449/1449
f 1449/1449/1449 1482/1482/1482 1450/1450/1450
f 1482/1482/1482 1483/1483/1483 1450/1450/1450
f 1450/1450/1450 1483/1483/1483 1451/1451/1451
f 1483/1483/1483 1484/1484/1484 1451/1451/1451
f 1451/1451/1451 1484/1484/1484 1452/1452/1452
f 1484/1484/1484 1485/1485/1485 1452/1452/1452
f 1453/1453/1453 1486/1486/1486 1454/1454/1454
f 1486/1486/1486 1487/1487/1487 1454/1454/1454
f 1454/1454/1454 1487/1487/1487 1455/1455/1455
f 1487/1487/1487 1488/1488/1488 1455/1455/1455
f 1455/1455/1455 1488/1488/1488 1456/1456/1456
f 1488/1488/1488 1489/1489/1489 1456/1456/1456
f 1456/1456/1456 1489/1489/1489 1457/1457/1457
f 1489/1489/1489 1490/1490/1490 1457/1457/1457
f 1457/1457/1457 1490/1490/1490 1458/1458/1458
f 1490/1490/1490 1491/1491/1491 1458/1458/1458
f 1458/1458/1458 1491/1491/1491 1459/1459/1459
f 1491/1491/1491 1492/1492/1492 1459/1459/1459
f 1459/1459/1459 1492/1492/1492 1460/1460/1460
f 1492/1492/1492 1493/1493/1493 1460/1460/1460
f 1460/1460/1460 1493/1493/1493 1461/1461/1461
f 1493/1493/1493 1494/1494/1494 1461/1461/1461
f 1461/1461/1461 1494/1494/1494 1462/1462/1462
f 1494/1494/1494 1495/1495/1495 1462/1462/1462
f 1462/1462/1462 1495/1495/1495 1463/1463/1463
f 1495/1495/1495 1496/1496/1496 1463/1463/1463
f 1463/1463/1463 1496/1496/1496 1464/1464/1464
f 1496/1496/1496 1497/1497/1497 1464/1464/1464
f 1464/1464/1464 1497/1497/1497 1465/1465/1465
f 1497/1497/1497 1498/1498/1498 1465/1465/1465
f 1465/1465/1465 1498/1498/1498 1466/1466/1466
f 1498/1498/1498 1499/1499/1499 1466/1466/1466
f 1466/1466/1466 1499/1499/1499 1467/1467/1467
f 1499/1499/1499 1500/1500/1500 1467/1467/1467
f 1467/1467/1467 1500/1500/1500 1468/1468/1468
f 1500/1500/1500 1501/1501/1501 1468/1468/1468
f 1468/1468/1468 1501/1501/1501 1469/1469/1469
f 1501/1501/1501 1502/1502/1502 1469/1469/1469
f 1469/1469/1469 1502/1502/1502 1470/1470/1470
f 1502/1502/1502 1503/1503/1503 1470/1470/1470
f 1470/1470/1470 1503/1503/1503 1471/1471/1471
f 1503/1503/1503 1504/1504/1504 1471/1471/1471
f 1471/1471/1471 1504/1504/1504 1472/1472/1472
f 1504/1504/1504 1505/1505/1505 1472/1472/1472
f 1472/1472/1472 1505/1505/1505 1473/1473/1473
f 1505/1505/1505 1506/1506/1506 1473/1473/1473
f 1473/1473/1473 1506/1506/1506 1474/1474/1474
f 1506/1506/1506 1507/1507/1507 1474/1474/1474
f 1474/1474/1474 1507/1507/1507 1475/1475/1475
f 1507/1507/1507 1508/1508/1508 1475/1475/1475
f 1475/1475/1475 1508/1508/1508 1476/1476/1476
f 1508/1508/1508 1509/1509/1509 1476/1476/1476
f 1476/1476/1476 1509/1509/1509 1477/1477/1477
f 1509/1509/1509 1510/1510/1510 1477/1477/1477
f 1477/1477/1477 1510/1510/1510 1478/1478/1478
f 1510/1510/1510 1511/1511/1511 1478/1478/1478
f 1478/1478/1478 1511/1511/1511 1479/1479/1479
f 1511/1511/1511 1512/1512/1512 1479/1479/1479
f 1479/1479/1479 1512/1512/1512 1480/1480/1480
f 1512/1512/1512 1513/1513/1513 1480/1480/1480
f 1480/1480/1480 1513/1513/1513 1481/1481/1481
f 1513/1513/1513 1514/1514/1514 1481/1481/1481
f 1481/1481/1481 1514/1514/1514 1482/1482/1482
f 1514/1514/1514 1515/1515/1515 1482/1482/1482
f 1482/1482/1482 1515/1515/1515 1483/1483/1483
f 1515/1515/1515 1516/1516/1516 1483/1483/1483
f 1483/1483/1483 1516/1516/1516 1484/1484/1484
f 1516/1516/1516 1517/1517/1517 1484/1484/1484
f 1484/1484/1484 1517/1517/1517 1485/1485/1485
f 1517/1517/1517 1518/1518/1518 1485/1485/1485
f 1486/1486/1486 1519/1519/1519 1487/1487/1487
f 1519/1519/1519 1520/1520/1520 1487/1487/1487
f 1487/1487/1487 1520/1520/1520 1488/1488/1488
f 1520/1520/1520 1521/1521/1521 1488/1488/1488
f 1488/1488/1488 1521/1521/1521 1489/1489/1489
f 1521/1521/1521 1522/1522/1522 1489/1489/1489
f 1489/1489/1489 1522/1522/1522 1490/1490/1490
f 1522/1522/1522 1523/1523/1523 1490/1490/1490
f 1490/1490/1490 1523/1523/1523 1491/1491/1491
f 1523/1523/1523 1524/1524/1524 1491/1491/1491
f 1491/1491/1491 1524/1524/1524 1492/1492/1492
f 1524/1524/1524 1525/1525/1525 1492/1492/1492
f 1492/1492/1492 1525/1525/1525 1493/1493/1493
f 1525/1525/1525 1526/1526/1526 1493/1493/1493
f 1493/1493/1493 1526/1526/1526 1494/1494/1494
f 1526/1526/1526 1527/1527/1527 1494/1494/1494
f 1494/1494/1494 1527/1527/1527 1495/1495/1495
f 1527/1527/1527 1528/1528/1528 1495/1495/1495
f 1495/1495/1495 1528/1528/1528 1496/1496/1496
f 1528/1528/1528 1529/1529/1529 1496/1496/1496
f 1496/1496/1496 1529/1529/1529 1497/1497/1497
f 1529/1529/1529 1530/1530/1530 1497/1497/1497
f 1497/1497/1497 1530/1530/1530 1498/1498/1498
f 1530/1530/1530 1531/1531/1531 1498/1498/1498
f 1498/1498/1498 1531/1531/1531 1499/1499/1499
f 1531/1531/1531 1532/1532/1532 1499/1499/1499
f 1499/1499/1499 1532/1532/1532 1500/1500/1500
f 1532/1532/1532 1533/1533/1533 1500/1500/1500
f 1500/1500/1500 1533/1533/1533 1501/1501/1501
f 1533/1533/1533 1534/1534/1534 1501/1501/1501
f 1501/1501/1501 1534/1534/1534 1502/1502/1502
f 1534/1534/1534 1535/1535/1535 1502/1502/1502
f 1502/1502/1502 1535/1535/1535 1503/1503/1503
f 1535/1535/1535 1536/1536/1536 1503/1503/1503
f 1503/1503/1503 1536/1536/1536 1504/1504/1504
f 1536/1536/1536 1537/1537/1537 1504/1504/1504
f 1504/1504/1504 1537/1537/1537 1505/1505/1505
f 1537/1537/1537 1538/1538/1538 1505/1505/1505
f 1505/1505/1505 1538/1538/1538 1506/1506/1506
f 1538/1538/1538 1539/1539/1539 1506/1506/1506
f 1506/1506/1506 1539/1539/1539 1507/1507/1507
f 1539/1539/1539 1540/1540/1540 1507/1507/1507
f 1507/1507/1507 1540/1540/1540 1508/1508/1508
f 1540/1540/1540 1541/1541/1541 1508/1508/1508
f 1508/1508/1508 1541/1541/1541 1509/1509/1509
f 1541/1541/1541 1542/1542/1542 1509/1509/1509
f 1509/1509/1509 1542/1542/1542 1510/1510/1510
f 1542/1542/1542 1543/1543/1543 1510/1510/1510
f 1510/1510/1510 1543/1543/1543 1511/1511/1511
f 1543/1543/1543 1544/1544/1544 1511/1511/1511
f 1511/1511/1511 1544/1544/1544 1512/1512/1512
f 1544/1544/1544 1545/1545/1545 1512/1512/1512
f 1512/1512/1512 1545/1545/1545 1513/1513/1513
f 1545/1545/1545 1546/1546/1546 1513/1513/1513
f 1513/1513/1513 1546/1546/1546 1514/1514/1514
f 1546/1546/1546 1547/1547/1547 1514/1514/1514
f 1514/1514/1514 1547/1547/1547 1515/1515/1515
f 1547/1547/1547 1548/1548/1548 1515/1515/1515
f 1515/1515/1515 1548/1548/1548 1516/1516/1516
f 1548/1548/1548 1549/1549/1549 1516/1516/1516
f 1516/1516/1516 1549/1549/1549 1517/1517/1517
f 1549/1549/1549 1550/1550/1550 1517/1517/1517
f 1517/1517/1517 1550/1550/1550 1518/1518/1518
f 1550/1550/1550 1551/1551/1551 1518/1518/1518
f 1519/1519/1519 1552/1552/1552 1520/1520/1520
f 1552/1552/1552 1553/1553/1553 1520/1520/1520
f 1520/1520/1520 1553/1553/1553 1521/1521/1521
f 1553/1553/1553 1554/1554/1554 1521/1521/1521
f 1521/1521/1521 1554/1554/1554 1522/1522/1522
f 1554/1554/1554 1555/1555/1555 1522/1522/1522
f 1522/1522/1522 1555/1555/1555 1523/1523/1523
f 1555/1555/1555 1556/1556/1556 1523/1523/1523
f 1523/1523/1523 1556/1556/1556 1524/1524/1524
f 1556/1556/1556 1557/1557/1557 1524/1524/1524
f 1524/1524/1524 1557/1557/1557 1525/1525/1525
f 1557/1557/1557 1558/1558/1558 1525/1525/1525
f 1525/1525/1525 1558/1558/1558 1526/1526/1526
f 1558/1558/1558 1559/1559/1559 1526/1526/1526
f 1526/1526/1526 1559/1559/1559 1527/1527/1527
f 1559/1559/1559 1560/1560/1560 1527/1527/1527
f 1527/1527/1527 1560/1560/1560 1528/1528/1528
f 1560/1560/1560 1561/1561/1561 1528/1528/1528
f 1528/1528/1528 1561/1561/1561 1529/1529/1529
f 1561/1561/1561 1562/1562/1562 1529/1529/1529
f 1529/1529/1529 1562/1562/1562 1530/1530/1530
f 1562/1562/1562 1563/1563/1563 1530/1530/1530
f 1530/1530/1530 1563/1563/1563 1531/1531/1531
f 1563/1563/1563 1564/1564/1564 1531/1531/1531
f 1531/1531/1531 1564/1564/1564 1532/1532/1532
f 1564/1564/1564 1565/1565/1565 1532/1532/1532
f 1532/1532/1532 1565/1565/1565 1533/1533/1533
f 1565/1565/1565 1566/1566/1566 1533/1533/1533
f 1533/1533/1533 1566/1566/1566 1534/1534/1534
f 1566/1566/1566 1567/1567/1567 1534/1534/1534
f 1534/1534/1534 1567/1567/1567 1535/1535/1535
f 1567/1567/1567 1568/1568/1568 1535/1535/1535
f 1535/1535/1535 1568/1568/1568 1536/1536/1536
f 1568/1568/1568 1569/1569/1569 1536/1536/1536
f 1536/1536/1536 1569/1569/1569 1537/1537/1537
f 1569/1569/1569 1570/1570/1570 1537/1537/1537
f 1537/1537/1537 1570/1570/1570 1538/1538/1538
f 1570/1570/1570 1571/1571/1571 1538/1538/1538
f 1538/1538/1538 1571/1571/1571 1539/1539/1539
f 1571/1571/1571 1572/1572/1572 1539/1539/1539
f 1539/1539/1539 1572/1572/1572 1540/1540/1540
f 1572/1572/1572 1573/1573/1573 1540/1540/1540
f 1540/1540/1540 1573/1573/1573 1541/1541/1541
f 1573/1573/1573 1574/1574/1574 1541/1541/1541
f 1541/1541/1541 1574/1574/1574 1542/1542/1542
f 1574/1574/1574 1575/1575/1575 1542/1542/1542
f 1542/1542/1542 1575/1575/1575 1543/1543/1543
f 1575/1575/1575 1576/1576/1576 1543/1543/1543
f 1543/1543/1543 1576/1576/1576 1544/1544/1544
f 1576/1576/1576 1577/1577/1577 1544/1544/1544
f 1544/1544/1544 1577/1577/1577 1545/1545/1545
f 1577/1577/1577 1578/1578/1578 1545/1545/1545
f 1545/1545/1545 1578/1578/1578 1546/1546/1546
f 1578/1578/1578 1579/1579/1579 1546/1546/1546
f 1546/1546/1546 1579/1579/1579 1547/1547/1547
f 1579/1579/1579 1580/1580/1580 1547/1547/1547
f 1547/1547/1547 1580/1580/1580 1548/1548/1548
f 1580/1580/1580 1581/1581/1581 1548/1548/1548
f 1548/1548/1548 1581/1581/1581 1549/1549/1549
f 1581/1581/1581 1582/1582/1582 1549/1549/1549
f 1549/1549/1549 1582/1582/1582 1550/1550/1550
f 1582/1582/1582 1583/1583/1583 1550/1550/1550
f 1550/1550/1550 1583/1583/1583 1551/1551/1551
f 1583/1583/1583 1584/1584/1584 1551/1551/1551
f 1552/1552/1552 1585/1585/1585 1553/1553/1553
f 1585/1585/1585 1586/1586/1586 1553/1553/1553
f 1553/1553/1553 1586/1586/1586 1554/1554/1554
f 1586/1586/1586 1587/1587/1587 1554/1554/1554
f 1554/1554/1554 1587/1587/1587 1555/1555/1555
f 1587/1587/1587 1588/1588/1588 1555/1555/1555
f 1555/1555/1555 1588/1588/1588 1556/1556/1556
f 1588/1588/1588 1589/1589/1589 1556/1556/1556
f 1556/1556/1556 1589/1589/1589 1557/1557/1557
f 1589/1589/1589 1590/1590/1590 1557/1557/1557
f 1557/1557/1557 1590/1590/1590 1558/1558/1558
f 1590/1590/1590 1591/1591/1591 1558/1558/1558
f 1558/1558/1558 1591/1591/1591 1559/1559/1559
f 1591/1591/1591 1592/1592/1592 1559/1559/1559
f 1559/1559/1559 1592/1592/1592 1560/1560/1560
f 1592/1592/1592 1593/1593/1593 1560/1560/1560
f 1560/1560/1560 1593/1593/1593 1561/1561/1561
f 1593/1593/1593 1594/1594/1594 1561/1561/1561
f 1561/1561/1561 1594/1594/1594 1562/1562/1562
f 1594/1594/1594 1595/1595/1595 1562/1562/1562
f 1562/1562/1562 1595/1595/1595 1563/1563/1563
f 1595/1595/1595 1596/1596/1596 1563/1563/1563
f 1563/1563/1563 1596/1596/1596 1564/1564/1564
f 1596/1596/1596 1597/1597/1597 1564/1564/1564
f 1564/1564/1564 1597/1597/1597 1565/1565/1565
f 1597/1597/1597 1598/1598/1598 1565/1565/1565
f 1565/1565/1565 1598/1598/1598 1566/1566/1566
f 1598/1598/1598 1599/1599/1599 1566/1566/1566
f 1566/1566/1566 1599/1599/1599 1567/1567/1567
f 1599/1599/1599 1600/1600/1600 1567/1567/1567
f 1567/1567/1567 1600/1600/1600 1568/1568/1568
f 1600/1600/1600 1601/1601/1601 1568/1568/1568
f 1568/1568/1568 1601/1601/1601 1569/1569/1569
f 1601/1601/1601 1602/1602/1602 1569/1569/1569
f 1569/1569/1569 1602/1602/1602 1570/1570/1570
f 1602/1602/1602 1603/1603/1603 1570/1570/1570
f 1570/1570/1570 1603/1603/1603 1571/1571/1571
f 1603/1603/1603 1604/1604/1604 1571/1571/1571
f 1571/1571/1571 1604/1604/1604 1572/1572/1572
f 1604/1604/1604 1605/1605/1605 1572/1572/1572
f 1572/1572/1572 1605/1605/1605 1573/1573/1573
f 1605/1605/1605 1606/1606/1606 1573/1573/1573
f 1573/1573/1573 1606/1606/1606 1574/1574/1574
f 1606/1606/1606 1607/1607/1607 1574/1574/1574
f 1574/1574/1574 1607/1607/1607 1575/1575/1575
f 1607/1607/1607 1608/1608/1608 1575/1575/1575
f 1575/1575/1575 1608/1608/1608 1576/1576/1576
f 1608/1608/1608 1609/1609/1609 1576/1576/1576
f 1576/1576/1576 1609/1609/1609 1577/1577/1577
f 1609/1609/1609 1610/1610/1610 1577/1577/1577
f 1577/1577/1577 1610/1610/1610 1578/1578/1578
f 1610/1610/1610 1611/1611/1611 1578/1578/1578
f 1578/1578/1578 1611/1611/1611 1579/1579/1579
f 1611/1611/1611 1612/1612/1612 1579/1579/1579
f 1579/1579/1579 1612/1612/1612 1580/1580/1580
f 1612/1612/1612 1613/1613/1613 1580/1580/1580
f 1580/1580/1580 1613/1613/1613 1581/1581/1581
f 1613/1613/1613 1614/1614/1614 1581/1581/1581
f 1581/1581/1581 1614/1614/1614 1582/1582/1582
f 1614/1614/1614 1615/1615/1615 1582/1582/1582
f 1582/1582/1582 1615/1615/1615 1583/1583/1583
f 1615/1615/1615 1616/1616/1616 1583/1583/1583
f 1583/1583/1583 1616/1616/1616 1584/1584/1584
f 1616/1616/1616 1617/1617/1617 1584/1584/1584
f 1585/1585/1585 1618/1618/1618 1586/1586/1586
f 1618/1618/1618 1619/1619/1619 1586/1586/1586
f 1586/1586/1586 1619/1619/1619 1587/1587/1587
f 1619/1619/1619 1620/1620/1620 1587/1587/1587
f 1587/1587/1587 1620/1620/1620 1588/1588/1588
f 1620/1620/1620 1621/1621/1621 1588/1588/1588
f 1588/1588/1588 1621/1621/1621 1589/1589/1589
f 1621/1621/1621 1622/1622/1622 1589/1589/1589
f 1589/1589/1589 1622/1622/1622 1590/1590/1590
f 1622/1622/1622 1623/1623/1623 1590/1590/1590
f 1590/1590/1590 1623/1623/1623 1591/1591/1591
f 1623/1623/1623 1624/1624/1624 1591/1591/1591
f 1591/1591/1591 1624/1624/1624 1592/1592/1592
f 1624/1624/1624 1625/1625/1625 1592/1592/1592
f 1592/1592/1592 1625/1625/1625 1593/1593/1593
f 1625/1625/1625 1626/1626/1626 1593/1593/1593
f 1593/1593/1593 1626/1626/1626 1594/1594/1594
f 1626/1626/1626 1627/1627/1627 1594/1594/1594
f 1594/1594/1594 1627/1627/1627 1595/1595/1595
f 1627/1627/1627 1628/1628/1628 1595/1595/1595
f 1595/1595/1595 1628/1628/1628 1596/1596/1596
f 1628/1628/1628 1629/1629/1629 1596/1596/1596
f 1596/1596/1596 1629/1629/1629 1597/1597/1597
f 1629/1629/1629 1630/1630/1630 1597/1597/1597
f 1597/1597/1597 1630/1630/1630 1598/1598/1598
f 1630/1630/1630 1631/1631/1631 1598/1598/1598
f 1598/1598/1598 1631/1631/1631 1599/1599/1599
f 1631/1631/1631 1632/1632/1632 1599/1599/1599
f 1599/1599/1599 1632/1632/1632 1600/1600/1600
f 1632/1632/1632 1633/1633/1633 1600/1600/1600
f 1600/1600/1600 1633/1633/1633 1601/1601/1601
f 1633/1633/1633 1634/1634/1634 1601/1601/1601
f 1601/1601/1601 1634/1634/1634 1602/1602/1602
f 1634/1634/1634 1635/1635/1635 1602/1602/1602
f 1602/1602/1602 1635/1635/1635 1603/1603/1603
f 1635/1635/1635 1636/1636/1636 1603/1603/1603
f 1603/1603/1603 1636/1636/1636 1604/1604/1604
f 1636/1636/1636 1637/1637/1637 1604/1604/1604
f 1604/1604/1604 1637/1637/1637 1605/1605/1605
f 1637/1637/1637 1638/1638/1638 1605/1605/1605
f 1605/1605/1605 1638/1638/1638 1606/1606/1606
f 1638/1638/1638 1639/1639/1639 1606/1606/1606
f 1606/1606/1606 1639/1639/1639 1607/1607/1607
f 1639/1639/1639 1640/1640/1640 1607/1607/1607
f 1607/1607/1607 1640/1640/1640 1608/1608/1608
f 1640/1640/1640 1641/1641/1641 1608/1608/1608
f 1608/1608/1608 1641/1641/1641 1609/1609/1609
f 1641/1641/1641 1642/1642/1642 1609/1609/1609
f 1609/1609/1609 1642/1642/1642 1610/1610/1610
f 1642/1642/1642 1643/1643/1643 1610/1610/1610
f 1610/1610/1610 1643/1643/1643 1611/1611/1611
f 1643/1643/1643 1644/1644/1644 1611/1611/1611
f 1611/1611/1611 1644/1644/1644 1612/1612/1612
f 1644/1644/1644 1645/1645/1645 1612/1612/1612
f 1612/1612/1612 1645/1645/1645 1613/1613/1613
f 1645/1645/1645 1646/1646/1646 1613/1613/1613
f 1613/1613/1613 1646/1646/1646 1614/1614/1614
f 1646/1646/1646 1647/1647/1647 1614/1614/1614
f 1614/1614/1614 1647/1647/1647 1615/1615/1615
f 1647/1647/1647 1648/1648/1648 1615/1615/1615
f 1615/1615/1615 1648/1648/1648 1616/1616/1616
f 1648/1648/1648 1649/1649/1649 1616/1616/1616
f 1616/1616/1616 1649/1649/1649 1617/1617/1617
f 1649/1649/1649 1650/1650/1650 1617/1617/1617
f 1618/1618/1618 1651/1651/1651 1619/1619/1619
f 1651/1651/1651 1652/1652/1652 1619/1619/1619
f 1619/1619/1619 1652/1652/1652 1620/1620/1620
f 1652/1652/1652 1653/1653/1653 1620/1620/1620
f 1620/1620/1620 1653/1653/1653 1621/1621/1621
f 1653/1653/1653 1654/1654/1654 1621/1621/1621
f 1621/1621/1621 1654/1654/1654 1622/1622/1622
f 1654/1654/1654 1655/1655/1655 1622/1622/1622
f 1622/1622/1622 1655/1655/1655 1623/1623/1623
f 1655/1655/1655 1656/1656/1656 1623/1623/1623
f 1623/1623/1623 1656/1656/1656 1624/1624/1624
f 1656/1656/1656 1657/1657/1657 1624/1624/1624
f 1624/1624/1624 1657/1657/1657 1625/1625/1625
f 1657/1657/1657 1658/1658/1658 1625/1625/1625
f 1625/1625/1625 1658/1658/1658 1626/1626/1626
f 1658/1658/1658 1659/1659/1659 1626/1626/1626
f 1626/1626/1626 1659/1659/1659 1627/1627/1627
f 1659/1659/1659 1660/1660/1660 1627/1627/1627
f 1627/1627/1627 1660/1660/1660 1628/1628/1628
f 1660/1660/1660 1661/1661/1661 1628/1628/1628
f 1628/1628/1628 1661/1661/1661 1629/1629/1629
f 1661/1661/1661 1662/1662/1662 1629/1629/1629
f 1629/1629/1629 1662/1662/1662 1630/1630/1630
f 1662/1662/1662 1663/1663/1663 1630/1630/1630
f 1630/1630/1630 1663/1663/1663 1631/1631/1631
f 1663/1663/1663 1664/1664/1664 1631/1631/1631
f 1631/1631/1631 1664/1664/1664 1632/1632/1632
f 1664/1664/1664 1665/1665/1665 1632/1632/1632
f 1632/1632/1632 1665/1665/1665 1633/1633/1633
f 1665/1665/1665 1666/1666/1666 1633/1633/1633
f 1633/1633/1633 1666/1666/1666 1634/1634/1634
f 1666/1666/1666 1667/1667/1667 1634/1634/1634
f 1634/1634/1634 1667/1667/1667 1635/1635/1635
f 1667/1667/1667 1668/1668/1668 1635/1635/1635
f 1635/1635/1635 1668/1668/1668 1636/1636/1636
f 1668/1668/1668 1669/1669/1669 1636/1636/1636
f 1636/1636/1636 1669/1669/1669 1637/1637/1637
f 1669/1669/1669 1670/1670/1670 1637/1637/1637
f 1637/1637/1637 1670/1670/1670 1638/1638/1638
f 1670/1670/1670 1671/1671/1671 1638/1638/1638
f 1638/1638/1638 1671/1671/1671 1639/1639/1639
f 1671/1671/1671 1672/1672/1672 1639/1639/1639
f 1639/1639/1639 1672/1672/1672 1640/1640/1640
f 1672/1672/1672 1673/1673/1673 1640/1640/1640
f 1640/1640/1640 1673/1673/1673 1641/1641/1641
f 1673/1673/1673 1674/1674/1674 1641/1641/1641
f 1641/1641/1641 1674/1674/1674 1642/1642/1642
f 1674/1674/1674 1675/1675/1675 1642/1642/1642
f 1642/1642/1642 1675/1675/1675 1643/1643/1643
f 1675/1675/1675 1676/1676/1676 1643/1643/1643
f 1643/1643/1643 1676/1676/1676 1644/1644/1644
f 1676/1676/1676 1677/1677/1677 1644/1644/1644
f 1644/1644/1644 1677/1677/1677 1645/1645/1645
f 1677/1677/1677 1678/1678/1678 1645/1645/1645
f 1645/1645/1645 1678/1678/1678 1646/1646/1646
f 1678/1678/1678 1679/1679/1679 1646/1646/1646
f 1646/1646/1646 1679/1679/1679 1647/1647/1647
f 1679/1679/1679 1680/1680/1680 1647/1647/1647
f 1647/1647/1647 1680/1680/1680 1648/1648/1648
f 1680/1680/1680 1681/1681/1681 1648/1648/1648
f 1648/1648/1648 1681/1681/1681 1649/1649/1649
f 1681/1681/1681 1682/1682/1682 1649/1649/1649
f 1649/1649/1649 1682/1682/1682 1650/1650/1650
f 1682/1682/1682 1683/1683/1683 1650/1650/1650
f 1651/1651/1651 1684/1684/1684 1652/1652/1652
f 1684/1684/1684 1685/1685/1685 1652/1652/1652
f 1652/1652/1652 1685/1685/1685 1653/1653/1653
f 1685/1685/1685 1686/1686/1686 1653/1653/1653
f 1653/1653/1653 1686/1686/1686 1654/1654/1654
f 1686/1686/1686 1687/1687/1687 1654/1654/1654
f 1654/1654/1654 1687/1687/1687 1655/1655/1655
f 1687/1687/1687 1688/1688/1688 1655/1655/1655
f 1655/1655/1655 1688/1688/1688 1656/1656/1656
f 1688/1688/1688 1689/1689/1689 1656/1656/1656
f 1656/1656/1656 1689/1689/1689 1657/1657/1657
f 1689/1689/1689 1690/1690/1690 1657/1657/1657
f 1657/1657/1657 1690/1690/1690 1658/1658/1658
f 1690/1690/1690 1691/1691/1691 1658/1658/1658
f 1658/1658/1658 1691/1691/1691 1659/1659/1659
f 1691/1691/1691 1692/1692/1692 1659/1659/1659
f 1659/1659/1659 1692/1692/1692 1660/1660/1660
f 1692/1692/1692 1693/1693/1693 1660/1660/1660
f 1660/1660/1660 1693/1693/1693 1661/1661/1661
f 1693/1693/1693 1694/1694/1694 1661/1661/1661
f 1661/1661/1661 1694/1694/1694 1662/1662/1662
f 1694/1694/1694 1695/1695/1695 1662/1662/1662
f 1662/1662/1662 1695/1695/1695 1663/1663/1663
f 1695/1695/1695 1696/1696/1696 1663/1663/1663
f 1663/1663/1663 1696/1696/1696 1664/1664/1664
f 1696/1696/1696 1697/1697/1697 1664/1664/1664
f 1664/1664/1664 1697/1697/1697 1665/1665/1665
f 1697/1697/1697 1698/1698/1698 1665/1665/1665
f 1665/1665/1665 1698/1698/1698 1666/1666/1666
f 1698/1698/1698 1699/1699/1699 1666/1666/1666
f 1666/1666/1666 1699/1699/1699 1667/1667/1667
f 1699/1699/1699 1700/1700/1700 1667/1667/1667
f 1667/1667/1667 1700/1700/1700 1668/1668/1668
f 1700/1700/1700 1701/1701/1701 1668/1668/1668
f 1668/1668/1668 1701/1701/1701 1669/1669/1669
f 1701/1701/1701 1702/1702/1702 1669/1669/1669
f 1669/1669/1669 1702/1702/1702 1670/1670/1670
f 1702/1702/1702 1703/1703/1703 1670/1670/1670
f 1670/1670/1670 1703/1703/1703 1671/1671/1671
f 1703/1703/1703 1704/1704/1704 1671/1671/1671
f 1671/1671/1671 1704/1704/1704 1672/1672/1672
f 1704/1704/1704 1705/1705/1705 1672/1672/1672
f 1672/1672/1672 1705/1705/1705 1673/1673/1673
f 1705/1705/1705 1706/1706/1706 1673/1673/1673
f 1673/1673/1673 1706/1706/1706 1674/1674/1674
f 1706/1706/1706 1707/1707/1707 1674/1674/1674
f 1674/1674/1674 1707/1707/1707 1675/1675/1675
f 1707/1707/1707 1708/1708/1708 1675/1675/1675
f 1675/1675/1675 1708/1708/1708 1676/1676/1676
f 1708/1708/1708 1709/1709/1709 1676/1676/1676
f 1676/1676/1676 1709/1709/1709 1677/1677/1677
f 1709/1709/1709 1710/1710/1710 1677/1677/1677
f 1677/1677/1677 1710/1710/1710 1678/1678/1678
f 1710/1710/1710 1711/1711/1711 1678/1678/1678
f 1678/1678/1678 1711/1711/1711 1679/1679/1679
f 1711/1711/1711 1712/1712/1712 1679/1679/1679
f 1679/1679/1679 1712/1712/1712 1680/1680/1680
f 1712/1712/1712 1713/1713/1713 1680/1680/1680
f 1680/1680/1680 1713/1713/1713 1681/1681/1681
f 1713/1713/1713 1714/1714/1714 1681/1681/1681
f 1681/1681/1681 1714/1714/1714 1682/1682/1682
f 1714/1714/1714 1715/1715/1715 1682/1682/1682
f 1682/1682/1682 1715/1715/1715 1683/1683/1683
f 1715/1715/1715 1716/1716/1716 1683/1683/1683
f 1684/1684/1684 1717/1717/1717 1685/1685/1685
f 1717/1717/1717 1718/1718/1718 1685/1685/1685
f 1685/1685/1685 1718/1718/1718 1686/1686/1686
f 1718/1718/1718 1719/1719/1719 1686/1686/1686
f 1686/1686/1686 1719/1719/1719 1687/1687/1687
f 1719/1719/1719 1720/1720/1720 1687/1687/1687
f 1687/1687/1687 1720/1720/1720 1688/1688/1688
f 1720/1720/1720 1721/1721/1721 1688/1688/1688
f 1688/1688/1688 1721/1721/1721 1689/1689/1689
f 1721/1721/1721 1722/1722/1722 1689/1689/1689
f 1689/1689/1689 1722/1722/1722 1690/1690/1690
f 1722/1722/1722 1723/1723/1723 1690/1690/1690
f 1690/1690/1690 1723/1723/1723 1691/1691/1691
f 1723/1723/1723 1724/1724/1724 1691/1691/1691
f 1691/1691/1691 1724/1724/1724 1692/1692/1692
f 1724/1724/1724 1725/1725/1725 1692/1692/1692
f 1692/1692/1692 1725/1725/1725 1693/1693/1693
f 1725/1725/1725 1726/1726/1726 1693/1693/1693
f 1693/1693/1693 1726/1726/1726 1694/1694/1694
f 1726/1726/1726 1727/1727/1727 1694/1694/1694
f 1694/1694/1694 1727/1727/1727 1695/1695/1695
f 1727/1727/1727 1728/1728/1728 1695/1695/1695
f 1695/1695/1695 1728/1728/1728 1696/1696/1696
f 1728/1728/1728 1729/1729/1729 1696/1696/1696
f 1696/1696/1696 1729/1729/1729 1697/1697/1697
f 1729/1729/1729 1730/1730/1730 1697/1697/1697
f 1697/1697/1697 1730/1730/1730 1698/1698/1698
f 1730/1730/1730 1731/1731/1731 1698/1698/1698
f 1698/1698/1698 1731/1731/1731 1699/1699/1699
f 1731/1731/1731 1732/1732/1732 1699/1699/1699
f 1699/1699/1699 1732/1732/1732 1700/1700/1700
f 1732/1732/1732 1733/1733/1733 1700/1700/1700
f 1700/1700/1700 1733/1733/1733 1701/1701/1701
f 1733/1733/1733 1734/1734/1734 1701/1701/1701
f 1701/1701/1701 1734/1734/1734 1702/1702/1702
f 1734/1734/1734 1735/1735/1735 1702/1702/1702
f 1702/1702/1702 1735/1735/1735 1703/1703/1703
f 1735/1735/1735 1736/1736/1736 1703/1703/1703
f 1703/1703/1703 1736/1736/1736 1704/1704/1704
f 1736/1736/1736 1737/1737/1737 1704/1704/1704
f 1704/1704/1704 1737/1737/1737 1705/1705/1705
f 1737/1737/1737 1738/1738/1738 1705/1705/1705
f 1705/1705/1705 1738/1738/1738 1706/1706/1706
f 1738/1738/1738 1739/1739/1739 1706/1706/1706
f 1706/1706/1706 1739/1739/1739 1707/1707/1707
f 1739/1739/1739 1740/1740/1740 1707/1707/1707
f 1707/1707/1707 1740/1740/1740 1708/1708/1708
f 1740/1740/1740 1741/1741/1741 1708/1708/1708
f 1708/1708/1708 1741/1741/1741 1709/1709/1709
f 1741/1741/1741 1742/1742/1742 1709/1709/1709
f 1709/1709/1709 1742/1742/1742 1710/1710/1710
f 1742/1742/1742 1743/1743/1743 1710/1710/1710
f 1710/1710/1710 1743/1743/1743 1711/1711/1711
f 1743/1743/1743 1744/1744/1744 1711/1711/1711
f 1711/1711/1711 1744/1744/1744 1712/1712/1712
f 1744/1744/1744 1745/1745/1745 1712/1712/1712
f 1712/1712/1712 1745/1745/1745 1713/1713/1713
f 1745/1745/1745 1746/1746/1746 1713/1713/1713
f 1713/1713/1713 1746/1746/1746 1714/1714/1714
f 1746/1746/1746 1747/1747/1747 1714/1714/1714
f 1714/1714/1714 1747/1747/1747 1715/1715/1715
f 1747/1747/1747 1748/1748/1748 1715/1715/1715
f 1715/1715/1715 1748/1748/1748 1716/1716/1716
f 1748/1748/1748 1749/1749/1749 1716/1716/1716
f 1717/1717/1717 1750/1750/1750 1718/1718/1718
f 1750/1750/1750 1751/1751/1751 1718/1718/1718
f 1718/1718/1718 1751/1751/1751 1719/1719/1719
f 1751/1751/1751 1752/1752/1752 1719/1719/1719
f 1719/1719/1719 1752/1752/1752 1720/1720/1720
f 1752/1752/1752 1753/1753/1753 1720/1720/1720
f 1720/1720/1720 1753/1753/1753 1721/1721/1721
f 1753/1753/1753 1754/1754/1754 1721/1721/1721
f 1721/1721/1721 1754/1754/1754 1722/1722/1722
f 1754/1754/1754 1755/1755/1755 1722/1722/1722
f 1722/1722/1722 1755/1755/1755 1723/1723/1723
f 1755/1755/1755 1756/1756/1756 1723/1723/1723
f 1723/1723/1723 1756/1756/1756 1724/1724/1724
f 1756/1756/1756 1757/1757/1757 1724/1724/1724
f 1724/1724/1724 1757/1757/1757 1725/1725/1725
f 1757/1757/1757 1758/1758/1758 1725/1725/1725
f 1725/1725/1725 1758/1758/1758 1726/1726/1726
f 1758/1758/1758 1759/1759/1759 1726/1726/1726
f 1726/1726/1726 1759/1759/1759 1727/1727/1727
f 1759/1759/1759 1760/1760/1760 1727/1727/1727
f 1727/1727/1727 1760/1760/1760 1728/1728/1728
f 1760/1760/1760 1761/1761/1761 1728/1728/1728
f 1728/1728/1728 1761/1761/1761 1729/1729/1729
f 1761/1761/1761 1762/1762/1762 1729/1729/1729
f 1729/1729/1729 1762/1762/1762 1730/1730/1730
f 1762/1762/1762 1763/1763/1763 1730/1730/1730
f 1730/1730/1730 1763/1763/1763 1731/1731/1731
f 1763/1763/1763 1764/1764/1764 1731/1731/1731
f 1731/1731/1731 1764/1764/1764 1732/1732/1732
f 1764/1764/1764 1765/1765/1765 1732/1732/1732
f 1732/1732/1732 1765/1765/1765 1733/1733/1733
f 1765/1765/1765 1766/1766/1766 1733/1733/1733
f 1733/1733/1733 1766/1766/1766 1734/1734/1734
f 1766/1766/1766 1767/1767/1767 1734/1734/1734
f 1734/1734/1734 1767/1767/1767 1735/1735/1735
f 1767/1767/1767 1768/1768/1768 1735/1735/1735
f 1735/1735/1735 1768/1768/1768 1736/1736/1736
f 1768/1768/1768 1769/1769/1769 1736/1736/1736
f 1736/1736/1736 1769/1769/1769 1737/1737/1737
f 1769/1769/1769 1770/1770/1770 1737/1737/1737
f 1737/1737/1737 1770/1770/1770 1738/1738/1738
f 1770/1770/1770 1771/1771/1771 1738/1738/1738
f 1738/1738/1738 1771/1771/1771 1739/1739/1739
f 1771/1771/1771 1772/1772/1772 1739/1739/1739
f 1739/1739/1739 1772/1772/1772 1740/1740/1740
f 1772/1772/1772 1773/1773/1773 1740/1740/1740
f 1740/1740/1740 1773/1773/1773 1741/1741/1741
f 1773/1773/1773 1774/1774/1774 1741/1741/1741
f 1741/1741/1741 1774/1774/1774 1742/1742/1742
f 1774/1774/1774 1775/1775/1775 1742/1742/1742
f 1742/1742/1742 1775/1775/1775 1743/1743/1743
f 1775/1775/1775 1776/1776/1776 1743/1743/1743
f 1743/1743/1743 1776/1776/1776 1744/1744/1744
f 1776/1776/1776 1777/1777/1777 1744/1744/1744
f 1744/1744/1744 1777/1777/1777 1745/1745/1745
f 1777/1777/1777 1778/1778/1778 1745/1745/1745
f 1745/1745/1745 1778/1778/1778 1746/1746/1746
f 1778/1778/1778 1779/1779/1779 1746/1746/1746
f 1746/1746/1746 1779/1779/1779 1747/1747/1747
f 1779/1779/1779 1780/1780/1780 1747/1747/1747
f 1747/1747/1747 1780/1780/1780 1748/1748/1748
f 1780/1780/1780 1781/1781/1781 1748/1748/1748
f 1748/1748/1748 1781/1781/1781 1749/1749/1749
f 1781/1781/1781 1782/1782/1782 1749/1749/1749
f 1750/1750/1750 1783/1783/1783 1751/1751/1751
f 1783/1783/1783 1784/1784/1784 1751/1751/1751
f 1751/1751/1751 1784/1784/1784 1752/1752/1752
f 1784/1784/1784 1785/1785/1785 1752/1752/1752
f 1752/1752/1752 1785/1785/1785 1753/1753/1753
f 1785/1785/1785 1786/1786/1786 1753/1753/1753
f 1753/1753/1753 1786/1786/1786 1754/1754/1754
f 1786/1786/1786 1787/1787/1787 1754/1754/1754
f 1754/1754/1754 1787/1787/1787 1755/1755/1755
f 1787/1787/1787 1788/1788/1788 1755/1755/1755
f 1755/1755/1755 1788/1788/1788 1756/1756/1756
f 1788/1788/1788 1789/1789/1789 1756/1756/1756
f 1756/1756/1756 1789/1789/1789 1757/1757/1757
f 1789/1789/1789 1790/1790/1790 1757/1757/1757
f 1757/1757/1757 1790/1790/1790 1758/1758/1758
f 1790/1790/1790 1791/1791/1791 1758/1758/1758
f 1758/1758/1758 1791/1791/1791 1759/1759/1759
f 1791/1791/1791 1792/1792/1792 1759/1759/1759
f 1759/1759/1759 1792/1792/1792 1760/1760/1760
f 1792/1792/1792 1793/1793/1793 1760/1760/1760
f 1760/1760/1760 1793/1793/1793 1761/1761/1761
f 1793/1793/1793 1794/1794/1794 1761/1761/1761
f 1761/1761/1761 1794/1794/1794 1762/1762/1762
f 1794/1794/1794 1795/1795/1795 1762/1762/1762
f 1762/1762/1762 1795/1795/1795 1763/1763/1763
f 1795/1795/1795 1796/1796/1796 1763/1763/1763
f 1763/1763/1763 1796/1796/1796 1764/1764/1764
f 1796/1796/1796 1797/1797/1797 1764/1764/1764
f 1764/1764/1764 1797/1797/1797 1765/1765/1765
f 1797/1797/1797 1798/1798/1798 1765/1765/1765
f 1765/1765/1765 1798/1798/1798 1766/1766/1766
f 1798/1798/1798 1799/1799/1799 1766/1766/1766
f 1766/1766/1766 1799/1799/1799 1767/1767/1767
f 1799/1799/1799 1800/1800/1800 1767/1767/1767
f 1767/1767/1767 1800/1800/1800 1768/1768/1768
f 1800/1800/1800 1801/1801/1801 1768/1768/1768
f 1768/1768/1768 1801/1801/1801 1769/1769/1769
f 1801/1801/1801 1802/1802/1802 1769/1769/1769
f 1769/1769/1769 1802/1802/1802 1770/1770/1770
f 1802/1802/1802 1803/1803/1803 1770/1770/1770
f 1770/1770/1770 1803/1803/1803 1771/1771/1771
f 1803/1803/1803 1804/1804/1804 1771/1771/1771
f 1771/1771/1771 1804/1804/1804 1772/1772/1772
f 1804/1804/1804 1805/1805/1805 1772/1772/1772
f 1772/1772/1772 1805/1805/1805 1773/1773/1773
f 1805/1805/1805 1806/1806/1806 1773/1773/1773
f 1773/1773/1773 1806/1806/1806 1774/1774/1774
f 1806/1806/1806 1807/1807/1807 1774/1774/1774
f 1774/1774/1774 1807/1807/1807 1775/1775/1775
f 1807/1807/1807 1808/1808/1808 1775/1775/1775
f 1775/1775/1775 1808/1808/1808 1776/1776/1776
f 1808/1808/1808 1809/1809/1809 1776/1776/1776
f 1776/1776/1776 1809/1809/1809 1777/1777/1777
f 1809/1809/1809 1810/1810/1810 1777/1777/1777
f 1777/1777/1777 1810/1810/1810 1778/1778/1778
f 1810/1810/1810 1811/1811/1811 1778/1778/1778
f 1778/1778/1778 1811/1811/1811 1779/1779/1779
f 1811/1811/1811 1812/1812/1812 1779/1779/1779
f 1779/1779/1779 1812/1812/1812 1780/1780/1780
f 1812/1812/1812 1813/1813/1813 1780/1780/1780
f 1780/1780/1780 1813/1813/1813 1781/1781/1781
f 1813/1813/1813 1814/1814/1814 1781/1781/1781
f 1781/1781/1781 1814/1814/1814 1782/1782/1782
f 1814/1814/1814 1815/1815/1815 1782/1782/1782
f 1783/1783/1783 1816/1816/1816 1784/1784/1784
f 1816/1816/1816 1817/1817/1817 1784/1784/1784
f 1784/1784/1784 1817/1817/1817 1785/1785/1785
f 1817/1817/1817 1818/1818/1818 1785/1785/1785
f 1785/1785/1785 1818/1818/1818 1786/1786/1786
f 1818/1818/1818 1819/1819/1819 1786/1786/1786
f 1786/1786/1786 1819/1819/1819 1787/1787/1787
f 1819/1819/1819 1820/1820/1820 1787/1787/1787
f 1787/1787/1787 1820/1820/1820 1788/1788/1788
f 1820/1820/1820 1821/1821/1821 1788/1788/1788
f 1788/1788/1788 1821/1821/1821 1789/1789/1789
f 1821/1821/1821 1822/1822/1822 1789/1789/1789
f 1789/1789/1789 1822/1822/1822 1790/1790/1790
f 1822/1822/1822 1823/1823/1823 1790/1790/1790
f 1790/1790/1790 1823/1823/1823 1791/1791/1791
f 1823/1823/1823 1824/1824/1824 1791/1791/1791
f 1791/1791/1791 1824/1824/1824 1792/1792/1792
f 1824/1824/1824 1825/1825/1825 1792/1792/1792
f 1792/1792/1792 1825/1825/1825 1793/1793/1793
f 1825/1825/1825 1826/1826/1826 1793/1793/1793
f 1793/1793/1793 1826/1826/1826 1794/1794/1794
f 1826/1826/1826 1827/1827/1827 1794/1794/1794
f 1794/1794/1794 1827/1827/1827 1795/1795/1795
f 1827/1827/1827 1828/1828/1828 1795/1795/1795
f 1795/1795/1795 1828/1828/1828 1796/1796/1796
f 1828/1828/1828 1829/1829/1829 1796/1796/1796
f 1796/1796/1796 1829/1829/1829 1797/1797/1797
f 1829/1829/1829 1830/1830/1830 1797/1797/1797
f 1797/1797/1797 1830/1830/1830 1798/1798/1798
f 1830/1830/1830 1831/1831/1831 1798/1798/1798
f 1798/1798/1798 1831/1831/1831 1799/1799/1799
f 1831/1831/1831 1832/1832/1832 1799/1799/1799
f 1799/1799/1799 1832/1832/1832 1800/1800/1800
f 1832/1832/1832 1833/1833/1833 1800/1800/1800
f 1800/1800/1800 1833/1833/1833 1801/1801/1801
f 1833/1833/1833 1834/1834/1834 1801/1801/1801
f 1801/1801/1801 1834/1834/1834 1802/1802/1802
f 1834/1834/1834 1835/1835/1835 1802/1802/1802
f 1802/1802/1802 1835/1835/1835 1803/1803/1803
f 1835/1835/1835 1836/1836/1836 1803/1803/1803
f 1803/1803/1803 1836/1836/1836 1804/1804/1804
f 1836/1836/1836 1837/1837/1837 1804/1804/1804
f 1804/1804/1804 1837/1837/1837 1805/1805/1805
f 1837/1837/1837 1838/1838/1838 1805/1805/1805
f 1805/1805/1805 1838/1838/1838 1806/1806/1806
f 1838/1838/1838 1839/1839/1839 1806/1806/1806
f 1806/1806/1806 1839/1839/1839 1807/1807/1807
f 1839/1839/1839 1840/1840/1840 1807/1807/1807
f 1807/1807/1807 1840/1840/1840 1808/1808/1808
f 1840/1840/1840 1841/1841/1841 1808/1808/1808
f 1808/1808/1808 1841/1841/1841 1809/1809/1809
f 1841/1841/1841 1842/1842/1842 1809/1809/1809
f 1809/1809/1809 1842/1842/1842 1810/1810/1810
f 1842/1842/1842 1843/1843/1843 1810/1810/1810
f 1810/1810/1810 1843/1843/1843 1811/1811/1811
f 1843/1843/1843 1844/1844/1844 1811/1811/1811
f 1811/1811/1811 1844/1844/1844 1812/1812/1812
f 1844/1844/1844 1845/1845/1845 1812/1812/1812
f 1812/1812/1812 1845/1845/1845 1813/1813/1813
f 1845/1845/1845 1846/1846/1846 1813/1813/1813
f 1813/1813/1813 1846/1846/1846 1814/1814/1814
f 1846/1846/1846 1847/1847/1847 1814/1814/1814
f 1814/1814/1814 1847/1847/1847 1815/1815/1815
f 1847/1847/1847 1848/1848/1848 1815/1815/1815
f 1816/1816/1816 1849/1849/1849 1817/1817/1817
f 1849/1849/1849 1850/1850/1850 1817/1817/1817
f 1817/1817/1817 1850/1850/1850 1818/1818/1818
f 1850/1850/1850 1851/1851/1851 1818/1818/1818
f 1818/1818/1818 1851/1851/1851 1819/1819/1819
f 1851/1851/1851 1852/1852/1852 1819/1819/1819
f 1819/1819/1819 1852/1852/1852 1820/1820/1820
f 1852/1852/1852 1853/1853/1853 1820/1820/1820
f 1820/1820/1820 1853/1853/1853 1821/1821/1821
f 1853/1853/1853 1854/1854/1854 1821/1821/1821
f 1821/1821/1821 1854/1854/1854 1822/1822/1822
f 1854/1854/1854 1855/1855/1855 1822/1822/1822
f 1822/1822/1822 1855/1855/1855 1823/1823/1823
f 1855/1855/1855 1856/1856/1856 1823/1823/1823
f 1823/1823/1823 1856/1856/1856 1824/1824/1824
f 1856/1856/1856 1857/1857/1857 1824/1824/1824
f 1824/1824/1824 1857/1857/1857 1825/1825/1825
f 1857/1857/1857 1858/1858/1858 1825/1825/1825
f 1825/1825/1825 1858/1858/1858 1826/1826/1826
f 1858/1858/1858 1859/1859/1859 1826/1826/1826
f 1826/1826/1826 1859/1859/1859 1827/1827/1827
f 1859/1859/1859 1860/1860/1860 1827/1827/1827
f 1827/1827/1827 1860/1860/1860 1828/1828/1828
f 1860/1860/1860 1861/1861/1861 1828/1828/1828
f 1828/1828/1828 1861/1861/1861 1829/1829/1829
f 1861/1861/1861 1862/1862/1862 1829/1829/1829
f 1829/1829/1829 1862/1862/1862 1830/1830/1830
f 1862/1862/1862 1863/1863/1863 1830/1830/1830
f 1830/1830/1830 1863/1863/1863 1831/1831/1831
f 1863/1863/1863 1864/1864/1864 1831/1831/1831
f 1831/1831/1831 1864/1864/1864 1832/1832/1832
f 1864/1864/1864 1865/1865/1865 1832/1832/1832
f 1832/1832/1832 1865/1865/1865 1833/1833/1833
f 1865/1865/1865 1866/1866/1866 1833/1833/1833
f 1833/1833/1833 1866/1866/1866 1834/1834/1834
f 1866/1866/1866 1867/1867/1867 1834/1834/1834
f 1834/1834/1834 1867/1867/1867 1835/1835/1835
f 1867/1867/1867 1868/1868/1868 1835/1835/1835
f 1835/1835/1835 1868/1868/1868 1836/1836/1836
f 1868/1868/1868 1869/1869/1869 1836/1836/1836
f 1836/1836/1836 1869/1869/1869 1837/1837/1837
f 1869/1869/1869 1870/1870/1870 1837/1837/1837
f 1837/1837/1837 1870/1870/1870 1838/1838/1838
f 1870/1870/1870 1871/1871/1871 1838/1838/1838
f 1838/1838/1838 1871/1871/1871 1839/1839/1839
f 1871/1871/1871 1872/1872/1872 1839/1839/1839
f 1839/1839/1839 1872/1872/1872 1840/1840/1840
f 1872/1872/1872 1873/1873/1873 1840/1840/1840
f 1840/1840/1840 1873/1873/1873 1841/1841/1841
f 1873/1873/1873 1874/1874/1874 1841/1841/1841
f 1841/1841/1841 1874/1874/1874 1842/1842/1842
f 1874/1874/1874 1875/1875/1875 1842/1842/1842
f 1842/1842/1842 1875/1875/1875 1843/1843/1843
f 1875/1875/1875 1876/1876/1876 1843/1843/1843
f 1843/1843/1843 1876/1876/1876 1844/1844/1844
f 1876/1876/1876 1877/1877/1877 1844/1844/1844
f 1844/1844/1844 1877/1877/1877 1845/1845/1845
f 1877/1877/1877 1878/1878/1878 1845/1845/1845
f 1845/1845/1845 1878/1878/1878 1846/1846/1846
f 1878/1878/1878 1879/1879/1879 1846/1846/1846
f 1846/1846/1846 1879/1879/1879 1847/1847/1847
f 1879/1879/1879 1880/1880/1880 1847/1847/1847
f 1847/1847/1847 1880/1880/1880 1848/1848/1848
f 1880/1880/1880 1881/1881/1881 1848/1848/1848
f 1849/1849/1849 1882/1882/1882 1850/1850/1850
f 1882/1882/1882 1883/1883/1883 1850/1850/1850
f 1850/1850/1850 1883/1883/1883 1851/1851/1851
f 1883/1883/1883 1884/1884/1884 1851/1851/1851
f 1851/1851/1851 1884/1884/1884 1852/1852/1852
f 1884/1884/1884 1885/1885/1885 1852/1852/1852
f 1852/1852/1852 1885/1885/1885 1853/1853/1853
f 1885/1885/1885 1886/1886/1886 1853/1853/1853
f 1853/1853/1853 1886/1886/1886 1854/1854/1854
f 1886/1886/1886 1887/1887/1887 1854/1854/1854
f 1854/1854/1854 1887/1887/1887 1855/1855/1855
f 1887/1887/1887 1888/1888/1888 1855/1855/1855
f 1855/1855/1855 1888/1888/1888 1856/1856/1856
f 1888/1888/1888 1889/1889/1889 1856/1856/1856
f 1856/1856/1856 1889/1889/1889 1857/1857/1857
f 1889/1889/1889 1890/1890/1890 1857/1857/1857
f 1857/1857/1857 1890/1890/1890 1858/1858/1858
f 1890/1890/1890 1891/1891/1891 1858/1858/1858
f 1858/1858/1858 1891/1891/1891 1859/1859/1859
f 1891/1891/1891 1892/1892/1892 1859/1859/1859
f 1859/1859/1859 1892/1892/1892 1860/1860/1860
f 1892/1892/1892 1893/1893/1893 1860/1860/1860
f 1860/1860/1860 1893/1893/1893 1861/1861/1861
f 1893/1893/1893 1894/1894/1894 1861/1861/1861
f 1861/1861/1861 1894/1894/1894 1862/1862/1862
f 1894/1894/1894 1895/1895/1895 1862/1862/1862
f 1862/1862/1862 1895/1895/1895 1863/1863/1863
f 1895/1895/1895 1896/1896/1896 1863/1863/1863
f 1863/1863/1863 1896/1896/1896 1864/1864/1864
f 1896/1896/1896 1897/1897/1897 1864/1864/1864
f 1864/1864/1864 1897/1897/1897 1865/1865/1865
f 1897/1897/1897 1898/1898/1898 1865/1865/1865
f 1865/1865/1865 1898/1898/1898 1866/1866/1866
f 1898/1898/1898 1899/1899/1899 1866/1866/1866
f 1866/1866/1866 1899/1899/1899 1867/1867/1867
f 1899/1899/1899 1900/1900/1900 1867/1867/1867
f 1867/1867/1867 1900/1900/1900 1868/1868/1868
f 1900/1900/1900 1901/1901/1901 1868/1868/1868
f 1868/1868/1868 1901/1901/1901 1869/1869/1869
f 1901/1901/1901 1902/1902/1902 1869/1869/1869
f 1869/1869/1869 1902/1902/1902 1870/1870/1870
f 1902/1902/1902 1903/1903/1903 1870/1870/1870
f 1870/1870/1870 1903/1903/1903 1871/1871/1871
f 1903/1903/1903 1904/1904/1904 1871/1871/1871
f 1871/1871/1871 1904/1904/1904 1872/1872/1872
f 1904/1904/1904 1905/1905/1905 1872/1872/1872
f 1872/1872/1872 1905/1905/1905 1873/1873/1873
f 1905/1905/1905 1906/1906/1906 1873/1873/1873
f 1873/1873/1873 1906/1906/1906 1874/1874/1874
f 1906/1906/1906 1907/1907/1907 1874/1874/1874
f 1874/1874/1874 1907/1907/1907 1875/1875/1875
f 1907/1907/1907 1908/1908/1908 1875/1875/1875
f 1875/1875/1875 1908/1908/1908 1876/1876/1876
f 1908/1908/1908 1909/1909/1909 1876/1876/1876
f 1876/1876/1876 1909/1909/1909 1877/1877/1877
f 1909/1909/1909 1910/1910/1910 1877/1877/1877
f 1877/1877/1877 1910/1910/1910 1878/1878/1878
f 1910/1910/1910 1911/1911/1911 1878/1878/1878
f 1878/1878/1878 1911/1911/1911 1879/1879/1879
f 1911/1911/1911 1912/1912/1912 1879/1879/1879
f 1879/1879/1879 1912/1912/1912 1880/1880/1880
f 1912/1912/1912 1913/1913/1913 1880/1880/1880
f 1880/1880/1880 1913/1913/1913 1881/1881/1881
f 1913/1913/1913 1914/1914/1914 1881/1881/1881
f 1882/1882/1882 1915/1915/1915 1883/1883/1883
f 1915/1915/1915 1916/1916/1916 1883/1883/1883
f 1883/1883/1883 1916/1916/1916 1884/1884/1884
f 1916/1916/1916 1917/1917/1917 1884/1884/1884
f 1884/1884/1884 1917/1917/1917 1885/1885/1885
f 1917/1917/1917 1918/1918/1918 1885/1885/1885
f 1885/1885/1885 1918/1918/1918 1886/1886/1886
f 1918/1918/1918 1919/1919/1919 1886/1886/1886
f 1886/1886/1886 1919/1919/1919 1887/1887/1887
f 1919/1919/1919 1920/1920/1920 1887/1887/1887
f 1887/1887/1887 1920/1920/1920 1888/1888/1888
f 1920/1920/1920 1921/1921/1921 1888/1888/1888
f 1888/1888/1888 1921/1921/1921 1889/1889/1889
f 1921/1921/1921 1922/1922/1922 1889/1889/1889
f 1889/1889/1889 1922/1922/1922 1890/1890/1890
f 1922/1922/1922 1923/1923/1923 1890/1890/1890
f 1890/1890/1890 1923/1923/1923 1891/1891/1891
f 1923/1923/1923 1924/1924/1924 1891/1891/1891
f 1891/1891/1891 1924/1924/1924 1892/1892/1892
f 1924/1924/1924 1925/1925/1925 1892/1892/1892
f 1892/1892/1892 1925/1925/1925 1893/1893/1893
f 1925/1925/1925 1926/1926/1926 1893/1893/1893
f 1893/1893/1893 1926/1926/1926 1894/1894/1894
f 1926/1926/1926 1927/1927/1927 1894/1894/1894
f 1894/1894/1894 1927/1927/1927 1895/1895/1895
f 1927/1927/1927 1928/1928/1928 1895/1895/1895
f 1895/1895/1895 1928/1928/1928 1896/1896/1896
f 1928/1928/1928 1929/1929/1929 1896/1896/1896
f 1896/1896/1896 1929/1929/1929 1897/1897/1897
f 1929/1929/1929 1930/1930/1930 1897/1897/1897
f 1897/1897/1897 1930/1930/1930 1898/1898/1898
f 1930/1930/1930 1931/1931/1931 1898/1898/1898
f 1898/1898/1898 1931/1931/1931 1899/1899/1899
f 1931/1931/1931 1932/1932/1932 1899/1899/1899
f 1899/1899/1899 1932/1932/1932 1900/1900/1900
f 1932/1932/1932 1933/1933/1933 1900/1900/1900
f 1900/1900/1900 1933/1933/1933 1901/1901/1901
f 1933/1933/1933 1934/1934/1934 1901/1901/1901
f 1901/1901/1901 1934/1934/1934 1902/1902/1902
f 1934/1934/1934 1935/1935/1935 1902/1902/1902
f 1902/1902/1902 1935/1935/1935 1903/1903/1903
f 1935/1935/1935 1936/1936/1936 1903/1903/1903
f 1903/1903/1903 1936/1936/1936 1904/1904/1904
f 1936/1936/1936 1937/1937/1937 1904/1904/1904
f 1904/1904/1904 1937/1937/1937 1905/1905/1905
f 1937/1937/1937 1938/1938/1938 1905/1905/1905
f 1905/1905/1905 1938/1938/1938 1906/1906/1906
f 1938/1938/1938 1939/1939/1939 1906/1906/1906
f 1906/1906/1906 1939/1939/1939 1907/1907/1907
f 1939/1939/1939 1940/1940/1940 1907/1907/1907
f 1907/1907/1907 1940/1940/1940 1908/1908/1908
f 1940/1940/1940 1941/1941/1941 1908/1908/1908
f 1908/1908/1908 1941/1941/1941 1909/1909/1909
f 1941/1941/1941 1942/1942/1942 1909/1909/1909
f 1909/1909/1909 1942/1942/1942 1910/1910/1910
f 1942/1942/1942 1943/1943/1943 1910/1910/1910
f 1910/1910/1910 1943/1943/1943 1911/1911/1911
f 1943/1943/1943 1944/1944/1944 1911/1911/1911
f 1911/1911/1911 1944/1944/1944 1912/1912/1912
f 1944/1944/1944 1945/1945/1945 1912/1912/1912
f 1912/1912/1912 1945/1945/1945 1913/1913/1913
f 1945/1945/1945 1946/1946/1946 1913/1913/1913
f 1913/1913/1913 1946/1946/1946 1914/1914/1914
f 1946/1946/1946 1947/1947/1947 1914/1914/1914
f 1915/1915/1915 1948/1948/1948 1916/1916/1916
f 1948/1948/1948 1949/1949/1949 1916/1916/1916
f 1916/1916/1916 1949/1949/1949 1917/1917/1917
f 1949/1949/1949 1950/1950/1950 1917/1917/1917
f 1917/1917/1917 1950/1950/1950 1918/1918/1918
f 1950/1950/1950 1951/1951/1951 1918/1918/1918
f 1918/1918/1918 1951/1951/1951 1919/1919/1919
f 1951/1951/1951 1952/1952/1952 1919/1919/1919
f 1919/1919/1919 1952/1952/1952 1920/1920/1920
f 1952/1952/1952 1953/1953/1953 1920/1920/1920
f 1920/1920/1920 1953/1953/1953 1921/1921/1921
f 1953/1953/1953 1954/1954/1954 1921/1921/1921
f 1921/1921/1921 1954/1954/1954 1922/1922/1922
f 1954/1954/1954 1955/1955/1955 1922/1922/1922
f 1922/1922/1922 1955/1955/1955 1923/1923/1923
f 1955/1955/1955 1956/1956/1956 1923/1923/1923
f 1923/1923/1923 1956/1956/1956 1924/1924/1924
f 1956/1956/1956 1957/1957/1957 1924/1924/1924
f 1924/1924/1924 1957/1957/1957 1925/1925/1925
f 1957/1957/1957 1958/1958/1958 1925/1925/1925
f 1925/1925/1925 1958/1958/1958 1926/1926/1926
f 1958/1958/1958 1959/1959/1959 1926/1926/1926
f 1926/1926/1926 1959/1959/1959 1927/1927/1927
f 1959/1959/1959 1960/1960/1960 1927/1927/1927
f 1927/1927/1927 1960/1960/1960 1928/1928/1928
f 1960/1960/1960 1961/1961/1961 1928/1928/1928
f 1928/1928/1928 1961/1961/1961 1929/1929/1929
f 1961/1961/1961 1962/1962/1962 1929/1929/1929
f 1929/1929/1929 1962/1962/1962 1930/1930/1930
f 1962/1962/1962 1963/1963/1963 1930/1930/1930
f 1930/1930/1930 1963/1963/1963 1931/1931/1931
f 1963/1963/1963 1964/1964/1964 1931/1931/1931
f 1931/1931/1931 1964/1964/1964 1932/1932/1932
f 1964/1964/1964 1965/1965/1965 1932/1932/1932
f 1932/1932/1932 1965/1965/1965 1933/1933/1933
f 1965/1965/1965 1966/1966/1966 1933/1933/1933
f 1933/1933/1933 1966/1966/1966 1934/1934/1934
f 1966/1966/1966 1967/1967/1967 1934/1934/1934
f 1934/1934/1934 1967/1967/1967 1935/1935/1935
f 1967/1967/1967 1968/1968/1968 1935/1935/1935
f 1935/1935/1935 1968/1968/1968 1936/1936/1936
f 1968/1968/1968 1969/1969/1969 1936/1936/1936
f 1936/1936/1936 1969/1969/1969 1937/1937/1937
f 1969/1969/1969 1970/1970/1970 1937/1937/1937
f 1937/1937/1937 1970/1970/1970 1938/1938/1938
f 1970/1970/1970 1971/1971/1971 1938/1938/1938
f 1938/1938/1938 1971/1971/1971 1939/1939/1939
f 1971/1971/1971 1972/1972/1972 1939/1939/1939
f 1939/1939/1939 1972/1972/1972 1940/1940/1940
f 1972/1972/1972 1973/1973/1973 1940/1940/1940
f 1940/1940/1940 1973/1973/1973 1941/1941/1941
f 1973/1973/1973 1974/1974/1974 1941/1941/1941
f 1941/1941/1941 1974/1974/1974 1942/1942/1942
f 1974/1974/1974 1975/1975/1975 1942/1942/1942
f 1942/1942/1942 1975/1975/1975 1943/1943/1943
f 1975/1975/1975 1976/1976/1976 1943/1943/1943
f 1943/1943/1943 1976/1976/1976 1944/1944/1944
f 1976/1976/1976 1977/1977/1977 1944/1944/1944
f 1944/1944/1944 1977/1977/1977 1945/1945/1945
f 1977/1977/1977 1978/1978/1978 1945/1945/1945
f 1945/1945/1945 1978/1978/1978 1946/1946/1946
f 1978/1978/1978 1979/1979/1979 1946/1946/1946
f 1946/1946/1946 1979/1979/1979 1947/1947/1947
f 1979/1979/1979 1980/1980/1980 1947/1947/1947
f 1948/1948/1948 1981/1981/1981 1949/1949/1949
f 1981/1981/1981 1982/1982/1982 1949/1949/1949
f 1949/1949/1949 1982/1982/1982 1950/1950/1950
f 1982/1982/1982 1983/1983/1983 1950/1950/1950
f 1950/1950/1950 1983/1983/1983 1951/1951/1951
f 1983/1983/1983 1984/1984/1984 1951/1951/1951
f 1951/1951/1951 1984/1984/1984 1952/1952/1952
f 1984/1984/1984 1985/1985/1985 1952/1952/1952
f 1952/1952/1952 1985/1985/1985 1953/1953/1953
f 1985/1985/1985 1986/1986/1986 1953/1953/1953
f 1953/1953/1953 1986/1986/1986 1954/1954/1954
f 1986/1986/1986 1987/1987/1987 1954/1954/1954
f 1954/1954/1954 1987/1987/1987 1955/1955/1955
f 1987/1987/1987 1988/1988/1988 1955/1955/1955
f 1955/1955/1955 1988/1988/1988 1956/1956/1956
f 1988/1988/1988 1989/1989/1989 1956/1956/1956
f 1956/1956/1956 1989/1989/1989 1957/1957/1957
f 1989/1989/1989 1990/1990/1990 1957/1957/1957
f 1957/1957/1957 1990/1990/1990 1958/1958/1958
f 1990/1990/1990 1991/1991/1991 1958/1958/1958
f 1958/1958/1958 1991/1991/1991 1959/1959/1959
f 1991/1991/1991 1992/1992/1992 1959/1959/1959
f 1959/1959/1959 1992/1992/1992 1960/1960/1960
f 1992/1992/1992 1993/1993/1993 1960/1960/1960
f 1960/1960/1960 1993/1993/1993 1961/1961/1961
f 1993/1993/1993 1994/1994/1994 1961/1961/1961
f 1961/1961/1961 1994/1994/1994 1962/1962/1962
f 1994/1994/1994 1995/1995/1995 1962/1962/1962
f 1962/1962/1962 1995/1995/1995 1963/1963/1963
f 1995/1995/1995 1996/1996/1996 1963/1963/1963
f 1963/1963/1963 1996/1996/1996 1964/1964/1964
f 1996/1996/1996 1997/1997/1997 1964/1964/1964
f 1964/1964/1964 1997/1997/1997 1965/1965/1965
f 1997/1997/1997 1998/1998/1998 1965/1965/1965
f 1965/1965/1965 1998/1998/1998 1966/1966/1966
f 1998/1998/1998 1999/1999/1999 1966/1966/1966
f 1966/1966/1966 1999/1999/1999 1967/1967/1967
f 1999/1999/1999 2000/2000/2000 1967/1967/1967
f 1967/1967/1967 2000/2000/2000 1968/1968/1968
f 2000/2000/2000 2001/2001/2001 1968/1968/1968
f 1968/1968/1968 2001/2001/2001 1969/1969/1969
f 2001/2001/2001 2002/2002/2002 1969/1969/1969
f 1969/1969/1969 2002/2002/2002 1970/1970/1970
f 2002/2002/2002 2003/2003/2003 1970/1970/1970
f 1970/1970/1970 2003/2003/2003 1971/1971/1971
f 2003/2003/2003 2004/2004/2004 1971/1971/1971
f 1971/1971/1971 2004/2004/2004 1972/1972/1972
f 2004/2004/2004 2005/2005/2005 1972/1972/1972
f 1972/1972/1972 2005/2005/2005 1973/1973/1973
f 2005/2005/2005 2006/2006/2006 1973/1973/1973
f 1973/1973/1973 2006/2006/2006 1974/1974/1974
f 2006/2006/2006 2007/2007/2007 1974/1974/1974
f 1974/1974/1974 2007/2007/2007 1975/1975/1975
f 2007/2007/2007 2008/2008/2008 1975/1975/1975
f 1975/1975/1975 2008/2008/2008 1976/1976/1976
f 2008/2008/2008 2009/2009/2009 1976/1976/1976
f 1976/1976/1976 2009/2009/2009 1977/1977/1977
f 2009/2009/2009 2010/2010/2010 1977/1977/1977
f 1977/1977/1977 2010/2010/2010 1978/1978/1978
f 2010/2010/2010 2011/2011/2011 1978/1978/1978
f 1978/1978/1978 2011/2011/2011 1979/1979/1979
f 2011/2011/2011 2012/2012/2012 1979/1979/1979
f 1979/1979/1979 2012/2012/2012 1980/1980/1980
f 2012/2012/2012 2013/2013/2013 1980/1980/1980
f 1981/1981/1981 2014/2014/2014 1982/1982/1982
f 2014/2014/2014 2015/2015/2015 1982/1982/1982
f 1982/1982/1982 2015/2015/2015 1983/1983/1983
f 2015/2015/2015 2016/2016/2016 1983/1983/1983
f 1983/1983/1983 2016/2016/2016 1984/1984/1984
f 2016/2016/2016 2017/2017/2017 1984/1984/1984
f 1984/1984/1984 2017/2017/2017 1985/1985/1985
f 2017/2017/2017 2018/2018/2018 1985/1985/1985
f 1985/1985/1985 2018/2018/2018 1986/1986/1986
f 2018/2018/2018 2019/2019/2019 1986/1986/1986
f 1986/1986/1986 2019/2019/2019 1987/1987/1987
f 2019/2019/2019 2020/2020/2020 1987/1987/1987
f 1987/1987/1987 2020/2020/2020 1988/1988/1988
f 2020/2020/2020 2021/2021/2021 1988/1988/1988
f 1988/1988/1988 2021/2021/2021 1989/1989/1989
f 2021/2021/2021 2022/2022/2022 1989/1989/1989
f 1989/1989/1989 2022/2022/2022 1990/1990/1990
f 2022/2022/2022 2023/2023/2023 1990/1990/1990
f 1990/1990/1990 2023/2023/2023 1991/1991/1991
f 2023/2023/2023 2024/2024/2024 1991/1991/1991
f 1991/1991/1991 2024/2024/2024 1992/1992/1992
f 2024/2024/2024 2025/2025/2025 1992/1992/1992
f 1992/1992/1992 2025/2025/2025 1993/1993/1993
f 2025/2025/2025 2026/2026/2026 1993/1993/1993
f 1993/1993/1993 2026/2026/2026 1994/1994/1994
f 2026/2026/2026 2027/2027/2027 1994/1994/1994
f 1994/1994/1994 2027/2027/2027 1995/1995/1995
f 2027/2027/2027 2028/2028/2028 1995/1995/1995
f 1995/1995/1995 2028/2028/2028 1996/1996/1996
f 2028/2028/2028 2029/2029/2029 1996/1996/1996
f 1996/1996/1996 2029/2029/2029 1997/1997/1997
f 2029/2029/2029 2030/2030/2030 1997/1997/1997
f 1997/1997/1997 2030/2030/2030 1998/1998/1998
f 2030/2030/2030 2031/2031/2031 1998/1998/1998
f 1998/1998/1998 2031/2031/2031 1999/1999/1999
f 2031/2031/2031 2032/2032/2032 1999/1999/1999
f 1999/1999/1999 2032/2032/2032 2000/2000/2000
f 2032/2032/2032 2033/2033/2033 2000/2000/2000
f 2000/2000/2000 2033/2033/2033 2001/2001/2001
f 2033/2033/2033 2034/2034/2034 2001/2001/2001
f 2001/2001/2001 2034/2034/2034 2002/2002/2002
f 2034/2034/2034 2035/2035/2035 2002/2002/2002
f 2002/2002/2002 2035/2035/2035 2003/2003/2003
f 2035/2035/2035 2036/2036/2036 2003/2003/2003
f 2003/2003/2003 2036/2036/2036 2004/2004/2004
f 2036/2036/2036 2037/2037/2037 2004/2004/2004
f 2004/2004/2004 2037/2037/2037 2005/2005/2005
f 2037/2037/2037 2038/2038/2038 2005/2005/2005
f 2005/2005/2005 2038/2038/2038 2006/2006/2006
f 2038/2038/2038 2039/2039/2039 2006/2006/2006
f 2006/2006/2006 2039/2039/2039 2007/2007/2007
f 2039/2039/2039 2040/2040/2040 2007/2007/2007
f 2007/2007/2007 2040/2040/2040 2008/2008/2008
f 2040/2040/2040 2041/2041/2041 2008/2008/2008
f 2008/2008/2008 2041/2041/2041 2009/2009/2009
f 2041/2041/2041 2042/2042/2042 2009/2009/2009
f 2009/2009/2009 2042/2042/2042 2010/2010/2010
f 2042/2042/2042 2043/2043/2043 2010/2010/2010
f 2010/2010/2010 2043/2043/2043 2011/2011/2011
f 2043/2043/2043 2044/2044/2044 2011/2011/2011
f 2011/2011/2011 2044/2044/2044 2012/2012/2012
f 2044/2044/2044 2045/2045/2045 2012/2012/2012
f 2012/2012/2012 2045/2045/2045 2013/2013/2013
f 2045/2045/2045 2046/2046/2046 2013/2013/2013
f 2014/2014/2014 2047/2047/2047 2015/2015/2015
f 2047/2047/2047 2048/2048/2048 2015/2015/2015
f 2015/2015/2015 2048/2048/2048 2016/2016/2016
f 2048/2048/2048 2049/2049/2049 2016/2016/2016
f 2016/2016/2016 2049/2049/2049 2017/2017/2017
f 2049/2049/2049 2050/2050/2050 2017/2017/2017
f 2017/2017/2017 2050/2050/2050 2018/2018/2018
f 2050/2050/2050 2051/2051/2051 2018/2018/2018
f 2018/2018/2018 2051/2051/2051 2019/2019/2019
f 2051/2051/2051 2052/2052/2052 2019/2019/2019
f 2019/2019/2019 2052/2052/2052 2020/2020/2020
f 2052/2052/2052 2053/2053/2053 2020/2020/2020
f 2020/2020/2020 2053/2053/2053 2021/2021/2021
f 2053/2053/2053 2054/2054/2054 2021/2021/2021
f 2021/2021/2021 2054/2054/2054 2022/2022/2022
f 2054/2054/2054 2055/2055/2055 2022/2022/2022
f 2022/2022/2022 2055/2055/2055 2023/2023/2023
f 2055/2055/2055 2056/2056/2056 2023/2023/2023
f 2023/2023/2023 2056/2056/2056 2024/2024/2024
f 2056/2056/2056 2057/2057/2057 2024/2024/2024
f 2024/2024/2024 2057/2057/2057 2025/2025/2025
f 2057/2057/2057 2058/2058/2058 2025/2025/2025
f 2025/2025/2025 2058/2058/2058 2026/2026/2026
f 2058/2058/2058 2059/2059/2059 2026/2026/2026
f 2026/2026/2026 2059/2059/2059 2027/2027/2027
f 2059/2059/2059 2060/2060/2060 2027/2027/2027
f 2027/2027/2027 2060/2060/2060 2028/2028/2028
f 2060/2060/2060 2061/2061/2061 2028/2028/2028
f 2028/2028/2028 2061/2061/2061 2029/2029/2029
f 2061/2061/2061 2062/2062/2062 2029/2029/2029
f 2029/2029/2029 2062/2062/2062 2030/2030/2030
f 2062/2062/2062 2063/2063/2063 2030/2030/2030
f 2030/2030/2030 2063/2063/2063 2031/2031/2031
f 2063/2063/2063 2064/2064/2064 2031/2031/2031
f 2031/2031/2031 2064/2064/2064 2032/2032/2032
f 2064/2064/2064 2065/2065/2065 2032/2032/2032
f 2032/2032/2032 2065/2065/2065 2033/2033/2033
f 2065/2065/2065 2066/2066/2066 2033/2033/2033
f 2033/2033/2033 2066/2066/2066 2034/2034/2034
f 2066/2066/2066 2067/2067/2067 2034/2034/2034
f 2034/2034/2034 2067/2067/2067 2035/2035/2035
f 2067/2067/2067 2068/2068/2068 2035/2035/2035
f 2035/2035/2035 2068/2068/2068 2036/2036/2036
f 2068/2068/2068 2069/2069/2069 2036/2036/2036
f 2036/2036/2036 2069/2069/2069 2037/2037/2037
f 2069/2069/2069 2070/2070/2070 2037/2037/2037
f 2037/2037/2037 2070/2070/2070 2038/2038/2038
f 2070/2070/2070 2071/2071/2071 2038/2038/2038
f 2038/2038/2038 2071/2071/2071 2039/2039/2039
f 2071/2071/2071 2072/2072/2072 2039/2039/2039
f 2039/2039/2039 2072/2072/2072 2040/2040/2040
f 2072/2072/2072 2073/2073/2073 2040/2040/2040
f 2040/2040/2040 2073/2073/2073 2041/2041/2041
f 2073/2073/2073 2074/2074/2074 2041/2041/2041
f 2041/2041/2041 2074/2074/2074 2042/2042/2042
f 2074/2074/2074 2075/2075/2075 2042/2042/2042
f 2042/2042/2042 2075/2075/2075 2043/2043/2043
f 2075/2075/2075 2076/2076/2076 2043/2043/2043
f 2043/2043/2043 2076/2076/2076 2044/2044/2044
f 2076/2076/2076 2077/2077/2077 2044/2044/2044
f 2044/2044/2044 2077/2077/2077 2045/2045/2045
f 2077/2077/2077 2078/2078/2078 2045/2045/2045
f 2045/2045/2045 2078/2078/2078 2046/2046/2046
f 2078/2078/2078 2079/2079/2079 2046/2046/2046
f 2047/2047/2047 2080/2080/2080 2048/2048/2048
f 2080/2080/2080 2081/2081/2081 2048/2048/2048
f 2048/2048/2048 2081/2081/2081 2049/2049/2049
f 2081/2081/2081 2082/2082/2082 2049/2049/2049
f 2049/2049/2049 2082/2082/2082 2050/2050/2050
f 2082/2082/2082 2083/2083/2083 2050/2050/2050
f 2050/2050/2050 2083/2083/2083 2051/2051/2051
f 2083/2083/2083 2084/2084/2084 2051/2051/2051
f 2051/2051/2051 2084/2084/2084 2052/2052/2052
f 2084/2084/2084 2085/2085/2085 2052/2052/2052
f 2052/2052/2052 2085/2085/2085 2053/2053/2053
f 2085/2085/2085 2086/2086/2086 2053/2053/2053
f 2053/2053/2053 2086/2086/2086 2054/2054/2054
f 2086/2086/2086 2087/2087/2087 2054/2054/2054
f 2054/2054/2054 2087/2087/2087 2055/2055/2055
f 2087/2087/2087 2088/2088/2088 2055/2055/2055
f 2055/2055/2055 2088/2088/2088 2056/2056/2056
f 2088/2088/2088 2089/2089/2089 2056/2056/2056
f 2056/2056/2056 2089/2089/2089 2057/2057/2057
f 2089/2089/2089 2090/2090/2090 2057/2057/2057
f 2057/2057/2057 2090/2090/2090 2058/2058/2058
f 2090/2090/2090 2091/2091/2091 2058/2058/2058
f 2058/2058/2058 2091/2091/2091 2059/2059/2059
f 2091/2091/2091 2092/2092/2092 2059/2059/2059
f 2059/2059/2059 2092/2092/2092 2060/2060/2060
f 2092/2092/2092 2093/2093/2093 2060/2060/2060
f 2060/2060/2060 2093/2093/2093 2061/2061/2061
f 2093/2093/2093 2094/2094/2094 2061/2061/2061
f 2061/2061/2061 2094/2094/2094 2062/2062/2062
f 2094/2094/2094 2095/2095/2095 2062/2062/2062
f 2062/2062/2062 2095/2095/2095 2063/2063/2063
f 2095/2095/2095 2096/2096/2096 2063/2063/2063
f 2063/2063/2063 2096/2096/2096 2064/2064/2064
f 2096/2096/2096 2097/2097/2097 2064/2064/2064
f 2064/2064/2064 2097/2097/2097 2065/2065/2065
f 2097/2097/2097 2098/2098/2098 2065/2065/2065
f 2065/2065/2065 2098/2098/2098 2066/2066/2066
f 2098/2098/2098 2099/2099/2099 2066/2066/2066
f 2066/2066/2066 2099/2099/2099 2067/2067/2067
f 2099/2099/2099 2100/2100/2100 2067/2067/2067
f 2067/2067/2067 2100/2100/2100 2068/2068/2068
f 2100/2100/2100 2101/2101/2101 2068/2068/2068
f 2068/2068/2068 2101/2101/2101 2069/2069/2069
f 2101/2101/2101 2102/2102/2102 2069/2069/2069
f 2069/2069/2069 2102/2102/2102 2070/2070/2070
f 2102/2102/2102 2103/2103/2103 2070/2070/2070
f 2070/2070/2070 2103/2103/2103 2071/2071/2071
f 2103/2103/2103 2104/2104/2104 2071/2071/2071
f 2071/2071/2071 2104/2104/2104 2072/2072/2072
f 2104/2104/2104 2105/2105/2105 2072/2072/2072
f 2072/2072/2072 2105/2105/2105 2073/2073/2073
f 2105/2105/2105 2106/2106/2106 2073/2073/2073
f 2073/2073/2073 2106/2106/2106 2074/2074/2074
f 2106/2106/2106 2107/2107/2107 2074/2074/2074
f 2074/2074/2074 2107/2107/2107 2075/2075/2075
f 2107/2107/2107 2108/2108/2108 2075/2075/2075
f 2075/2075/2075 2108/2108/2108 2076/2076/2076
f 2108/2108/2108 2109/2109/2109 2076/2076/2076
f 2076/2076/2076 2109/2109/2109 2077/2077/2077
f 2109/2109/2109 2110/2110/2110 2077/2077/2077
f 2077/2077/2077 2110/2110/2110 2078/2078/2078
f 2110/2110/2110 2111/2111/2111 2078/2078/2078
f 2078/2078/2078 2111/2111/2111 2079/2079/2079
f 2111/2111/2111 2112/2112/2112 2079/2079/2079
f 2080/2080/2080 2113/2113/2113 2081/2081/2081
f 2113/2113/2113 2114/2114/2114 2081/2081/2081
f 2081/2081/2081 2114/2114/2114 2082/2082/2082
f 2114/2114/2114 2115/2115/2115 2082/2082/2082
f 2082/2082/2082 2115/2115/2115 2083/2083/2083
f 2115/2115/2115 2116/2116/2116 2083/2083/2083
f 2083/2083/2083 2116/2116/2116 2084/2084/2084
f 2116/2116/2116 2117/2117/2117 2084/2084/2084
f 2084/2084/2084 2117/2117/2117 2085/2085/2085
f 2117/2117/2117 2118/2118/2118 2085/2085/2085
f 2085/2085/2085 2118/2118/2118 2086/2086/2086
f 2118/2118/2118 2119/2119/2119 2086/2086/2086
f 2086/2086/2086 2119/2119/2119 2087/2087/2087
f 2119/2119/2119 2120/2120/2120 2087/2087/2087
f 2087/2087/2087 2120/2120/2120 2088/2088/2088
f 2120/2120/2120 2121/2121/2121 2088/2088/2088
f 2088/2088/2088 2121/2121/2121 2089/2089/2089
f 2121/2121/2121 2122/2122/2122 2089/2089/2089
f 2089/2089/2089 2122/2122/2122 2090/2090/2090
f 2122/2122/2122 2123/2123/2123 2090/2090/2090
f 2090/2090/2090 2123/2123/2123 2091/2091/2091
f 2123/2123/2123 2124/2124/2124 2091/2091/2091
f 2091/2091/2091 2124/2124/2124 2092/2092/2092
f 2124/2124/2124 2125/2125/2125 2092/2092/2092
f 2092/2092/2092 2125/2125/2125 2093/2093/2093
f 2125/2125/2125 2126/2126/2126 2093/2093/2093
f 2093/2093/2093 2126/2126/2126 2094/2094/2094
f 2126/2126/2126 2127/2127/2127 2094/2094/2094
f 2094/2094/2094 2127/2127/2127 2095/2095/2095
f 2127/2127/2127 2128/2128/2128 2095/2095/2095
f 2095/2095/2095 2128/2128/2128 2096/2096/2096
f 2128/2128/2128 2129/2129/2129 2096/2096/2096
f 2096/2096/2096 2129/2129/2129 2097/2097/2097
f 2129/2129/2129 2130/2130/2130 2097/2097/2097
f 2097/2097/2097 2130/2130/2130 2098/2098/2098
f 2130/2130/2130 2131/2131/2131 2098/2098/2098
f 2098/2098/2098 2131/2131/2131 2099/2099/2099
f 2131/2131/2131 2132/2132/2132 2099/2099/2099
f 2099/2099/2099 2132/2132/2132 2100/2100/2100
f 2132/2132/2132 2133/2133/2133 2100/2100/2100
f 2100/2100/2100 2133/2133/2133 2101/2101/2101
f 2133/2133/2133 2134/2134/2134 2101/2101/2101
f 2101/2101/2101 2134/2134/2134 2102/2102/2102
f 2134/2134/2134 2135/2135/2135 2102/2102/2102
f 2102/2102/2102 2135/2135/2135 2103/2103/2103
f 2135/2135/2135 2136/2136/2136 2103/2103/2103
f 2103/2103/2103 2136/2136/2136 2104/2104/2104
f 2136/2136/2136 2137/2137/2137 2104/2104/2104
f 2104/2104/2104 2137/2137/2137 2105/2105/2105
f 2137/2137/2137 2138/2138/2138 2105/2105/2105
f 2105/2105/2105 2138/2138/2138 2106/2106/2106
f 2138/2138/2138 2139/2139/2139 2106/2106/2106
f 2106/2106/2106 2139/2139/2139 2107/2107/2107
f 2139/2139/2139 2140/2140/2140 2107/2107/2107
f 2107/2107/2107 2140/2140/2140 2108/2108/2108
f 2140/2140/2140 2141/2141/2141 2108/2108/2108
f 2108/2108/2108 2141/2141/2141 2109/2109/2109
f 2141/2141/2141 2142/2142/2142 2109/2109/2109
f 2109/2109/2109 2142/2142/2142 2110/2110/2110
f 2142/2142/2142 2143/2143/2143 2110/2110/2110
f 2110/2110/2110 2143/2143/2143 2111/2111/2111
f 2143/2143/2143 2144/2144/2144 2111/2111/2111
f 2111/2111/2111 2144/2144/2144 2112/2112/2112
f 2144/2144/2144 2145/2145/2145 2112/2112/2112
f 2113/2113/2113 2146/2146/2146 2114/2114/2114
f 2146/2146/2146 2147/2147/2147 2114/2114/2114
f 2114/2114/2114 2147/2147/2147 2115/2115/2115
f 2147/2147/2147 2148/2148/2148 2115/2115/2115
f 2115/2115/2115 2148/2148/2148 2116/2116/2116
f 2148/2148/2148 2149/2149/2149 2116/2116/2116
f 2116/2116/2116 2149/2149/2149 2117/2117/2117
f 2149/2149/2149 2150/2150/2150 2117/2117/2117
f 2117/2117/2117 2150/2150/2150 2118/2118/2118
f 2150/2150/2150 2151/2151/2151 2118/2118/2118
f 2118/2118/2118 2151/2151/2151 2119/2119/2119
f 2151/2151/2151 2152/2152/2152 2119/2119/2119
f 2119/2119/2119 2152/2152/2152 2120/2120/2120
f 2152/2152/2152 2153/2153/2153 2120/2120/2120
f 2120/2120/2120 2153/2153/2153 2121/2121/2121
f 2153/2153/2153 2154/2154/2154 2121/2121/2121
f 2121/2121/2121 2154/2154/2154 2122/2122/2122
f 2154/2154/2154 2155/2155/2155 2122/2122/2122
f 2122/2122/2122 2155/2155/2155 2123/2123/2123
f 2155/2155/2155 2156/2156/2156 2123/2123/2123
f 2123/2123/2123 2156/2156/2156 2124/2124/2124
f 2156/2156/2156 2157/2157/2157 2124/2124/2124
f 2124/2124/2124 2157/2157/2157 2125/2125/2125
f 2157/2157/2157 2158/2158/2158 2125/2125/2125
f 2125/2125/2125 2158/2158/2158 2126/2126/2126
f 2158/2158/2158 2159/2159/2159 2126/2126/2126
f 2126/2126/2126 2159/2159/2159 2127/2127/2127
f 2159/2159/2159 2160/2160/2160 2127/2127/2127
f 2127/2127/2127 2160/2160/2160 2128/2128/2128
f 2160/2160/2160 2161/2161/2161 2128/2128/2128
f 2128/2128/2128 2161/2161/2161 2129/2129/2129
f 2161/2161/2161 2162/2162/2162 2129/2129/2129
f 2129/2129/2129 2162/2162/2162 2130/2130/2130
f 2162/2162/2162 2163/2163/2163 2130/2130/2130
f 2130/2130/2130 2163/2163/2163 2131/2131/2131
f 2163/2163/2163 2164/2164/2164 2131/2131/2131
f 2131/2131/2131 2164/2164/2164 2132/2132/2132
f 2164/2164/2164 2165/2165/2165 2132/2132/2132
f 2132/2132/2132 2165/2165/2165 2133/2133/2133
f 2165/2165/2165 2166/2166/2166 2133/2133/2133
f 2133/2133/2133 2166/2166/2166 2134/2134/2134
f 2166/2166/2166 2167/2167/2167 2134/2134/2134
f 2134/2134/2134 2167/2167/2167 2135/2135/2135
f 2167/2167/2167 2168/2168/2168 2135/2135/2135
f 2135/2135/2135 2168/2168/2168 2136/2136/2136
f 2168/2168/2168 2169/2169/2169 2136/2136/2136
f 2136/2136/2136 2169/2169/2169 2137/2137/2137
f 2169/2169/2169 2170/2170/2170 2137/2137/2137
f 2137/2137/2137 2170/2170/2170 2138/2138/2138
f 2170/2170/2170 2171/2171/2171 2138/2138/2138
f 2138/2138/2138 2171/2171/2171 2139/2139/2139
f 2171/2171/2171 2172/2172/2172 2139/2139/2139
f 2139/2139/2139 2172/2172/2172 2140/2140/2140
f 2172/2172/2172 2173/2173/2173 2140/2140/2140
f 2140/2140/2140 2173/2173/2173 2141/2141/2141
f 2173/2173/2173 2174/2174/2174 2141/2141/2141
f 2141/2141/2141 2174/2174/2174 2142/2142/2142
f 2174/2174/2174 2175/2175/2175 2142/2142/2142
f 2142/2142/2142 2175/2175/2175 2143/2143/2143
f 2175/2175/2175 2176/2176/2176 2143/2143/2143
f 2143/2143/2143 2176/2176/2176 2144/2144/2144
f 2176/2176/2176 2177/2177/2177 2144/2144/2144
f 2144/2144/2144 2177/2177/2177 2145/2145/2145
f 2177/2177/2177 2178/2178/2178 2145/2145/2145
f 2146/2146/2146 2179/2179/2179 2147/2147/2147
f 2179/2179/2179 2180/2180/2180 2147/2147/2147
f 2147/2147/2147 2180/2180/2180 2148/2148/2148
f 2180/2180/2180 2181/2181/2181 2148/2148/2148
f 2148/2148/2148 2181/2181/2181 2149/2149/2149
f 2181/2181/2181 2182/2182/2182 2149/2149/2149
f 2149/2149/2149 2182/2182/2182 2150/2150/2150
f 2182/2182/2182 2183/2183/2183 2150/2150/2150
f 2150/2150/2150 2183/2183/2183 2151/2151/2151
f 2183/2183/2183 2184/2184/2184 2151/2151/2151
f 2151/2151/2151 2184/2184/2184 2152/2152/2152
f 2184/2184/2184 2185/2185/2185 2152/2152/2152
f 2152/2152/2152 2185/2185/2185 2153/2153/2153
f 2185/2185/2185 2186/2186/2186 2153/2153/2153
f 2153/2153/2153 2186/2186/2186 2154/2154/2154
f 2186/2186/2186 2187/2187/2187 2154/2154/2154
f 2154/2154/2154 2187/2187/2187 2155/2155/2155
f 2187/2187/2187 2188/2188/2188 2155/2155/2155
f 2155/2155/2155 2188/2188/2188 2156/2156/2156
f 2188/2188/2188 2189/2189/2189 2156/2156/2156
f 2156/2156/2156 2189/2189/2189 2157/2157/2157
f 2189/2189/2189 2190/2190/2190 2157/2157/2157
f 2157/2157/2157 2190/2190/2190 2158/2158/2158
f 2190/2190/2190 2191/2191/2191 2158/2158/2158
f 2158/2158/2158 2191/2191/2191 2159/2159/2159
f 2191/2191/2191 2192/2192/2192 2159/2159/2159
f 2159/2159/2159 2192/2192/2192 2160/2160/2160
f 2192/2192/2192 2193/2193/2193 2160/2160/2160
f 2160/2160/2160 2193/2193/2193 2161/2161/2161
f 2193/2193/2193 2194/2194/2194 2161/2161/2161
f 2161/2161/2161 2194/2194/2194 2162/2162/2162
f 2194/2194/2194 2195/2195/2195 2162/2162/2162
f 2162/2162/2162 2195/2195/2195 2163/2163/2163
f 2195/2195/2195 2196/2196/2196 2163/2163/2163
f 2163/2163/2163 2196/2196/2196 2164/2164/2164
f 2196/2196/2196 2197/2197/2197 2164/2164/2164
f 2164/2164/2164 2197/2197/2197 2165/2165/2165
f 2197/2197/2197 2198/2198/2198 2165/2165/2165
f 2165/2165/2165 2198/2198/2198 2166/2166/2166
f 2198/2198/2198 2199/2199/2199 2166/2166/2166
f 2166/2166/2166 2199/2199/2199 2167/2167/2167
f 2199/2199/2199 2200/2200/2200 2167/2167/2167
f 2167/2167/2167 2200/2200/2200 2168/2168/2168
f 2200/2200/2200 2201/2201/2201 2168/2168/2168
f 2168/2168/2168 2201/2201/2201 2169/2169/2169
f 2201/2201/2201 2202/2202/2202 2169/2169/2169
f 2169/2169/2169 2202/2202/2202 2170/2170/2170
f 2202/2202/2202 2203/2203/2203 2170/2170/2170
f 2170/2170/2170 2203/2203/2203 2171/2171/2171
f 2203/2203/2203 2204/2204/2204 2171/2171/2171
f 2171/2171/2171 2204/2204/2204 2172/2172/2172
f 2204/2204/2204 2205/2205/2205 2172/2172/2172
f 2172/2172/2172 2205/2205/2205 2173/2173/2173
f 2205/2205/2205 2206/2206/2206 2173/2173/2173
f 2173/2173/2173 2206/2206/2206 2174/2174/2174
f 2206/2206/2206 2207/2207/2207 2174/2174/2174
f 2174/2174/2174 2207/2207/2207 2175/2175/2175
f 2207/2207/2207 2208/2208/2208 2175/2175/2175
f 2175/2175/2175 2208/2208/2208 2176/2176/2176
f 2208/2208/2208 2209/2209/2209 2176/2176/2176
f 2176/2176/2176 2209/2209/2209 2177/2177/2177
f 2209/2209/2209 2210/2210/2210 2177/2177/2177
f 2177/2177/2177 2210/2210/2210 2178/2178/2178
f 2210/2210/2210 2211/2211/2211 2178/2178/2178
f 2179/2179/2179 2212/2212/2212 2180/2180/2180
f 2212/2212/2212 2213/2213/2213 2180/2180/2180
f 2180/2180/2180 2213/2213/2213 2181/2181/2181
f 2213/2213/2213 2214/2214/2214 2181/2181/2181
f 2181/2181/2181 2214/2214/2214 2182/2182/2182
f 2214/2214/2214 2215/2215/2215 2182/2182/2182
f 2182/2182/2182 2215/2215/2215 2183/2183/2183
f 2215/2215/2215 2216/2216/2216 2183/2183/2183
f 2183/2183/2183 2216/2216/2216 2184/2184/2184
f 2216/2216/2216 2217/2217/2217 2184/2184/2184
f 2184/2184/2184 2217/2217/2217 2185/2185/2185
f 2217/2217/2217 2218/2218/2218 2185/2185/2185
f 2185/2185/2185 2218/2218/2218 2186/2186/2186
f 2218/2218/2218 2219/2219/2219 2186/2186/2186
f 2186/2186/2186 2219/2219/2219 2187/2187/2187
f 2219/2219/2219 2220/2220/2220 2187/2187/2187
f 2187/2187/2187 2220/2220/2220 2188/2188/2188
f 2220/2220/2220 2221/2221/2221 2188/2188/2188
f 2188/2188/2188 2221/2221/2221 2189/2189/2189
f 2221/2221/2221 2222/2222/2222 2189/2189/2189
f 2189/2189/2189 2222/2222/2222 2190/2190/2190
f 2222/2222/2222 2223/2223/2223 2190/2190/2190
f 2190/2190/2190 2223/2223/2223 2191/2191/2191
f 2223/2223/2223 2224/2224/2224 2191/2191/2191
f 2191/2191/2191 2224/2224/2224 2192/2192/2192
f 2224/2224/2224 2225/2225/2225 2192/2192/2192
f 2192/2192/2192 2225/2225/2225 2193/2193/2193
f 2225/2225/2225 2226/2226/2226 2193/2193/2193
f 2193/2193/2193 2226/2226/2226 2194/2194/2194
f 2226/2226/2226 2227/2227/2227 2194/2194/2194
f 2194/2194/2194 2227/2227/2227 2195/2195/2195
f 2227/2227/2227 2228/2228/2228 2195/2195/2195
f 2195/2195/2195 2228/2228/2228 2196/2196/2196
f 2228/2228/2228 2229/2229/2229 2196/2196/2196
f 2196/2196/2196 2229/2229/2229 2197/2197/2197
f 2229/2229/2229 2230/2230/2230 2197/2197/2197
f 2197/2197/2197 2230/2230/2230 2198/2198/2198
f 2230/2230/2230 2231/2231/2231 2198/2198/2198
f 2198/2198/2198 2231/2231/2231 2199/2199/2199
f 2231/2231/2231 2232/2232/2232 2199/2199/2199
f 2199/2199/2199 2232/2232/2232 2200/2200/2200
f 2232/2232/2232 2233/2233/2233 2200/2200/2200
f 2200/2200/2200 2233/2233/2233 2201/2201/2201
f 2233/2233/2233 2234/2234/2234 2201/2201/2201
f 2201/2201/2201 2234/2234/2234 2202/2202/2202
f 2234/2234/2234 2235/2235/2235 2202/2202/2202
f 2202/2202/2202 2235/2235/2235 2203/2203/2203
f 2235/2235/2235 2236/2236/2236 2203/2203/2203
f 2203/2203/2203 2236/2236/2236 2204/2204/2204
f 2236/2236/2236 2237/2237/2237 2204/2204/2204
f 2204/2204/2204 2237/2237/2237 2205/2205/2205
f 2237/2237/2237 2238/2238/2238 2205/2205/2205
f 2205/2205/2205 2238/2238/2238 2206/2206/2206
f 2238/2238/2238 2239/2239/2239 2206/2206/2206
f 2206/2206/2206 2239/2239/2239 2207/2207/2207
f 2239/2239/2239 2240/2240/2240 2207/2207/2207
f 2207/2207/2207 2240/2240/2240 2208/2208/2208
f 2240/2240/2240 2241/2241/2241 2208/2208/2208
f 2208/2208/2208 2241/2241/2241 2209/2209/2209
f 2241/2241/2241 2242/2242/2242 2209/2209/2209
f 2209/2209/2209 2242/2242/2242 2210/2210/2210
f 2242/2242/2242 2243/2243/2243 2210/2210/2210
f 2210/2210/2210 2243/2243/2243 2211/2211/2211
f 2243/2243/2243 2244/2244/2244 2211/2211/2211
f 2212/2212/2212 2245/2245/2245 2213/2213/2213
f 2245/2245/2245 2246/2246/2246 2213/2213/2213
f 2213/2213/2213 2246/2246/2246 2214/2214/2214
f 2246/2246/2246 2247/2247/2247 2214/2214/2214
f 2214/2214/2214 2247/2247/2247 2215/2215/2215
f 2247/2247/2247 2248/2248/2248 2215/2215/2215
f 2215/2215/2215 2248/2248/2248 2216/2216/2216
f 2248/2248/2248 2249/2249/2249 2216/2216/2216
f 2216/2216/2216 2249/2249/2249 2217/2217/2217
f 2249/2249/2249 2250/2250/2250 2217/2217/2217
f 2217/2217/2217 2250/2250/2250 2218/2218/2218
f 2250/2250/2250 2251/2251/2251 2218/2218/2218
f 2218/2218/2218 2251/2251/2251 2219/2219/2219
f 2251/2251/2251 2252/2252/2252 2219/2219/2219
f 2219/2219/2219 2252/2252/2252 2220/2220/2220
f 2252/2252/2252 2253/2253/2253 2220/2220/2220
f 2220/2220/2220 2253/2253/2253 2221/2221/2221
f 2253/2253/2253 2254/2254/2254 2221/2221/2221
f 2221/2221/2221 2254/2254/2254 2222/2222/2222
f 2254/2254/2254 2255/2255/2255 2222/2222/2222
f 2222/2222/2222 2255/2255/2255 2223/2223/2223
f 2255/2255/2255 2256/2256/2256 2223/2223/2223
f 2223/2223/2223 2256/2256/2256 2224/2224/2224
f 2256/2256/2256 2257/2257/2257 2224/2224/2224
f 2224/2224/2224 2257/2257/2257 2225/2225/2225
f 2257/2257/2257 2258/2258/2258 2225/2225/2225
f 2225/2225/2225 2258/2258/2258 2226/2226/2226
f 2258/2258/2258 2259/2259/2259 2226/2226/2226
f 2226/2226/2226 2259/2259/2259 2227/2227/2227
f 2259/2259/2259 2260/2260/2260 2227/2227/2227
f 2227/2227/2227 2260/2260/2260 2228/2228/2228
f 2260/2260/2260 2261/2261/2261 2228/2228/2228
f 2228/2228/2228 2261/2261/2261 2229/2229/2229
f 2261/2261/2261 2262/2262/2262 2229/2229/2229
f 2229/2229/2229 2262/2262/2262 2230/2230/2230
f 2262/2262/2262 2263/2263/2263 2230/2230/2230
f 2230/2230/2230 2263/2263/2263 2231/2231/2231
f 2263/2263/2263 2264/2264/2264 2231/2231/2231
f 2231/2231/2231 2264/2264/2264 2232/2232/2232
f 2264/2264/2264 2265/2265/2265 2232/2232/2232
f 2232/2232/2232 2265/2265/2265 2233/2233/2233
f 2265/2265/2265 2266/2266/2266 2233/2233/2233
f 2233/2233/2233 2266/2266/2266 2234/2234/2234
f 2266/2266/2266 2267/2267/2267 2234/2234/2234
f 2234/2234/2234 2267/2267/2267 2235/2235/2235
f 2267/2267/2267 2268/2268/2268 2235/2235/2235
f 2235/2235/2235 2268/2268/2268 2236/2236/2236
f 2268/2268/2268 2269/2269/2269 2236/2236/2236
f 2236/2236/2236 2269/2269/2269 2237/2237/2237
f 2269/2269/2269 2270/2270/2270 2237/2237/2237
f 2237/2237/2237 2270/2270/2270 2238/2238/2238
f 2270/2270/2270 2271/2271/2271 2238/2238/2238
f 2238/2238/2238 2271/2271/2271 2239/2239/2239
f 2271/2271/2271 2272/2272/2272 2239/2239/2239
f 2239/2239/2239 2272/2272/2272 2240/2240/2240
f 2272/2272/2272 2273/2273/2273 2240/2240/2240
f 2240/2240/2240 2273/2273/2273 2241/2241/2241
f 2273/2273/2273 2274/2274/2274 2241/2241/2241
f 2241/2241/2241 2274/2274/2274 2242/2242/2242
f 2274/2274/2274 2275/2275/2275 2242/2242/2242
f 2242/2242/2242 2275/2275/2275 2243/2243/2243
f 2275/2275/2275 2276/2276/2276 2243/2243/2243
f 2243/2243/2243 2276/2276/2276 2244/2244/2244
f 2276/2276/2276 2277/2277/2277 2244/2244/2244
f 2245/2245/2245 2278/2278/2278 2246/2246/2246
f 2278/2278/2278 2279/2279/2279 2246/2246/2246
f 2246/2246/2246 2279/2279/2279 2247/2247/2247
f 2279/2279/2279 2280/2280/2280 2247/2247/2247
f 2247/2247/2247 2280/2280/2280 2248/2248/2248
f 2280/2280/2280 2281/2281/2281 2248/2248/2248
f 2248/2248/2248 2281/2281/2281 2249/2249/2249
f 2281/2281/2281 2282/2282/2282 2249/2249/2249
f 2249/2249/2249 2282/2282/2282 2250/2250/2250
f 2282/2282/2282 2283/2283/2283 2250/2250/2250
f 2250/2250/2250 2283/2283/2283 2251/2251/2251
f 2283/2283/2283 2284/2284/2284 2251/2251/2251
f 2251/2251/2251 2284/2284/2284 2252/2252/2252
f 2284/2284/2284 2285/2285/2285 2252/2252/2252
f 2252/2252/2252 2285/2285/2285 2253/2253/2253
f 2285/2285/2285 2286/2286/2286 2253/2253/2253
f 2253/2253/2253 2286/2286/2286 2254/2254/2254
f 2286/2286/2286 2287/2287/2287 2254/2254/2254
f 2254/2254/2254 2287/2287/2287 2255/2255/2255
f 2287/2287/2287 2288/2288/2288 2255/2255/2255
f 2255/2255/2255 2288/2288/2288 2256/2256/2256
f 2288/2288/2288 2289/2289/2289 2256/2256/2256
f 2256/2256/2256 2289/2289/2289 2257/2257/2257
f 2289/2289/2289 2290/2290/2290 2257/2257/2257
f 2257/2257/2257 2290/2290/2290 2258/2258/2258
f 2290/2290/2290 2291/2291/2291 2258/2258/2258
f 2258/2258/2258 2291/2291/2291 2259/2259/2259
f 2291/2291/2291 2292/2292/2292 2259/2259/2259
f 2259/2259/2259 2292/2292/2292 2260/2260/2260
f 2292/2292/2292 2293/2293/2293 2260/2260/2260
f 2260/2260/2260 2293/2293/2293 2261/2261/2261
f 2293/2293/2293 2294/2294/2294 2261/2261/2261
f 2261/2261/2261 2294/2294/2294 2262/2262/2262
f 2294/2294/2294 2295/2295/2295 2262/2262/2262
f 2262/2262/2262 2295/2295/2295 2263/2263/2263
f 2295/2295/2295 2296/2296/2296 2263/2263/2263
f 2263/2263/2263 2296/2296/2296 2264/2264/2264
f 2296/2296/2296 2297/2297/2297 2264/2264/2264
f 2264/2264/2264 2297/2297/2297 2265/2265/2265
f 2297/2297/2297 2298/2298/2298 2265/2265/2265
f 2265/2265/2265 2298/2298/2298 2266/2266/2266
f 2298/2298/2298 2299/2299/2299 2266/2266/2266
f 2266/2266/2266 2299/2299/2299 2267/2267/2267
f 2299/2299/2299 2300/2300/2300 2267/2267/2267
f 2267/2267/2267 2300/2300/2300 2268/2268/2268
f 2300/2300/2300 2301/2301/2301 2268/2268/2268
f 2268/2268/2268 2301/2301/2301 2269/2269/2269
f 2301/2301/2301 2302/2302/2302 2269/2269/2269
f 2269/2269/2269 2302/2302/2302 2270/2270/2270
f 2302/2302/2302 2303/2303/2303 2270/2270/2270
f 2270/2270/2270 2303/2303/2303 2271/2271/2271
f 2303/2303/2303 2304/2304/2304 2271/2271/2271
f 2271/2271/2271 2304/2304/2304 2272/2272/2272
f 2304/2304/2304 2305/2305/2305 2272/2272/2272
f 2272/2272/2272 2305/2305/2305 2273/2273/2273
f 2305/2305/2305 2306/2306/2306 2273/2273/2273
f 2273/2273/2273 2306/2306/2306 2274/2274/2274
f 2306/2306/2306 2307/2307/2307 2274/2274/2274
f 2274/2274/2274 2307/2307/2307 2275/2275/2275
f 2307/2307/2307 2308/2308/2308 2275/2275/2275
f 2275/2275/2275 2308/2308/2308 2276/2276/2276
f 2308/2308/2308 2309/2309/2309 2276/2276/2276
f 2276/2276/2276 2309/2309/2309 2277/2277/2277
f 2309/2309/2309 2310/2310/2310 2277/2277/2277
f 2278/2278/2278 2311/2311/2311 2279/2279/2279
f 2311/2311/2311 2312/2312/2312 2279/2279/2279
f 2279/2279/2279 2312/2312/2312 2280/2280/2280
f 2312/2312/2312 2313/2313/2313 2280/2280/2280
f 2280/2280/2280 2313/2313/2313 2281/2281/2281
f 2313/2313/2313 2314/2314/2314 2281/2281/2281
f 2281/2281/2281 2314/2314/2314 2282/2282/2282
f 2314/2314/2314 2315/2315/2315 2282/2282/2282
f 2282/2282/2282 2315/2315/2315 2283/2283/2283
f 2315/2315/2315 2316/2316/2316 2283/2283/2283
f 2283/2283/2283 2316/2316/2316 2284/2284/2284
f 2316/2316/2316 2317/2317/2317 2284/2284/2284
f 2284/2284/2284 2317/2317/2317 2285/2285/2285
f 2317/2317/2317 2318/2318/2318 2285/2285/2285
f 2285/2285/2285 2318/2318/2318 2286/2286/2286
f 2318/2318/2318 2319/2319/2319 2286/2286/2286
f 2286/2286/2286 2319/2319/2319 2287/2287/2287
f 2319/2319/2319 2320/2320/2320 2287/2287/2287
f 2287/2287/2287 2320/2320/2320 2288/2288/2288
f 2320/2320/2320 2321/2321/2321 2288/2288/2288
f 2288/2288/2288 2321/2321/2321 2289/2289/2289
f 2321/2321/2321 2322/2322/2322 2289/2289/2289
f 2289/2289/2289 2322/2322/2322 2290/2290/2290
f 2322/2322/2322 2323/2323/2323 2290/2290/2290
f 2290/2290/2290 2323/2323/2323 2291/2291/2291
f 2323/2323/2323 2324/2324/2324 2291/2291/2291
f 2291/2291/2291 2324/2324/2324 2292/2292/2292
f 2324/2324/2324 2325/2325/2325 2292/2292/2292
f 2292/2292/2292 2325/2325/2325 2293/2293/2293
f 2325/2325/2325 2326/2326/2326 2293/2293/2293
f 2293/2293/2293 2326/2326/2326 2294/2294/2294
f 2326/2326/2326 2327/2327/2327 2294/2294/2294
f 2294/2294/2294 2327/2327/2327 2295/2295/2295
f 2327/2327/2327 2328/2328/2328 2295/2295/2295
f 2295/2295/2295 2328/2328/2328 2296/2296/2296
f 2328/2328/2328 2329/2329/2329 2296/2296/2296
f 2296/2296/2296 2329/2329/2329 2297/2297/2297
f 2329/2329/2329 2330/2330/2330 2297/2297/2297
f 2297/2297/2297 2330/2330/2330 2298/2298/2298
f 2330/2330/2330 2331/2331/2331 2298/2298/2298
f 2298/2298/2298 2331/2331/2331 2299/2299/2299
f 2331/2331/2331 2332/2332/2332 2299/2299/2299
f 2299/2299/2299 2332/2332/2332 2300/2300/2300
f 2332/2332/2332 2333/2333/2333 2300/2300/2300
f 2300/2300/2300 2333/2333/2333 2301/2301/2301
f 2333/2333/2333 2334/2334/2334 2301/2301/2301
f 2301/2301/2301 2334/2334/2334 2302/2302/2302
f 2334/2334/2334 2335/2335/2335 2302/2302/2302
f 2302/2302/2302 2335/2335/2335 2303/2303/2303
f 2335/2335/2335 2336/2336/2336 2303/2303/2303
f 2303/2303/2303 2336/2336/2336 2304/2304/2304
f 2336/2336/2336 2337/2337/2337 2304/2304/2304
f 2304/2304/2304 2337/2337/2337 2305/2305/2305
f 2337/2337/2337 2338/2338/2338 2305/2305/2305
f 2305/2305/2305 2338/2338/2338 2306/2306/2306
f 2338/2338/2338 2339/2339/2339 2306/2306/2306
f 2306/2306/2306 2339/2339/2339 2307/2307/2307
f 2339/2339/2339 2340/2340/2340 2307/2307/2307
f 2307/2307/2307 2340/2340/2340 2308/2308/2308
f 2340/2340/2340 2341/2341/2341 2308/2308/2308
f 2308/2308/2308 2341/2341/2341 2309/2309/2309
f 2341/2341/2341 2342/2342/2342 2309/2309/2309
f 2309/2309/2309 2342/2342/2342 2310/2310/2310
f 2342/2342/2342 2343/2343/2343 2310/2310/2310
f 2311/2311/2311 2344/2344/2344 2312/2312/2312
f 2344/2344/2344 2345/2345/2345 2312/2312/2312
f 2312/2312/2312 2345/2345/2345 2313/2313/2313
f 2345/2345/2345 2346/2346/2346 2313/2313/2313
f 2313/2313/2313 2346/2346/2346 2314/2314/2314
f 2346/2346/2346 2347/2347/2347 2314/2314/2314
f 2314/2314/2314 2347/2347/2347 2315/2315/2315
f 2347/2347/2347 2348/2348/2348 2315/2315/2315
f 2315/2315/2315 2348/2348/2348 2316/2316/2316
f 2348/2348/2348 2349/2349/2349 2316/2316/2316
f 2316/2316/2316 2349/2349/2349 2317/2317/2317
f 2349/2349/2349 2350/2350/2350 2317/2317/2317
f 2317/2317/2317 2350/2350/2350 2318/2318/2318
f 2350/2350/2350 2351/2351/2351 2318/2318/2318
f 2318/2318/2318 2351/2351/2351 2319/2319/2319
f 2351/2351/2351 2352/2352/2352 2319/2319/2319
f 2319/2319/2319 2352/2352/2352 2320/2320/2320
f 2352/2352/2352 2353/2353/2353 2320/2320/2320
f 2320/2320/2320 2353/2353/2353 2321/2321/2321
f 2353/2353/2353 2354/2354/2354 2321/2321/2321
f 2321/2321/2321 2354/2354/2354 2322/2322/2322
f 2354/2354/2354 2355/2355/2355 2322/2322/2322
f 2322/2322/2322 2355/2355/2355 2323/2323/2323
f 2355/2355/2355 2356/2356/2356 2323/2323/2323
f 2323/2323/2323 2356/2356/2356 2324/2324/2324
f 2356/2356/2356 2357/2357/2357 2324/2324/2324
f 2324/2324/2324 2357/2357/2357 2325/2325/2325
f 2357/2357/2357 2358/2358/2358 2325/2325/2325
f 2325/2325/2325 2358/2358/2358 2326/2326/2326
f 2358/2358/2358 2359/2359/2359 2326/2326/2326
f 2326/2326/2326 2359/2359/2359 2327/2327/2327
f 2359/2359/2359 2360/2360/2360 2327/2327/2327
f 2327/2327/2327 2360/2360/2360 2328/2328/2328
f 2360/2360/2360 2361/2361/2361 2328/2328/2328
f 2328/2328/2328 2361/2361/2361 2329/2329/2329
f 2361/2361/2361 2362/2362/2362 2329/2329/2329
f 2329/2329/2329 2362/2362/2362 2330/2330/2330
f 2362/2362/2362 2363/2363/2363 2330/2330/2330
f 2330/2330/2330 2363/2363/2363 2331/2331/2331
f 2363/2363/2363 2364/2364/2364 2331/2331/2331
f 2331/2331/2331 2364/2364/2364 2332/2332/2332
f 2364/2364/2364 2365/2365/2365 2332/2332/2332
f 2332/2332/2332 2365/2365/2365 2333/2333/2333
f 2365/2365/2365 2366/2366/2366 2333/2333/2333
f 2333/2333/2333 2366/2366/2366 2334/2334/2334
f 2366/2366/2366 2367/2367/2367 2334/2334/2334
f 2334/2334/2334 2367/2367/2367 2335/2335/2335
f 2367/2367/2367 2368/2368/2368 2335/2335/2335
f 2335/2335/2335 2368/2368/2368 2336/2336/2336
f 2368/2368/2368 2369/2369/2369 2336/2336/2336
f 2336/2336/2336 2369/2369/2369 2337/2337/2337
f 2369/2369/2369 2370/2370/2370 2337/2337/2337
f 2337/2337/2337 2370/2370/2370 2338/2338/2338
f 2370/2370/2370 2371/2371/2371 2338/2338/2338
f 2338/2338/2338 2371/2371/2371 2339/2339/2339
f 2371/2371/2371 2372/2372/2372 2339/2339/2339
f 2339/2339/2339 2372/2372/2372 2340/2340/2340
f 2372/2372/2372 2373/2373/2373 2340/2340/2340
f 2340/2340/2340 2373/2373/2373 2341/2341/2341
f 2373/2373/2373 2374/2374/2374 2341/2341/2341
f 2341/2341/2341 2374/2374/2374 2342/2342/2342
f 2374/2374/2374 2375/2375/2375 2342/2342/2342
f 2342/2342/2342 2375/2375/2375 2343/2343/2343
f 2375/2375/2375 2376/2376/2376 2343/2343/2343
f 2344/2344/2344 2377/2377/2377 2345/2345/2345
f 2377/2377/2377 2378/2378/2378 2345/2345/2345
f 2345/2345/2345 2378/2378/2378 2346/2346/2346
f 2378/2378/2378 2379/2379/2379 2346/2346/2346
f 2346/2346/2346 2379/2379/2379 2347/2347/2347
f 2379/2379/2379 2380/2380/2380 2347/2347/2347
f 2347/2347/2347 2380/2380/2380 2348/2348/2348
f 2380/2380/2380 2381/2381/2381 2348/2348/2348
f 2348/2348/2348 2381/2381/2381 2349/2349/2349
f 2381/2381/2381 2382/2382/2382 2349/2349/2349
f 2349/2349/2349 2382/2382/2382 2350/2350/2350
f 2382/2382/2382 2383/2383/2383 2350/2350/2350
f 2350/2350/2350 2383/2383/2383 2351/2351/2351
f 2383/2383/2383 2384/2384/2384 2351/2351/2351
f 2351/2351/2351 2384/2384/2384 2352/2352/2352
f 2384/2384/2384 2385/2385/2385 2352/2352/2352
f 2352/2352/2352 2385/2385/2385 2353/2353/2353
f 2385/2385/2385 2386/2386/2386 2353/2353/2353
f 2353/2353/2353 2386/2386/2386 2354/2354/2354
f 2386/2386/2386 2387/2387/2387 2354/2354/2354
f 2354/2354/2354 2387/2387/2387 2355/2355/2355
f 2387/2387/2387 2388/2388/2388 2355/2355/2355
f 2355/2355/2355 2388/2388/2388 2356/2356/2356
f 2388/2388/2388 2389/2389/2389 2356/2356/2356
f 2356/2356/2356 2389/2389/2389 2357/2357/2357
f 2389/2389/2389 2390/2390/2390 2357/2357/2357
f 2357/2357/2357 2390/2390/2390 2358/2358/2358
f 2390/2390/2390 2391/2391/2391 2358/2358/2358
f 2358/2358/2358 2391/2391/2391 2359/2359/2359
f 2391/2391/2391 2392/2392/2392 2359/2359/2359
f 2359/2359/2359 2392/2392/2392 2360/2360/2360
f 2392/2392/2392 2393/2393/2393 2360/2360/2360
f 2360/2360/2360 2393/2393/2393 2361/2361/2361
f 2393/2393/2393 2394/2394/2394 2361/2361/2361
f 2361/2361/2361 2394/2394/2394 2362/2362/2362
f 2394/2394/2394 2395/2395/2395 2362/2362/2362
f 2362/2362/2362 2395/2395/2395 2363/2363/2363
f 2395/2395/2395 2396/2396/2396 2363/2363/2363
f 2363/2363/2363 2396/2396/2396 2364/2364/2364
f 2396/2396/2396 2397/2397/2397 2364/2364/2364
f 2364/2364/2364 2397/2397/2397 2365/2365/2365
f 2397/2397/2397 2398/2398/2398 2365/2365/2365
f 2365/2365/2365 2398/2398/2398 2366/2366/2366
f 2398/2398/2398 2399/2399/2399 2366/2366/2366
f 2366/2366/2366 2399/2399/2399 2367/2367/2367
f 2399/2399/2399 2400/2400/2400 2367/2367/2367
f 2367/2367/2367 2400/2400/2400 2368/2368/2368
f 2400/2400/2400 2401/2401/2401 2368/2368/2368
f 2368/2368/2368 2401/2401/2401 2369/2369/2369
f 2401/2401/2401 2402/2402/2402 2369/2369/2369
f 2369/2369/2369 2402/2402/2402 2370/2370/2370
f 2402/2402/2402 2403/2403/2403 2370/2370/2370
f 2370/2370/2370 2403/2403/2403 2371/2371/2371
f 2403/2403/2403 2404/2404/2404 2371/2371/2371
f 2371/2371/2371 2404/2404/2404 2372/2372/2372
f 2404/2404/2404 2405/2405/2405 2372/2372/2372
f 2372/2372/2372 2405/2405/2405 2373/2373/2373
f 2405/2405/2405 2406/2406/2406 2373/2373/2373
f 2373/2373/2373 2406/2406/2406 2374/2374/2374
f 2406/2406/2406 2407/2407/2407 2374/2374/2374
f 2374/2374/2374 2407/2407/2407 2375/2375/2375
f 2407/2407/2407 2408/2408/2408 2375/2375/2375
f 2375/2375/2375 2408/2408/2408 2376/2376/2376
f 2408/2408/2408 2409/2409/2409 2376/2376/2376
f 2377/2377/2377 2410/2410/2410 2378/2378/2378
f 2410/2410/2410 2411/2411/2411 2378/2378/2378
f 2378/2378/2378 2411/2411/2411 2379/2379/2379
f 2411/2411/2411 2412/2412/2412 2379/2379/2379
f 2379/2379/2379 2412/2412/2412 2380/2380/2380
f 2412/2412/2412 2413/2413/2413 2380/2380/2380
f 2380/2380/2380 2413/2413/2413 2381/2381/2381
f 2413/2413/2413 2414/2414/2414 2381/2381/2381
f 2381/2381/2381 2414/2414/2414 2382/2382/2382
f 2414/2414/2414 2415/2415/2415 2382/2382/2382
f 2382/2382/2382 2415/2415/2415 2383/2383/2383
f 2415/2415/2415 2416/2416/2416 2383/2383/2383
f 2383/2383/2383 2416/2416/2416 2384/2384/2384
f 2416/2416/2416 2417/2417/2417 2384/2384/2384
f 2384/2384/2384 2417/2417/2417 2385/2385/2385
f 2417/2417/2417 2418/2418/2418 2385/2385/2385
f 2385/2385/2385 2418/2418/2418 2386/2386/2386
f 2418/2418/2418 2419/2419/2419 2386/2386/2386
f 2386/2386/2386 2419/2419/2419 2387/2387/2387
f 2419/2419/2419 2420/2420/2420 2387/2387/2387
f 2387/2387/2387 2420/2420/2420 2388/2388/2388
f 2420/2420/2420 2421/2421/2421 2388/2388/2388
f 2388/2388/2388 2421/2421/2421 2389/2389/2389
f 2421/2421/2421 2422/2422/2422 2389/2389/2389
f 2389/2389/2389 2422/2422/2422 2390/2390/2390
f 2422/2422/2422 2423/2423/2423 2390/2390/2390
f 2390/2390/2390 2423/2423/2423 2391/2391/2391
f 2423/2423/2423 2424/2424/2424 2391/2391/2391
f 2391/2391/2391 2424/2424/2424 2392/2392/2392
f 2424/2424/2424 2425/2425/2425 2392/2392/2392
f 2392/2392/2392 2425/2425/2425 2393/2393/2393
f 2425/2425/2425 2426/2426/2426 2393/2393/2393
f 2393/2393/2393 2426/2426/2426 2394/2394/2394
f 2426/2426/2426 2427/2427/2427 2394/2394/2394
f 2394/2394/2394 2427/2427/2427 2395/2395/2395
f 2427/2427/2427 2428/2428/2428 2395/2395/2395
f 2395/2395/2395 2428/2428/2428 2396/2396/2396
f 2428/2428/2428 2429/2429/2429 2396/2396/2396
f 2396/2396/2396 2429/2429/2429 2397/2397/2397
f 2429/2429/2429 2430/2430/2430 2397/2397/2397
f 2397/2397/2397 2430/2430/2430 2398/2398/2398
f 2430/2430/2430 2431/2431/2431 2398/2398/2398
f 2398/2398/2398 2431/2431/2431 2399/2399/2399
f 2431/2431/2431 2432/2432/2432 2399/2399/2399
f 2399/2399/2399 2432/2432/2432 2400/2400/2400
f 2432/2432/2432 2433/2433/2433 2400/2400/2400
f 2400/2400/2400 2433/2433/2433 2401/2401/2401
f 2433/2433/2433 2434/2434/2434 2401/2401/2401
f 2401/2401/2401 2434/2434/2434 2402/2402/2402
f 2434/2434/2434 2435/2435/2435 2402/2402/2402
f 2402/2402/2402 2435/2435/2435 2403/2403/2403
f 2435/2435/2435 2436/2436/2436 2403/2403/2403
f 2403/2403/2403 2436/2436/2436 2404/2404/2404
f 2436/2436/2436 2437/2437/2437 2404/2404/2404
f 2404/2404/2404 2437/2437/2437 2405/2405/2405
f 2437/2437/2437 2438/2438/2438 2405/2405/2405
f 2405/2405/2405 2438/2438/2438 2406/2406/2406
f 2438/2438/2438 2439/2439/2439 2406/2406/2406
f 2406/2406/2406 2439/2439/2439 2407/2407/2407
f 2439/2439/2439 2440/2440/2440 2407/2407/2407
f 2407/2407/2407 2440/2440/2440 2408/2408/2408
f 2440/2440/2440 2441/2441/2441 2408/2408/2408
f 2408/2408/2408 2441/2441/2441 2409/2409/2409
f 2441/2441/2441 2442/2442/2442 2409/2409/2409
f 2410/2410/2410 2443/2443/2443 2411/2411/2411
f 2443/2443/2443 2444/2444/2444 2411/2411/2411
f 2411/2411/2411 2444/2444/2444 2412/2412/2412
f 2444/2444/2444 2445/2445/2445 2412/2412/2412
f 2412/2412/2412 2445/2445/2445 2413/2413/2413
f 2445/2445/2445 2446/2446/2446 2413/2413/2413
f 2413/2413/2413 2446/2446/2446 2414/2414/2414
f 2446/2446/2446 2447/2447/2447 2414/2414/2414
f 2414/2414/2414 2447/2447/2447 2415/2415/2415
f 2447/2447/2447 2448/2448/2448 2415/2415/2415
f 2415/2415/2415 2448/2448/2448 2416/2416/2416
f 2448/2448/2448 2449/2449/2449 2416/2416/2416
f 2416/2416/2416 2449/2449/2449 2417/2417/2417
f 2449/2449/2449 2450/2450/2450 2417/2417/2417
f 2417/2417/2417 2450/2450/2450 2418/2418/2418
f 2450/2450/2450 2451/2451/2451 2418/2418/2418
f 2418/2418/2418 2451/2451/2451 2419/2419/2419
f 2451/2451/2451 2452/2452/2452 2419/2419/2419
f 2419/2419/2419 2452/2452/2452 2420/2420/2420
f 2452/2452/2452 2453/2453/2453 2420/2420/2420
f 2420/2420/2420 2453/2453/2453 2421/2421/2421
f 2453/2453/2453 2454/2454/2454 2421/2421/2421
f 2421/2421/2421 2454/2454/2454 2422/2422/2422
f 2454/2454/2454 2455/2455/2455 2422/2422/2422
f 2422/2422/2422 2455/2455/2455 2423/2423/2423
f 2455/2455/2455 2456/2456/2456 2423/2423/2423
f 2423/2423/2423 2456/2456/2456 2424/2424/2424
f 2456/2456/2456 2457/2457/2457 2424/2424/2424
f 2424/2424/2424 2457/2457/2457 2425/2425/2425
f 2457/2457/2457 2458/2458/2458 2425/2425/2425
f 2425/2425/2425 2458/2458/2458 2426/2426/2426
f 2458/2458/2458 2459/2459/2459 2426/2426/2426
f 2426/2426/2426 2459/2459/2459 2427/2427/2427
f 2459/2459/2459 2460/2460/2460 2427/2427/2427
f 2427/2427/2427 2460/2460/2460 2428/2428/2428
f 2460/2460/2460 2461/2461/2461 2428/2428/2428
f 2428/2428/2428 2461/2461/2461 2429/2429/2429
f 2461/2461/2461 2462/2462/2462 2429/2429/2429
f 2429/2429/2429 2462/2462/2462 2430/2430/2430
f 2462/2462/2462 2463/2463/2463 2430/2430/2430
f 2430/2430/2430 2463/2463/2463 2431/2431/2431
f 2463/2463/2463 2464/2464/2464 2431/2431/2431
f 2431/2431/2431 2464/2464/2464 2432/2432/2432
f 2464/2464/2464 2465/2465/2465 2432/2432/2432
f 2432/2432/2432 2465/2465/2465 2433/2433/2433
f 2465/2465/2465 2466/2466/2466 2433/2433/2433
f 2433/2433/2433 2466/2466/2466 2434/2434/2434
f 2466/2466/2466 2467/2467/2467 2434/2434/2434
f 2434/2434/2434 2467/2467/2467 2435/2435/2435
f 2467/2467/2467 2468/2468/2468 2435/2435/2435
f 2435/2435/2435 2468/2468/2468 2436/2436/2436
f 2468/2468/2468 2469/2469/2469 2436/2436/2436
f 2436/2436/2436 2469/2469/2469 2437/2437/2437
f 2469/2469/2469 2470/2470/2470 2437/2437/2437
f 2437/2437/2437 2470/2470/2470 2438/2438/2438
f 2470/2470/2470 2471/2471/2471 2438/2438/2438
f 2438/2438/2438 2471/2471/2471 2439/2439/2439
f 2471/2471/2471 2472/2472/2472 2439/2439/2439
f 2439/2439/2439 2472/2472/2472 2440/2440/2440
f 2472/2472/2472 2473/2473/2473 2440/2440/2440
f 2440/2440/2440 2473/2473/2473 2441/2441/2441
f 2473/2473/2473 2474/2474/2474 2441/2441/2441
f 2441/2441/2441 2474/2474/2474 2442/2442/2442
f 2474/2474/2474 2475/2475/2475 2442/2442/2442
f 2443/2443/2443 2476/2476/2476 2444/2444/2444
f 2476/2476/2476 2477/2477/2477 2444/2444/2444
f 2444/2444/2444 2477/2477/2477 2445/2445/2445
f 2477/2477/2477 2478/2478/2478 2445/2445/2445
f 2445/2445/2445 2478/2478/2478 2446/2446/2446
f 2478/2478/2478 2479/2479/2479 2446/2446/2446
f 2446/2446/2446 2479/2479/2479 2447/2447/2447
f 2479/2479/2479 2480/2480/2480 2447/2447/2447
f 2447/2447/2447 2480/2480/2480 2448/2448/2448
f 2480/2480/2480 2481/2481/2481 2448/2448/2448
f 2448/2448/2448 2481/2481/2481 2449/2449/2449
f 2481/2481/2481 2482/2482/2482 2449/2449/2449
f 2449/2449/2449 2482/2482/2482 2450/2450/2450
f 2482/2482/2482 2483/2483/2483 2450/2450/2450
f 2450/2450/2450 2483/2483/2483 2451/2451/2451
f 2483/2483/2483 2484/2484/2484 2451/2451/2451
f 2451/2451/2451 2484/2484/2484 2452/2452/2452
f 2484/2484/2484 2485/2485/2485 2452/2452/2452
f 2452/2452/2452 2485/2485/2485 2453/2453/2453
f 2485/2485/2485 2486/2486/2486 2453/2453/2453
f 2453/2453/2453 2486/2486/2486 2454/2454/2454
f 2486/2486/2486 2487/2487/2487 2454/2454/2454
f 2454/2454/2454 2487/2487/2487 2455/2455/2455
f 2487/2487/2487 2488/2488/2488 2455/2455/2455
f 2455/2455/2455 2488/2488/2488 2456/2456/2456
f 2488/2488/2488 2489/2489/2489 2456/2456/2456
f 2456/2456/2456 2489/2489/2489 2457/2457/2457
f 2489/2489/2489 2490/2490/2490 2457/2457/2457
f 2457/2457/2457 2490/2490/2490 2458/2458/2458
f 2490/2490/2490 2491/2491/2491 2458/2458/2458
f 2458/2458/2458 2491/2491/2491 2459/2459/2459
f 2491/2491/2491 2492/2492/2492 2459/2459/2459
f 2459/2459/2459 2492/2492/2492 2460/2460/2460
f 2492/2492/2492 2493/2493/2493 2460/2460/2460
f 2460/2460/2460 2493/2493/2493 2461/2461/2461
f 2493/2493/2493 2494/2494/2494 2461/2461/2461
f 2461/2461/2461 2494/2494/2494 2462/2462/2462
f 2494/2494/2494 2495/2495/2495 2462/2462/2462
f 2462/2462/2462 2495/2495/2495 2463/2463/2463
f 2495/2495/2495 2496/2496/2496 2463/2463/2463
f 2463/2463/2463 2496/2496/2496 2464/2464/2464
f 2496/2496/2496 2497/2497/2497 2464/2464/2464
f 2464/2464/2464 2497/2497/2497 2465/2465/2465
f 2497/2497/2497 2498/2498/2498 2465/2465/2465
f 2465/2465/2465 2498/2498/2498 2466/2466/2466
f 2498/2498/2498 2499/2499/2499 2466/2466/2466
f 2466/2466/2466 2499/2499/2499 2467/2467/2467
f 2499/2499/2499 2500/2500/2500 2467/2467/2467
f 2467/2467/2467 2500/2500/2500 2468/2468/2468
f 2500/2500/2500 2501/2501/2501 2468/2468/2468
f 2468/2468/2468 2501/2501/2501 2469/2469/2469
f 2501/2501/2501 2502/2502/2502 2469/2469/2469
f 2469/2469/2469 2502/2502/2502 2470/2470/2470
f 2502/2502/2502 2503/2503/2503 2470/2470/2470
f 2470/2470/2470 2503/2503/2503 2471/2471/2471
f 2503/2503/2503 2504/2504/2504 2471/2471/2471
f 2471/2471/2471 2504/2504/2504 2472/2472/2472
f 2504/2504/2504 2505/2505/2505 2472/2472/2472
f 2472/2472/2472 2505/2505/2505 2473/2473/2473
f 2505/2505/2505 2506/2506/2506 2473/2473/2473
f 2473/2473/2473 2506/2506/2506 2474/2474/2474
f 2506/2506/2506 2507/2507/2507 2474/2474/2474
f 2474/2474/2474 2507/2507/2507 2475/2475/2475
f 2507/2507/2507 2508/2508/2508 2475/2475/2475
f 2476/2476/2476 2509/2509/2509 2477/2477/2477
f 2509/2509/2509 2510/2510/2510 2477/2477/2477
f 2477/2477/2477 2510/2510/2510 2478/2478/2478
f 2510/2510/2510 2511/2511/2511 2478/2478/2478
f 2478/2478/2478 2511/2511/2511 2479/2479/2479
f 2511/2511/2511 2512/2512/2512 2479/2479/2479
f 2479/2479/2479 2512/2512/2512 2480/2480/2480
f 2512/2512/2512 2513/2513/2513 2480/2480/2480
f 2480/2480/2480 2513/2513/2513 2481/2481/2481
f 2513/2513/2513 2514/2514/2514 2481/2481/2481
f 2481/2481/2481 2514/2514/2514 2482/2482/2482
f 2514/2514/2514 2515/2515/2515 2482/2482/2482
f 2482/2482/2482 2515/2515/2515 2483/2483/2483
f 2515/2515/2515 2516/2516/2516 2483/2483/2483
f 2483/2483/2483 2516/2516/2516 2484/2484/2484
f 2516/2516/2516 2517/2517/2517 2484/2484/2484
f 2484/2484/2484 2517/2517/2517 2485/2485/2485
f 2517/2517/2517 2518/2518/2518 2485/2485/2485
f 2485/2485/2485 2518/2518/2518 2486/2486/2486
f 2518/2518/2518 2519/2519/2519 2486/2486/2486
f 2486/2486/2486 2519/2519/2519 2487/2487/2487
f 2519/2519/2519 2520/2520/2520 2487/2487/2487
f 2487/2487/2487 2520/2520/2520 2488/2488/2488
f 2520/2520/2520 2521/2521/2521 2488/2488/2488
f 2488/2488/2488 2521/2521/2521 2489/2489/2489
f 2521/2521/2521 2522/2522/2522 2489/2489/2489
f 2489/2489/2489 2522/2522/2522 2490/2490/2490
f 2522/2522/2522 2523/2523/2523 2490/2490/2490
f 2490/2490/2490 2523/2523/2523 2491/2491/2491
f 2523/2523/2523 2524/2524/2524 2491/2491/2491
f 2491/2491/2491 2524/2524/2524 2492/2492/2492
f 2524/2524/2524 2525/2525/2525 2492/2492/2492
f 2492/2492/2492 2525/2525/2525 2493/2493/2493
f 2525/2525/2525 2526/2526/2526 2493/2493/2493
f 2493/2493/2493 2526/2526/2526 2494/2494/2494
f 2526/2526/2526 2527/2527/2527 2494/2494/2494
f 2494/2494/2494 2527/2527/2527 2495/2495/2495
f 2527/2527/2527 2528/2528/2528 2495/2495/2495
f 2495/2495/2495 2528/2528/2528 2496/2496/2496
f 2528/2528/2528 2529/2529/2529 2496/2496/2496
f 2496/2496/2496 2529/2529/2529 2497/2497/2497
f 2529/2529/2529 2530/2530/2530 2497/2497/2497
f 2497/2497/2497 2530/2530/2530 2498/2498/2498
f 2530/2530/2530 2531/2531/2531 2498/2498/2498
f 2498/2498/2498 2531/2531/2531 2499/2499/2499
f 2531/2531/2531 2532/2532/2532 2499/2499/2499
f 2499/2499/2499 2532/2532/2532 2500/2500/2500
f 2532/2532/2532 2533/2533/2533 2500/2500/2500
f 2500/2500/2500 2533/2533/2533 2501/2501/2501
f 2533/2533/2533 2534/2534/2534 2501/2501/2501
f 2501/2501/2501 2534/2534/2534 2502/2502/2502
f 2534/2534/2534 2535/2535/2535 2502/2502/2502
f 2502/2502/2502 2535/2535/2535 2503/2503/2503
f 2535/2535/2535 2536/2536/2536 2503/2503/2503
f 2503/2503/2503 2536/2536/2536 2504/2504/2504
f 2536/2536/2536 2537/2537/2537 2504/2504/2504
f 2504/2504/2504 2537/2537/2537 2505/2505/2505
f 2537/2537/2537 2538/2538/2538 2505/2505/2505
f 2505/2505/2505 2538/2538/2538 2506/2506/2506
f 2538/2538/2538 2539/2539/2539 2506/2506/2506
f 2506/2506/2506 2539/2539/2539 2507/2507/2507
f 2539/2539/2539 2540/2540/2540 2507/2507/2507
f 2507/2507/2507 2540/2540/2540 2508/2508/2508
f 2540/2540/2540 2541/2541/2541 2508/2508/2508
f 2509/2509/2509 2542/2542/2542 2510/2510/2510
f 2542/2542/2542 2543/2543/2543 2510/2510/2510
f 2510/2510/2510 2543/2543/2543 2511/2511/2511
f 2543/2543/2543 2544/2544/2544 2511/2511/2511
f 2511/2511/2511 2544/2544/2544 2512/2512/2512
f 2544/2544/2544 2545/2545/2545 2512/2512/2512
f 2512/2512/2512 2545/2545/2545 2513/2513/2513
f 2545/2545/2545 2546/2546/2546 2513/2513/2513
f 2513/2513/2513 2546/2546/2546 2514/2514/2514
f 2546/2546/2546 2547/2547/2547 2514/2514/2514
f 2514/2514/2514 2547/2547/2547 2515/2515/2515
f 2547/2547/2547 2548/2548/2548 2515/2515/2515
f 2515/2515/2515 2548/2548/2548 2516/2516/2516
f 2548/2548/2548 2549/2549/2549 2516/2516/2516
f 2516/2516/2516 2549/2549/2549 2517/2517/2517
f 2549/2549/2549 2550/2550/2550 2517/2517/2517
f 2517/2517/2517 2550/2550/2550 2518/2518/2518
f 2550/2550/2550 2551/2551/2551 2518/2518/2518
f 2518/2518/2518 2551/2551/2551 2519/2519/2519
f 2551/2551/2551 2552/2552/2552 2519/2519/2519
f 2519/2519/2519 2552/2552/2552 2520/2520/2520
f 2552/2552/2552 2553/2553/2553 2520/2520/2520
f 2520/2520/2520 2553/2553/2553 2521/2521/2521
f 2553/2553/2553 2554/2554/2554 2521/2521/2521
f 2521/2521/2521 2554/2554/2554 2522/2522/2522
f 2554/2554/2554 2555/2555/2555 2522/2522/2522
f 2522/2522/2522 2555/2555/2555 2523/2523/2523
f 2555/2555/2555 2556/2556/2556 2523/2523/2523
f 2523/2523/2523 2556/2556/2556 2524/2524/2524
f 2556/2556/2556 2557/2557/2557 2524/2524/2524
f 2524/2524/2524 2557/2557/2557 2525/2525/2525
f 2557/2557/2557 2558/2558/2558 2525/2525/2525
f 2525/2525/2525 2558/2558/2558 2526/2526/2526
f 2558/2558/2558 2559/2559/2559 2526/2526/2526
f 2526/2526/2526 2559/2559/2559 2527/2527/2527
f 2559/2559/2559 2560/2560/2560 2527/2527/2527
f 2527/2527/2527 2560/2560/2560 2528/2528/2528
f 2560/2560/2560 2561/2561/2561 2528/2528/2528
f 2528/2528/2528 2561/2561/2561 2529/2529/2529
f 2561/2561/2561 2562/2562/2562 2529/2529/2529
f 2529/2529/2529 2562/2562/2562 2530/2530/2530
f 2562/2562/2562 2563/2563/2563 2530/2530/2530
f 2530/2530/2530 2563/2563/2563 2531/2531/2531
f 2563/2563/2563 2564/2564/2564 2531/2531/2531
f 2531/2531/2531 2564/2564/2564 2532/2532/2532
f 2564/2564/2564 2565/2565/2565 2532/2532/2532
f 2532/2532/2532 2565/2565/2565 2533/2533/2533
f 2565/2565/2565 2566/2566/2566 2533/2533/2533
f 2533/2533/2533 2566/2566/2566 2534/2534/2534
f 2566/2566/2566 2567/2567/2567 2534/2534/2534
f 2534/2534/2534 2567/2567/2567 2535/2535/2535
f 2567/2567/2567 2568/2568/2568 2535/2535/2535
f 2535/2535/2535 2568/2568/2568 2536/2536/2536
f 2568/2568/2568 2569/2569/2569 2536/2536/2536
f 2536/2536/2536 2569/2569/2569 2537/2537/2537
f 2569/2569/2569 2570/2570/2570 2537/2537/2537
f 2537/2537/2537 2570/2570/2570 2538/2538/2538
f 2570/2570/2570 2571/2571/2571 2538/2538/2538
f 2538/2538/2538 2571/2571/2571 2539/2539/2539
f 2571/2571/2571 2572/2572/2572 2539/2539/2539
f 2539/2539/2539 2572/2572/2572 2540/2540/2540
f 2572/2572/2572 2573/2573/2573 2540/2540/2540
f 2540/2540/2540 2573/2573/2573 2541/2541/2541
f 2573/2573/2573 2574/2574/2574 2541/2541/2541
f 2542/2542/2542 2575/2575/2575 2543/2543/2543
f 2575/2575/2575 2576/2576/2576 2543/2543/2543
f 2543/2543/2543 2576/2576/2576 2544/2544/2544
f 2576/2576/2576 2577/2577/2577 2544/2544/2544
f 2544/2544/2544 2577/2577/2577 2545/2545/2545
f 2577/2577/2577 2578/2578/2578 2545/2545/2545
f 2545/2545/2545 2578/2578/2578 2546/2546/2546
f 2578/2578/2578 2579/2579/2579 2546/2546/2546
f 2546/2546/2546 2579/2579/2579 2547/2547/2547
f 2579/2579/2579 2580/2580/2580 2547/2547/2547
f 2547/2547/2547 2580/2580/2580 2548/2548/2548
f 2580/2580/2580 2581/2581/2581 2548/2548/2548
f 2548/2548/2548 2581/2581/2581 2549/2549/2549
f 2581/2581/2581 2582/2582/2582 2549/2549/2549
f 2549/2549/2549 2582/2582/2582 2550/2550/2550
f 2582/2582/2582 2583/2583/2583 2550/2550/2550
f 2550/2550/2550 2583/2583/2583 2551/2551/2551
f 2583/2583/2583 2584/2584/2584 2551/2551/2551
f 2551/2551/2551 2584/2584/2584 2552/2552/2552
f 2584/2584/2584 2585/2585/2585 2552/2552/2552
f 2552/2552/2552 2585/2585/2585 2553/2553/2553
f 2585/2585/2585 2586/2586/2586 2553/2553/2553
f 2553/2553/2553 2586/2586/2586 2554/2554/2554
f 2586/2586/2586 2587/2587/2587 2554/2554/2554
f 2554/2554/2554 2587/2587/2587 2555/2555/2555
f 2587/2587/2587 2588/2588/2588 2555/2555/2555
f 2555/2555/2555 2588/2588/2588 2556/2556/2556
f 2588/2588/2588 2589/2589/2589 2556/2556/2556
f 2556/2556/2556 2589/2589/2589 2557/2557/2557
f 2589/2589/2589 2590/2590/2590 2557/2557/2557
f 2557/2557/2557 2590/2590/2590 2558/2558/2558
f 2590/2590/2590 2591/2591/2591 2558/2558/2558
f 2558/2558/2558 2591/2591/2591 2559/2559/2559
f 2591/2591/2591 2592/2592/2592 2559/2559/2559
f 2559/2559/2559 2592/2592/2592 2560/2560/2560
f 2592/2592/2592 2593/2593/2593 2560/2560/2560
f 2560/2560/2560 2593/2593/2593 2561/2561/2561
f 2593/2593/2593 2594/2594/2594 2561/2561/2561
f 2561/2561/2561 2594/2594/2594 2562/2562/2562
f 2594/2594/2594 2595/2595/2595 2562/2562/2562
f 2562/2562/2562 2595/2595/2595 2563/2563/2563
f 2595/2595/2595 2596/2596/2596 2563/2563/2563
f 2563/2563/2563 2596/2596/2596 2564/2564/2564
f 2596/2596/2596 2597/2597/2597 2564/2564/2564
f 2564/2564/2564 2597/2597/2597 2565/2565/2565
f 2597/2597/2597 2598/2598/2598 2565/2565/2565
f 2565/2565/2565 2598/2598/2598 2566/2566/2566
f 2598/2598/2598 2599/2599/2599 2566/2566/2566
f 2566/2566/2566 2599/2599/2599 2567/2567/2567
f 2599/2599/2599 2600/2600/2600 2567/2567/2567
f 2567/2567/2567 2600/2600/2600 2568/2568/2568
f 2600/2600/2600 2601/2601/2601 2568/2568/2568
f 2568/2568/2568 2601/2601/2601 2569/2569/2569
f 2601/2601/2601 2602/2602/2602 2569/2569/2569
f 2569/2569/2569 2602/2602/2602 2570/2570/2570
f 2602/2602/2602 2603/2603/2603 2570/2570/2570
f 2570/2570/2570 2603/2603/2603 2571/2571/2571
f 2603/2603/2603 2604/2604/2604 2571/2571/2571
f 2571/2571/2571 2604/2604/2604 2572/2572/2572
f 2604/2604/2604 2605/2605/2605 2572/2572/2572
f 2572/2572/2572 2605/2605/2605 2573/2573/2573
f 2605/2605/2605 2606/2606/2606 2573/2573/2573
f 2573/2573/2573 2606/2606/2606 2574/2574/2574
f 2606/2606/2606 2607/2607/2607 2574/2574/2574
f 2575/2575/2575 2608/2608/2608 2576/2576/2576
f 2608/2608/2608 2609/2609/2609 2576/2576/2576
f 2576/2576/2576 2609/2609/2609 2577/2577/2577
f 2609/2609/2609 2610/2610/2610 2577/2577/2577
f 2577/2577/2577 2610/2610/2610 2578/2578/2578
f 2610/2610/2610 2611/2611/2611 2578/2578/2578
f 2578/2578/2578 2611/2611/2611 2579/2579/2579
f 2611/2611/2611 2612/2612/2612 2579/2579/2579
f 2579/2579/2579 2612/2612/2612 2580/2580/2580
f 2612/2612/2612 2613/2613/2613 2580/2580/2580
f 2580/2580/2580 2613/2613/2613 2581/2581/2581
f 2613/2613/2613 2614/2614/2614 2581/2581/2581
f 2581/2581/2581 2614/2614/2614 2582/2582/2582
f 2614/2614/2614 2615/2615/2615 2582/2582/2582
f 2582/2582/2582 2615/2615/2615 2583/2583/2583
f 2615/2615/2615 2616/2616/2616 2583/2583/2583
f 2583/2583/2583 2616/2616/2616 2584/2584/2584
f 2616/2616/2616 2617/2617/2617 2584/2584/2584
f 2584/2584/2584 2617/2617/2617 2585/2585/2585
f 2617/2617/2617 2618/2618/2618 2585/2585/2585
f 2585/2585/2585 2618/2618/2618 2586/2586/2586
f 2618/2618/2618 2619/2619/2619 2586/2586/2586
f 2586/2586/2586 2619/2619/2619 2587/2587/2587
f 2619/2619/2619 2620/2620/2620 2587/2587/2587
f 2587/2587/2587 2620/2620/2620 2588/2588/2588
f 2620/2620/2620 2621/2621/2621 2588/2588/2588
f 2588/2588/2588 2621/2621/2621 2589/2589/2589
f 2621/2621/2621 2622/2622/2622 2589/2589/2589
f 2589/2589/2589 2622/2622/2622 2590/2590/2590
f 2622/2622/2622 2623/2623/2623 2590/2590/2590
f 2590/2590/2590 2623/2623/2623 2591/2591/2591
f 2623/2623/2623 2624/2624/2624 2591/2591/2591
f 2591/2591/2591 2624/2624/2624 2592/2592/2592
f 2624/2624/2624 2625/2625/2625 2592/2592/2592
f 2592/2592/2592 2625/2625/2625 2593/2593/2593
f 2625/2625/2625 2626/2626/2626 2593/2593/2593
f 2593/2593/2593 2626/2626/2626 2594/2594/2594
f 2626/2626/2626 2627/2627/2627 2594/2594/2594
f 2594/2594/2594 2627/2627/2627 2595/2595/2595
f 2627/2627/2627 2628/2628/2628 2595/2595/2595
f 2595/2595/2595 2628/2628/2628 2596/2596/2596
f 2628/2628/2628 2629/2629/2629 2596/2596/2596
f 2596/2596/2596 2629/2629/2629 2597/2597/2597
f 2629/2629/2629 2630/2630/2630 2597/2597/2597
f 2597/2597/2597 2630/2630/2630 2598/2598/2598
f 2630/2630/2630 2631/2631/2631 2598/2598/2598
f 2598/2598/2598 2631/2631/2631 2599/2599/2599
f 2631/2631/2631 2632/2632/2632 2599/2599/2599
f 2599/2599/2599 2632/2632/2632 2600/2600/2600
f 2632/2632/2632 2633/2633/2633 2600/2600/2600
f 2600/2600/2600 2633/2633/2633 2601/2601/2601
f 2633/2633/2633 2634/2634/2634 2601/2601/2601
f 2601/2601/2601 2634/2634/2634 2602/2602/2602
f 2634/2634/2634 2635/2635/2635 2602/2602/2602
f 2602/2602/2602 2635/2635/2635 2603/2603/2603
f 2635/2635/2635 2636/2636/2636 2603/2603/2603
f 2603/2603/2603 2636/2636/2636 2604/2604/2604
f 2636/2636/2636 2637/2637/2637 2604/2604/2604
f 2604/2604/2604 2637/2637/2637 2605/2605/2605
f 2637/2637/2637 2638/2638/2638 2605/2605/2605
f 2605/2605/2605 2638/2638/2638 2606/2606/2606
f 2638/2638/2638 2639/2639/2639 2606/2606/2606
f 2606/2606/2606 2639/2639/2639 2607/2607/2607
f 2639/2639/2639 2640/2640/2640 2607/2607/2607
f 2608/2608/2608 2641/2641/2641 2609/2609/2609
f 2641/2641/2641 2642/2642/2642 2609/2609/2609
f 2609/2609/2609 2642/2642/2642 2610/2610/2610
f 2642/2642/2642 2643/2643/2643 2610/2610/2610
f 2610/2610/2610 2643/2643/2643 2611/2611/2611
f 2643/2643/2643 2644/2644/2644 2611/2611/2611
f 2611/2611/2611 2644/2644/2644 2612/2612/2612
f 2644/2644/2644 2645/2645/2645 2612/2612/2612
f 2612/2612/2612 2645/2645/2645 2613/2613/2613
f 2645/2645/2645 2646/2646/2646 2613/2613/2613
f 2613/2613/2613 2646/2646/2646 2614/2614/2614
f 2646/2646/2646 2647/2647/2647 2614/2614/2614
f 2614/2614/2614 2647/2647/2647 2615/2615/2615
f 2647/2647/2647 2648/2648/2648 2615/2615/2615
f 2615/2615/2615 2648/2648/2648 2616/2616/2616
f 2648/2648/2648 2649/2649/2649 2616/2616/2616
f 2616/2616/2616 2649/2649/2649 2617/2617/2617
f 2649/2649/2649 2650/2650/2650 2617/2617/2617
f 2617/2617/2617 2650/2650/2650 2618/2618/2618
f 2650/2650/2650 2651/2651/2651 2618/2618/2618
f 2618/2618/2618 2651/2651/2651 2619/2619/2619
f 2651/2651/2651 2652/2652/2652 2619/2619/2619
f 2619/2619/2619 2652/2652/2652 2620/2620/2620
f 2652/2652/2652 2653/2653/2653 2620/2620/2620
f 2620/2620/2620 2653/2653/2653 2621/2621/2621
f 2653/2653/2653 2654/2654/2654 2621/2621/2621
f 2621/2621/2621 2654/2654/2654 2622/2622/2622
f 2654/2654/2654 2655/2655/2655 2622/2622/2622
f 2622/2622/2622 2655/2655/2655 2623/2623/2623
f 2655/2655/2655 2656/2656/2656 2623/2623/2623
f 2623/2623/2623 2656/2656/2656 2624/2624/2624
f 2656/2656/2656 2657/2657/2657 2624/2624/2624
f 2624/2624/2624 2657/2657/2657 2625/2625/2625
f 2657/2657/2657 2658/2658/2658 2625/2625/2625
f 2625/2625/2625 2658/2658/2658 2626/2626/2626
f 2658/2658/2658 2659/2659/2659 2626/2626/2626
f 2626/2626/2626 2659/2659/2659 2627/2627/2627
f 2659/2659/2659 2660/2660/2660 2627/2627/2627
f 2627/2627/2627 2660/2660/2660 2628/2628/2628
f 2660/2660/2660 2661/2661/2661 2628/2628/2628
f 2628/2628/2628 2661/2661/2661 2629/2629/2629
f 2661/2661/2661 2662/2662/2662 2629/2629/2629
f 2629/2629/2629 2662/2662/2662 2630/2630/2630
f 2662/2662/2662 2663/2663/2663 2630/2630/2630
f 2630/2630/2630 2663/2663/2663 2631/2631/2631
f 2663/2663/2663 2664/2664/2664 2631/2631/2631
f 2631/2631/2631 2664/2664/2664 2632/2632/2632
f 2664/2664/2664 2665/2665/2665 2632/2632/2632
f 2632/2632/2632 2665/2665/2665 2633/2633/2633
f 2665/2665/2665 2666/2666/2666 2633/2633/2633
f 2633/2633/2633 2666/2666/2666 2634/2634/2634
f 2666/2666/2666 2667/2667/2667 2634/2634/2634
f 2634/2634/2634 2667/2667/2667 2635/2635/2635
f 2667/2667/2667 2668/2668/2668 2635/2635/2635
f 2635/2635/2635 2668/2668/2668 2636/2636/2636
f 2668/2668/2668 2669/2669/2669 2636/2636/2636
f 2636/2636/2636 2669/2669/2669 2637/2637/2637
f 2669/2669/2669 2670/2670/2670 2637/2637/2637
f 2637/2637/2637 2670/2670/2670 2638/2638/2638
f 2670/2670/2670 2671/2671/2671 2638/2638/2638
f 2638/2638/2638 2671/2671/2671 2639/2639/2639
f 2671/2671/2671 2672/2672/2672 2639/2639/2639
f 2639/2639/2639 2672/2672/2672 2640/2640/2640
f 2672/2672/2672 2673/2673/2673 2640/2640/2640
f 2641/2641/2641 2674/2674/2674 2642/2642/2642
f 2674/2674/2674 2675/2675/2675 2642/2642/2642
f 2642/2642/2642 2675/2675/2675 2643/2643/2643
f 2675/2675/2675 2676/2676/2676 2643/2643/2643
f 2643/2643/2643 2676/2676/2676 2644/2644/2644
f 2676/2676/2676 2677/2677/2677 2644/2644/2644
f 2644/2644/2644 2677/2677/2677 2645/2645/2645
f 2677/2677/2677 2678/2678/2678 2645/2645/2645
f 2645/2645/2645 2678/2678/2678 2646/2646/2646
f 2678/2678/2678 2679/2679/2679 2646/2646/2646
f 2646/2646/2646 2679/2679/2679 2647/2647/2647
f 2679/2679/2679 2680/2680/2680 2647/2647/2647
f 2647/2647/2647 2680/2680/2680 2648/2648/2648
f 2680/2680/2680 2681/2681/2681 2648/2648/2648
f 2648/2648/2648 2681/2681/2681 2649/2649/2649
f 2681/2681/2681 2682/2682/2682 2649/2649/2649
f 2649/2649/2649 2682/2682/2682 2650/2650/2650
f 2682/2682/2682 2683/2683/2683 2650/2650/2650
f 2650/2650/2650 2683/2683/2683 2651/2651/2651
f 2683/2683/2683 2684/2684/2684 2651/2651/2651
f 2651/2651/2651 2684/2684/2684 2652/2652/2652
f 2684/2684/2684 2685/2685/2685 2652/2652/2652
f 2652/2652/2652 2685/2685/2685 2653/2653/2653
f 2685/2685/2685 2686/2686/2686 2653/2653/2653
f 2653/2653/2653 2686/2686/2686 2654/2654/2654
f 2686/2686/2686 2687/2687/2687 2654/2654/2654
f 2654/2654/2654 2687/2687/2687 2655/2655/2655
f 2687/2687/2687 2688/2688/2688 2655/2655/2655
f 2655/2655/2655 2688/2688/2688 2656/2656/2656
f 2688/2688/2688 2689/2689/2689 2656/2656/2656
f 2656/2656/2656 2689/2689/2689 2657/2657/2657
f 2689/2689/2689 2690/2690/2690 2657/2657/2657
f 2657/2657/2657 2690/2690/2690 2658/2658/2658
f 2690/2690/2690 2691/2691/2691 2658/2658/2658
f 2658/2658/2658 2691/2691/2691 2659/2659/2659
f 2691/2691/2691 2692/2692/2692 2659/2659/2659
f 2659/2659/2659 2692/2692/2692 2660/2660/2660
f 2692/2692/2692 2693/2693/2693 2660/2660/2660
f 2660/2660/2660 2693/2693/2693 2661/2661/2661
f 2693/2693/2693 2694/2694/2694 2661/2661/2661
f 2661/2661/2661 2694/2694/2694 2662/2662/2662
f 2694/2694/2694 2695/2695/2695 2662/2662/2662
f 2662/2662/2662 2695/2695/2695 2663/2663/2663
f 2695/2695/2695 2696/2696/2696 2663/2663/2663
f 2663/2663/2663 2696/2696/2696 2664/2664/2664
f 2696/2696/2696 2697/2697/2697 2664/2664/2664
f 2664/2664/2664 2697/2697/2697 2665/2665/2665
f 2697/2697/2697 2698/2698/2698 2665/2665/2665
f 2665/2665/2665 2698/2698/2698 2666/2666/2666
f 2698/2698/2698 2699/2699/2699 2666/2666/2666
f 2666/2666/2666 2699/2699/2699 2667/2667/2667
f 2699/2699/2699 2700/2700/2700 2667/2667/2667
f 2667/2667/2667 2700/2700/2700 2668/2668/2668
f 2700/2700/2700 2701/2701/2701 2668/2668/2668
f 2668/2668/2668 2701/2701/2701 2669/2669/2669
f 2701/2701/2701 2702/2702/2702 2669/2669/2669
f 2669/2669/2669 2702/2702/2702 2670/2670/2670
f 2702/2702/2702 2703/2703/2703 2670/2670/2670
f 2670/2670/2670 2703/2703/2703 2671/2671/2671
f 2703/2703/2703 2704/2704/2704 2671/2671/2671
f 2671/2671/2671 2704/2704/2704 2672/2672/2672
f 2704/2704/2704 2705/2705/2705 2672/2672/2672
f 2672/2672/2672 2705/2705/2705 2673/2673/2673
f 2705/2705/2705 2706/2706/2706 2673/2673/2673
f 2674/2674/2674 2707/2707/2707 2675/2675/2675
f 2707/2707/2707 2708/2708/2708 2675/2675/2675
f 2675/2675/2675 2708/2708/2708 2676/2676/2676
f 2708/2708/2708 2709/2709/2709 2676/2676/2676
f 2676/2676/2676 2709/2709/2709 2677/2677/2677
f 2709/2709/2709 2710/2710/2710 2677/2677/2677
f 2677/2677/2677 2710/2710/2710 2678/2678/2678
f 2710/2710/2710 2711/2711/2711 2678/2678/2678
f 2678/2678/2678 2711/2711/2711 2679/2679/2679
f 2711/2711/2711 2712/2712/2712 2679/2679/2679
f 2679/2679/2679 2712/2712/2712 2680/2680/2680
f 2712/2712/2712 2713/2713/2713 2680/2680/2680
f 2680/2680/2680 2713/2713/2713 2681/2681/2681
f 2713/2713/2713 2714/2714/2714 2681/2681/2681
f 2681/2681/2681 2714/2714/2714 2682/2682/2682
f 2714/2714/2714 2715/2715/2715 2682/2682/2682
f 2682/2682/2682 2715/2715/2715 2683/2683/2683
f 2715/2715/2715 2716/2716/2716 2683/2683/2683
f 2683/2683/2683 2716/2716/2716 2684/2684/2684
f 2716/2716/2716 2717/2717/2717 2684/2684/2684
f 2684/2684/2684 2717/2717/2717 2685/2685/2685
f 2717/2717/2717 2718/2718/2718 2685/2685/2685
f 2685/2685/2685 2718/2718/2718 2686/2686/2686
f 2718/2718/2718 2719/2719/2719 2686/2686/2686
f 2686/2686/2686 2719/2719/2719 2687/2687/2687
f 2719/2719/2719 2720/2720/2720 2687/2687/2687
f 2687/2687/2687 2720/2720/2720 2688/2688/2688
f 2720/2720/2720 2721/2721/2721 2688/2688/2688
f 2688/2688/2688 2721/2721/2721 2689/2689/2689
f 2721/2721/2721 2722/2722/2722 2689/2689/2689
f 2689/2689/2689 2722/2722/2722 2690/2690/2690
f 2722/2722/2722 2723/2723/2723 2690/2690/2690
f 2690/2690/2690 2723/2723/2723 2691/2691/2691
f 2723/2723/2723 2724/2724/2724 2691/2691/2691
f 2691/2691/2691 2724/2724/2724 2692/2692/2692
f 2724/2724/2724 2725/2725/2725 2692/2692/2692
f 2692/2692/2692 2725/2725/2725 2693/2693/2693
f 2725/2725/2725 2726/2726/2726 2693/2693/2693
f 2693/2693/2693 2726/2726/2726 2694/2694/2694
f 2726/2726/2726 2727/2727/2727 2694/2694/2694
f 2694/2694/2694 2727/2727/2727 2695/2695/2695
f 2727/2727/2727 2728/2728/2728 2695/2695/2695
f 2695/2695/2695 2728/2728/2728 2696/2696/2696
f 2728/2728/2728 2729/2729/2729 2696/2696/2696
f 2696/2696/2696 2729/2729/2729 2697/2697/2697
f 2729/2729/2729 2730/2730/2730 2697/2697/2697
f 2697/2697/2697 2730/2730/2730 2698/2698/2698
f 2730/2730/2730 2731/2731/2731 2698/2698/2698
f 2698/2698/2698 2731/2731/2731 2699/2699/2699
f 2731/2731/2731 2732/2732/2732 2699/2699/2699
f 2699/2699/2699 2732/2732/2732 2700/2700/2700
f 2732/2732/2732 2733/2733/2733 2700/2700/2700
f 2700/2700/2700 2733/2733/2733 2701/2701/2701
f 2733/2733/2733 2734/2734/2734 2701/2701/2701
f 2701/2701/2701 2734/2734/2734 2702/2702/2702
f 2734/2734/2734 2735/2735/2735 2702/2702/2702
f 2702/2702/2702 2735/2735/2735 2703/2703/2703
f 2735/2735/2735 2736/2736/2736 2703/2703/2703
f 2703/2703/2703 2736/2736/2736 2704/2704/2704
f 2736/2736/2736 2737/2737/2737 2704/2704/2704
f 2704/2704/2704 2737/2737/2737 2705/2705/2705
f 2737/2737/2737 2738/2738/2738 2705/2705/2705
f 2705/2705/2705 2738/2738/2738 2706/2706/2706
f 2738/2738/2738 2739/2739/2739 2706/2706/2706
f 2707/2707/2707 2740/2740/2740 2708/2708/2708
f 2740/2740/2740 2741/2741/2741 2708/2708/2708
f 2708/2708/2708 2741/2741/2741 2709/2709/2709
f 2741/2741/2741 2742/2742/2742 2709/2709/2709
f 2709/2709/2709 2742/2742/2742 2710/2710/2710
f 2742/2742/2742 2743/2743/2743 2710/2710/2710
f 2710/2710/2710 2743/2743/2743 2711/2711/2711
f 2743/2743/2743 2744/2744/2744 2711/2711/2711
f 2711/2711/2711 2744/2744/2744 2712/2712/2712
f 2744/2744/2744 2745/2745/2745 2712/2712/2712
f 2712/2712/2712 2745/2745/2745 2713/2713/2713
f 2745/2745/2745 2746/2746/2746 2713/2713/2713
f 2713/2713/2713 2746/2746/2746 2714/2714/2714
f 2746/2746/2746 2747/2747/2747 2714/2714/2714
f 2714/2714/2714 2747/2747/2747 2715/2715/2715
f 2747/2747/2747 2748/2748/2748 2715/2715/2715
f 2715/2715/2715 2748/2748/2748 2716/2716/2716
f 2748/2748/2748 2749/2749/2749 2716/2716/2716
f 2716/2716/2716 2749/2749/2749 2717/2717/2717
f 2749/2749/2749 2750/2750/2750 2717/2717/2717
f 2717/2717/2717 2750/2750/2750 2718/2718/2718
f 2750/2750/2750 2751/2751/2751 2718/2718/2718
f 2718/2718/2718 2751/2751/2751 2719/2719/2719
f 2751/2751/2751 2752/2752/2752 2719/2719/2719
f 2719/2719/2719 2752/2752/2752 2720/2720/2720
f 2752/2752/2752 2753/2753/2753 2720/2720/2720
f 2720/2720/2720 2753/2753/2753 2721/2721/2721
f 2753/2753/2753 2754/2754/2754 2721/2721/2721
f 2721/2721/2721 2754/2754/2754 2722/2722/2722
f 2754/2754/2754 2755/2755/2755 2722/2722/2722
f 2722/2722/2722 2755/2755/2755 2723/2723/2723
f 2755/2755/2755 2756/2756/2756 2723/2723/2723
f 2723/2723/2723 2756/2756/2756 2724/2724/2724
f 2756/2756/2756 2757/2757/2757 2724/2724/2724
f 2724/2724/2724 2757/2757/2757 2725/2725/2725
f 2757/2757/2757 2758/2758/2758 2725/2725/2725
f 2725/2725/2725 2758/2758/2758 2726/2726/2726
f 2758/2758/2758 2759/2759/2759 2726/2726/2726
f 2726/2726/2726 2759/2759/2759 2727/2727/2727
f 2759/2759/2759 2760/2760/2760 2727/2727/2727
f 2727/2727/2727 2760/2760/2760 2728/2728/2728
f 2760/2760/2760 2761/2761/2761 2728/2728/2728
f 2728/2728/2728 2761/2761/2761 2729/2729/2729
f 2761/2761/2761 2762/2762/2762 2729/2729/2729
f 2729/2729/2729 2762/2762/2762 2730/2730/2730
f 2762/2762/2762 2763/2763/2763 2730/2730/2730
f 2730/2730/2730 2763/2763/2763 2731/2731/2731
f 2763/2763/2763 2764/2764/2764 2731/2731/2731
f 2731/2731/2731 2764/2764/2764 2732/2732/2732
f 2764/2764/2764 2765/2765/2765 2732/2732/2732
f 2732/2732/2732 2765/2765/2765 2733/2733/2733
f 2765/2765/2765 2766/2766/2766 2733/2733/2733
f 2733/2733/2733 2766/2766/2766 2734/2734/2734
f 2766/2766/2766 2767/2767/2767 2734/2734/2734
f 2734/2734/2734 2767/2767/2767 2735/2735/2735
f 2767/2767/2767 2768/2768/2768 2735/2735/2735
f 2735/2735/2735 2768/2768/2768 2736/2736/2736
f 2768/2768/2768 2769/2769/2769 2736/2736/2736
f 2736/2736/2736 2769/2769/2769 2737/2737/2737
f 2769/2769/2769 2770/2770/2770 2737/2737/2737
f 2737/2737/2737 2770/2770/2770 2738/2738/2738
f 2770/2770/2770 2771/2771/2771 2738/2738/2738
f 2738/2738/2738 2771/2771/2771 2739/2739/2739
f 2771/2771/2771 2772/2772/2772 2739/2739/2739
f 2740/2740/2740 2773/2773/2773 2741/2741/2741
f 2773/2773/2773 2774/2774/2774 2741/2741/2741
f 2741/2741/2741 2774/2774/2774 2742/2742/2742
f 2774/2774/2774 2775/2775/2775 2742/2742/2742
f 2742/2742/2742 2775/2775/2775 2743/2743/2743
f 2775/2775/2775 2776/2776/2776 2743/2743/2743
f 2743/2743/2743 2776/2776/2776 2744/2744/2744
f 2776/2776/2776 2777/2777/2777 2744/2744/2744
f 2744/2744/2744 2777/2777/2777 2745/2745/2745
f 2777/2777/2777 2778/2778/2778 2745/2745/2745
f 2745/2745/2745 2778/2778/2778 2746/2746/2746
f 2778/2778/2778 2779/2779/2779 2746/2746/2746
f 2746/2746/2746 2779/2779/2779 2747/2747/2747
f 2779/2779/2779 2780/2780/2780 2747/2747/2747
f 2747/2747/2747 2780/2780/2780 2748/2748/2748
f 2780/2780/2780 2781/2781/2781 2748/2748/2748
f 2748/2748/2748 2781/2781/2781 2749/2749/2749
f 2781/2781/2781 2782/2782/2782 2749/2749/2749
f 2749/2749/2749 2782/2782/2782 2750/2750/2750
f 2782/2782/2782 2783/2783/2783 2750/2750/2750
f 2750/2750/2750 2783/2783/2783 2751/2751/2751
f 2783/2783/2783 2784/2784/2784 2751/2751/2751
f 2751/2751/2751 2784/2784/2784 2752/2752/2752
f 2784/2784/2784 2785/2785/2785 2752/2752/2752
f 2752/2752/2752 2785/2785/2785 2753/2753/2753
f 2785/2785/2785 2786/2786/2786 2753/2753/2753
f 2753/2753/2753 2786/2786/2786 2754/2754/2754
f 2786/2786/2786 2787/2787/2787 2754/2754/2754
f 2754/2754/2754 2787/2787/2787 2755/2755/2755
f 2787/2787/2787 2788/2788/2788 2755/2755/2755
f 2755/2755/2755 2788/2788/2788 2756/2756/2756
f 2788/2788/2788 2789/2789/2789 2756/2756/2756
f 2756/2756/2756 2789/2789/2789 2757/2757/2757
f 2789/2789/2789 2790/2790/2790 2757/2757/2757
f 2757/2757/2757 2790/2790/2790 2758/2758/2758
f 2790/2790/2790 2791/2791/2791 2758/2758/2758
f 2758/2758/2758 2791/2791/2791 2759/2759/2759
f 2791/2791/2791 2792/2792/2792 2759/2759/2759
f 2759/2759/2759 2792/2792/2792 2760/2760/2760
f 2792/2792/2792 2793/2793/2793 2760/2760/2760
f 2760/2760/2760 2793/2793/2793 2761/2761/2761
f 2793/2793/2793 2794/2794/2794 2761/2761/2761
f 2761/2761/2761 2794/2794/2794 2762/2762/2762
f 2794/2794/2794 2795/2795/2795 2762/2762/2762
f 2762/2762/2762 2795/2795/2795 2763/2763/2763
f 2795/2795/2795 2796/2796/2796 2763/2763/2763
f 2763/2763/2763 2796/2796/2796 2764/2764/2764
f 2796/2796/2796 2797/2797/2797 2764/2764/2764
f 2764/2764/2764 2797/2797/2797 2765/2765/2765
f 2797/2797/2797 2798/2798/2798 2765/2765/2765
f 2765/2765/2765 2798/2798/2798 2766/2766/2766
f 2798/2798/2798 2799/2799/2799 2766/2766/2766
f 2766/2766/2766 2799/2799/2799 2767/2767/2767
f 2799/2799/2799 2800/2800/2800 2767/2767/2767
f 2767/2767/2767 2800/2800/2800 2768/2768/2768
f 2800/2800/2800 2801/2801/2801 2768/2768/2768
f 2768/2768/2768 2801/2801/2801 2769/2769/2769
f 2801/2801/2801 2802/2802/2802 2769/2769/2769
f 2769/2769/2769 2802/2802/2802 2770/2770/2770
f 2802/2802/2802 2803/2803/2803 2770/2770/2770
f 2770/2770/2770 2803/2803/2803 2771/2771/2771
f 2803/2803/2803 2804/2804/2804 2771/2771/2771
f 2771/2771/2771 2804/2804/2804 2772/2772/2772
f 2804/2804/2804 2805/2805/2805 2772/2772/2772
f 2773/2773/2773 2806/2806/2806 2774/2774/2774
f 2806/2806/2806 2807/2807/2807 2774/2774/2774
f 2774/2774/2774 2807/2807/2807 2775/2775/2775
f 2807/2807/2807 2808/2808/2808 2775/2775/2775
f 2775/2775/2775 2808/2808/2808 2776/2776/2776
f 2808/2808/2808 2809/2809/2809 2776/2776/2776
f 2776/2776/2776 2809/2809/2809 2777/2777/2777
f 2809/2809/2809 2810/2810/2810 2777/2777/2777
f 2777/2777/2777 2810/2810/2810 2778/2778/2778
f 2810/2810/2810 2811/2811/2811 2778/2778/2778
f 2778/2778/2778 2811/2811/2811 2779/2779/2779
f 2811/2811/2811 2812/2812/2812 2779/2779/2779
f 2779/2779/2779 2812/2812/2812 2780/2780/2780
f 2812/2812/2812 2813/2813/2813 2780/2780/2780
f 2780/2780/2780 2813/2813/2813 2781/2781/2781
f 2813/2813/2813 2814/2814/2814 2781/2781/2781
f 2781/2781/2781 2814/2814/2814 2782/2782/2782
f 2814/2814/2814 2815/2815/2815 2782/2782/2782
f 2782/2782/2782 2815/2815/2815 2783/2783/2783
f 2815/2815/2815 2816/2816/2816 2783/2783/2783
f 2783/2783/2783 2816/2816/2816 2784/2784/2784
f 2816/2816/2816 2817/2817/2817 2784/2784/2784
f 2784/2784/2784 2817/2817/2817 2785/2785/2785
f 2817/2817/2817 2818/2818/2818 2785/2785/2785
f 2785/2785/2785 2818/2818/2818 2786/2786/2786
f 2818/2818/2818 2819/2819/2819 2786/2786/2786
f 2786/2786/2786 2819/2819/2819 2787/2787/2787
f 2819/2819/2819 2820/2820/2820 2787/2787/2787
f 2787/2787/2787 2820/2820/2820 2788/2788/2788
f 2820/2820/2820 2821/2821/2821 2788/2788/2788
f 2788/2788/2788 2821/2821/2821 2789/2789/2789
f 2821/2821/2821 2822/2822/2822 2789/2789/2789
f 2789/2789/2789 2822/2822/2822 2790/2790/2790
f 2822/2822/2822 2823/2823/2823 2790/2790/2790
f 2790/2790/2790 2823/2823/2823 2791/2791/2791
f 2823/2823/2823 2824/2824/2824 2791/2791/2791
f 2791/2791/2791 2824/2824/2824 2792/2792/2792
f 2824/2824/2824 2825/2825/2825 2792/2792/2792
f 2792/2792/2792 2825/2825/2825 2793/2793/2793
f 2825/2825/2825 2826/2826/2826 2793/2793/2793
f 2793/2793/2793 2826/2826/2826 2794/2794/2794
f 2826/2826/2826 2827/2827/2827 2794/2794/2794
f 2794/2794/2794 2827/2827/2827 2795/2795/2795
f 2827/2827/2827 2828/2828/2828 2795/2795/2795
f 2795/2795/2795 2828/2828/2828 2796/2796/2796
f 2828/2828/2828 2829/2829/2829 2796/2796/2796
f 2796/2796/2796 2829/2829/2829 2797/2797/2797
f 2829/2829/2829 2830/2830/2830 2797/2797/2797
f 2797/2797/2797 2830/2830/2830 2798/2798/2798
f 2830/2830/2830 2831/2831/2831 2798/2798/2798
f 2798/2798/2798 2831/2831/2831 2799/2799/2799
f 2831/2831/2831 2832/2832/2832 2799/2799/2799
f 2799/2799/2799 2832/2832/2832 2800/2800/2800
f 2832/2832/2832 2833/2833/2833 2800/2800/2800
f 2800/2800/2800 2833/2833/2833 2801/2801/2801
f 2833/2833/2833 2834/2834/2834 2801/2801/2801
f 2801/2801/2801 2834/2834/2834 2802/2802/2802
f 2834/2834/2834 2835/2835/2835 2802/2802/2802
f 2802/2802/2802 2835/2835/2835 2803/2803/2803
f 2835/2835/2835 2836/2836/2836 2803/2803/2803
f 2803/2803/2803 2836/2836/2836 2804/2804/2804
f 2836/2836/2836 2837/2837/2837 2804/2804/2804
f 2804/2804/2804 2837/2837/2837 2805/2805/2805
f 2837/2837/2837 2838/2838/2838 2805/2805/2805
f 2806/2806/2806 2839/2839/2839 2807/2807/2807
f 2839/2839/2839 2840/2840/2840 2807/2807/2807
f 2807/2807/2807 2840/2840/2840 2808/2808/2808
f 2840/2840/2840 2841/2841/2841 2808/2808/2808
f 2808/2808/2808 2841/2841/2841 2809/2809/2809
f 2841/2841/2841 2842/2842/2842 2809/2809/2809
f 2809/2809/2809 2842/2842/2842 2810/2810/2810
f 2842/2842/2842 2843/2843/2843 2810/2810/2810
f 2810/2810/2810 2843/2843/2843 2811/2811/2811
f 2843/2843/2843 2844/2844/2844 2811/2811/2811
f 2811/2811/2811 2844/2844/2844 2812/2812/2812
f 2844/2844/2844 2845/2845/2845 2812/2812/2812
f 2812/2812/2812 2845/2845/2845 2813/2813/2813
f 2845/2845/2845 2846/2846/2846 2813/2813/2813
f 2813/2813/2813 2846/2846/2846 2814/2814/2814
f 2846/2846/2846 2847/2847/2847 2814/2814/2814
f 2814/2814/2814 2847/2847/2847 2815/2815/2815
f 2847/2847/2847 2848/2848/2848 2815/2815/2815
f 2815/2815/2815 2848/2848/2848 2816/2816/2816
f 2848/2848/2848 2849/2849/2849 2816/2816/2816
f 2816/2816/2816 2849/2849/2849 2817/2817/2817
f 2849/2849/2849 2850/2850/2850 2817/2817/2817
f 2817/2817/2817 2850/2850/2850 2818/2818/2818
f 2850/2850/2850 2851/2851/2851 2818/2818/2818
f 2818/2818/2818 2851/2851/2851 2819/2819/2819
f 2851/2851/2851 2852/2852/2852 2819/2819/2819
f 2819/2819/2819 2852/2852/2852 2820/2820/2820
f 2852/2852/2852 2853/2853/2853 2820/2820/2820
f 2820/2820/2820 2853/2853/2853 2821/2821/2821
f 2853/2853/2853 2854/2854/2854 2821/2821/2821
f 2821/2821/2821 2854/2854/2854 2822/2822/2822
f 2854/2854/2854 2855/2855/2855 2822/2822/2822
f 2822/2822/2822 2855/2855/2855 2823/2823/2823
f 2855/2855/2855 2856/2856/2856 2823/2823/2823
f 2823/2823/2823 2856/2856/2856 2824/2824/2824
f 2856/2856/2856 2857/2857/2857 2824/2824/2824
f 2824/2824/2824 2857/2857/2857 2825/2825/2825
f 2857/2857/2857 2858/2858/2858 2825/2825/2825
f 2825/2825/2825 2858/2858/2858 2826/2826/2826
f 2858/2858/2858 2859/2859/2859 2826/2826/2826
f 2826/2826/2826 2859/2859/2859 2827/2827/2827
f 2859/2859/2859 2860/2860/2860 2827/2827/2827
f 2827/2827/2827 2860/2860/2860 2828/2828/2828
f 2860/2860/2860 2861/2861/2861 2828/2828/2828
f 2828/2828/2828 2861/2861/2861 2829/2829/2829
f 2861/2861/2861 2862/2862/2862 2829/2829/2829
f 2829/2829/2829 2862/2862/2862 2830/2830/2830
f 2862/2862/2862 2863/2863/2863 2830/2830/2830
f 2830/2830/2830 2863/2863/2863 2831/2831/2831
f 2863/2863/2863 2864/2864/2864 2831/2831/2831
f 2831/2831/2831 2864/2864/2864 2832/2832/2832
f 2864/2864/2864 2865/2865/2865 2832/2832/2832
f 2832/2832/2832 2865/2865/2865 2833/2833/2833
f 2865/2865/2865 2866/2866/2866 2833/2833/2833
f 2833/2833/2833 2866/2866/2866 2834/2834/2834
f 2866/2866/2866 2867/2867/2867 2834/2834/2834
f 2834/2834/2834 2867/2867/2867 2835/2835/2835
f 2867/2867/2867 2868/2868/2868 2835/2835/2835
f 2835/2835/2835 2868/2868/2868 2836/2836/2836
f 2868/2868/2868 2869/2869/2869 2836/2836/2836
f 2836/2836/2836 2869/2869/2869 2837/2837/2837
f 2869/2869/2869 2870/2870/2870 2837/2837/2837
f 2837/2837/2837 2870/2870/2870 2838/2838/2838
f 2870/2870/2870 2871/2871/2871 2838/2838/2838
f 2839/2839/2839 2872/2872/2872 2840/2840/2840
f 2872/2872/2872 2873/2873/2873 2840/2840/2840
f 2840/2840/2840 2873/2873/2873 2841/2841/2841
f 2873/2873/2873 2874/2874/2874 2841/2841/2841
f 2841/2841/2841 2874/2874/2874 2842/2842/2842
f 2874/2874/2874 2875/2875/2875 2842/2842/2842
f 2842/2842/2842 2875/2875/2875 2843/2843/2843
f 2875/2875/2875 2876/2876/2876 2843/2843/2843
f 2843/2843/2843 2876/2876/2876 2844/2844/2844
f 2876/2876/2876 2877/2877/2877 2844/2844/2844
f 2844/2844/2844 2877/2877/2877 2845/2845/2845
f 2877/2877/2877 2878/2878/2878 2845/2845/2845
f 2845/2845/2845 2878/2878/2878 2846/2846/2846
f 2878/2878/2878 2879/2879/2879 2846/2846/2846
f 2846/2846/2846 2879/2879/2879 2847/2847/2847
f 2879/2879/2879 2880/2880/2880 2847/2847/2847
f 2847/2847/2847 2880/2880/2880 2848/2848/2848
f 2880/2880/2880 2881/2881/2881 2848/2848/2848
f 2848/2848/2848 2881/2881/2881 2849/2849/2849
f 2881/2881/2881 2882/2882/2882 2849/2849/2849
f 2849/2849/2849 2882/2882/2882 2850/2850/2850
f 2882/2882/2882 2883/2883/2883 2850/2850/2850
f 2850/2850/2850 2883/2883/2883 2851/2851/2851
f 2883/2883/2883 2884/2884/2884 2851/2851/2851
f 2851/2851/2851 2884/2884/2884 2852/2852/2852
f 2884/2884/2884 2885/2885/2885 2852/2852/2852
f 2852/2852/2852 2885/2885/2885 2853/2853/2853
f 2885/2885/2885 2886/2886/2886 2853/2853/2853
f 2853/2853/2853 2886/2886/2886 2854/2854/2854
f 2886/2886/2886 2887/2887/2887 2854/2854/2854
f 2854/2854/2854 2887/2887/2887 2855/2855/2855
f 2887/2887/2887 2888/2888/2888 2855/2855/2855
f 2855/2855/2855 2888/2888/2888 2856/2856/2856
f 2888/2888/2888 2889/2889/2889 2856/2856/2856
f 2856/2856/2856 2889/2889/2889 2857/2857/2857
f 2889/2889/2889 2890/2890/2890 2857/2857/2857
f 2857/2857/2857 2890/2890/2890 2858/2858/2858
f 2890/2890/2890 2891/2891/2891 2858/2858/2858
f 2858/2858/2858 2891/2891/2891 2859/2859/2859
f 2891/2891/2891 2892/2892/2892 2859/2859/2859
f 2859/2859/2859 2892/2892/2892 2860/2860/2860
f 2892/2892/2892 2893/2893/2893 2860/2860/2860
f 2860/2860/2860 2893/2893/2893 2861/2861/2861
f 2893/2893/2893 2894/2894/2894 2861/2861/2861
f 2861/2861/2861 2894/2894/2894 2862/2862/2862
f 2894/2894/2894 2895/2895/2895 2862/2862/2862
f 2862/2862/2862 2895/2895/2895 2863/2863/2863
f 2895/2895/2895 2896/2896/2896 2863/2863/2863
f 2863/2863/2863 2896/2896/2896 2864/2864/2864
f 2896/2896/2896 2897/2897/2897 2864/2864/2864
f 2864/2864/2864 2897/2897/2897 2865/2865/2865
f 2897/2897/2897 2898/2898/2898 2865/2865/2865
f 2865/2865/2865 2898/2898/2898 2866/2866/2866
f 2898/2898/2898 2899/2899/2899 2866/2866/2866
f 2866/2866/2866 2899/2899/2899 2867/2867/2867
f 2899/2899/2899 2900/2900/2900 2867/2867/2867
f 2867/2867/2867 2900/2900/2900 2868/2868/2868
f 2900/2900/2900 2901/2901/2901 2868/2868/2868
f 2868/2868/2868 2901/2901/2901 2869/2869/2869
f 2901/2901/2901 2902/2902/2902 2869/2869/2869
f 2869/2869/2869 2902/2902/2902 2870/2870/2870
f 2902/2902/2902 2903/2903/2903 2870/2870/2870
f 2870/2870/2870 2903/2903/2903 2871/2871/2871
f 2903/2903/2903 2904/2904/2904 2871/2871/2871
f 2872/2872/2872 2905/2905/2905 2873/2873/2873
f 2905/2905/2905 2906/2906/2906 2873/2873/2873
f 2873/2873/2873 2906/2906/2906 2874/2874/2874
f 2906/2906/2906 2907/2907/2907 2874/2874/2874
f 2874/2874/2874 2907/2907/2907 2875/2875/2875
f 2907/2907/2907 2908/2908/2908 2875/2875/2875
f 2875/2875/2875 2908/2908/2908 2876/2876/2876
f 2908/2908/2908 2909/2909/2909 2876/2876/2876
f 2876/2876/2876 2909/2909/2909 2877/2877/2877
f 2909/2909/2909 2910/2910/2910 2877/2877/2877
f 2877/2877/2877 2910/2910/2910 2878/2878/2878
f 2910/2910/2910 2911/2911/2911 2878/2878/2878
f 2878/2878/2878 2911/2911/2911 2879/2879/2879
f 2911/2911/2911 2912/2912/2912 2879/2879/2879
f 2879/2879/2879 2912/2912/2912 2880/2880/2880
f 2912/2912/2912 2913/2913/2913 2880/2880/2880
f 2880/2880/2880 2913/2913/2913 2881/2881/2881
f 2913/2913/2913 2914/2914/2914 2881/2881/2881
f 2881/2881/2881 2914/2914/2914 2882/2882/2882
f 2914/2914/2914 2915/2915/2915 2882/2882/2882
f 2882/2882/2882 2915/2915/2915 2883/2883/2883
f 2915/2915/2915 2916/2916/2916 2883/2883/2883
f 2883/2883/2883 2916/2916/2916 2884/2884/2884
f 2916/2916/2916 2917/2917/2917 2884/2884/2884
f 2884/2884/2884 2917/2917/2917 2885/2885/2885
f 2917/2917/2917 2918/2918/2918 2885/2885/2885
f 2885/2885/2885 2918/2918/2918 2886/2886/2886
f 2918/2918/2918 2919/2919/2919 2886/2886/2886
f 2886/2886/2886 2919/2919/2919 2887/2887/2887
f 2919/2919/2919 2920/2920/2920 2887/2887/2887
f 2887/2887/2887 2920/2920/2920 2888/2888/2888
f 2920/2920/2920 2921/2921/2921 2888/2888/2888
f 2888/2888/2888 2921/2921/2921 2889/2889/2889
f 2921/2921/2921 2922/2922/2922 2889/2889/2889
f 2889/2889/2889 2922/2922/2922 2890/2890/2890
f 2922/2922/2922 2923/2923/2923 2890/2890/2890
f 2890/2890/2890 2923/2923/2923 2891/2891/2891
f 2923/2923/2923 2924/2924/2924 2891/2891/2891
f 2891/2891/2891 2924/2924/2924 2892/2892/2892
f 2924/2924/2924 2925/2925/2925 2892/2892/2892
f 2892/2892/2892 2925/2925/2925 2893/2893/2893
f 2925/2925/2925 2926/2926/2926 2893/2893/2893
f 2893/2893/2893 2926/2926/2926 2894/2894/2894
f 2926/2926/2926 2927/2927/2927 2894/2894/2894
f 2894/2894/2894 2927/2927/2927 2895/2895/2895
f 2927/2927/2927 2928/2928/2928 2895/2895/2895
f 2895/2895/2895 2928/2928/2928 2896/2896/2896
f 2928/2928/2928 2929/2929/2929 2896/2896/2896
f 2896/2896/2896 2929/2929/2929 2897/2897/2897
f 2929/2929/2929 2930/2930/2930 2897/2897/2897
f 2897/2897/2897 2930/2930/2930 2898/2898/2898
f 2930/2930/2930 2931/2931/2931 2898/2898/2898
f 2898/2898/2898 2931/2931/2931 2899/2899/2899
f 2931/2931/2931 2932/2932/2932 2899/2899/2899
f 2899/2899/2899 2932/2932/2932 2900/2900/2900
f 2932/2932/2932 2933/2933/2933 2900/2900/2900
f 2900/2900/2900 2933/2933/2933 2901/2901/2901
f 2933/2933/2933 2934/2934/2934 2901/2901/2901
f 2901/2901/2901 2934/2934/2934 2902/2902/2902
f 2934/2934/2934 2935/2935/2935 2902/2902/2902
f 2902/2902/2902 2935/2935/2935 2903/2903/2903
f 2935/2935/2935 2936/2936/2936 2903/2903/2903
f 2903/2903/2903 2936/2936/2936 2904/2904/2904
f 2936/2936/2936 2937/2937/2937 2904/2904/2904
f 2905/2905/2905 2938/2938/2938 2906/2906/2906
f 2938/2938/2938 2939/2939/2939 2906/2906/2906
f 2906/2906/2906 2939/2939/2939 2907/2907/2907
f 2939/2939/2939 2940/2940/2940 2907/2907/2907
f 2907/2907/2907 2940/2940/2940 2908/2908/2908
f 2940/2940/2940 2941/2941/2941 2908/2908/2908
f 2908/2908/2908 2941/2941/2941 2909/2909/2909
f 2941/2941/2941 2942/2942/2942 2909/2909/2909
f 2909/2909/2909 2942/2942/2942 2910/2910/2910
f 2942/2942/2942 2943/2943/2943 2910/2910/2910
f 2910/2910/2910 2943/2943/2943 2911/2911/2911
f 2943/2943/2943 2944/2944/2944 2911/2911/2911
f 2911/2911/2911 2944/2944/2944 2912/2912/2912
f 2944/2944/2944 2945/2945/2945 2912/2912/2912
f 2912/2912/2912 2945/2945/2945 2913/2913/2913
f 2945/2945/2945 2946/2946/2946 2913/2913/2913
f 2913/2913/2913 2946/2946/2946 2914/2914/2914
f 2946/2946/2946 2947/2947/2947 2914/2914/2914
f 2914/2914/2914 2947/2947/2947 2915/2915/2915
f 2947/2947/2947 2948/2948/2948 2915/2915/2915
f 2915/2915/2915 2948/2948/2948 2916/2916/2916
f 2948/2948/2948 2949/2949/2949 2916/2916/2916
f 2916/2916/2916 2949/2949/2949 2917/2917/2917
f 2949/2949/2949 2950/2950/2950 2917/2917/2917
f 2917/2917/2917 2950/2950/2950 2918/2918/2918
f 2950/2950/2950 2951/2951/2951 2918/2918/2918
f 2918/2918/2918 2951/2951/2951 2919/2919/2919
f 2951/2951/2951 2952/2952/2952 2919/2919/2919
f 2919/2919/2919 2952/2952/2952 2920/2920/2920
f 2952/2952/2952 2953/2953/2953 2920/2920/2920
f 2920/2920/2920 2953/2953/2953 2921/2921/2921
f 2953/2953/2953 2954/2954/2954 2921/2921/2921
f 2921/2921/2921 2954/2954/2954 2922/2922/2922
f 2954/2954/2954 2955/2955/2955 2922/2922/2922
f 2922/2922/2922 2955/2955/2955 2923/2923/2923
f 2955/2955/2955 2956/2956/2956 2923/2923/2923
f 2923/2923/2923 2956/2956/2956 2924/2924/2924
f 2956/2956/2956 2957/2957/2957 2924/2924/2924
f 2924/2924/2924 2957/2957/2957 2925/2925/2925
f 2957/2957/2957 2958/2958/2958 2925/2925/2925
f 2925/2925/2925 2958/2958/2958 2926/2926/2926
f 2958/2958/2958 2959/2959/2959 2926/2926/2926
f 2926/2926/2926 2959/2959/2959 2927/2927/2927
f 2959/2959/2959 2960/2960/2960 2927/2927/2927
f 2927/2927/2927 2960/2960/2960 2928/2928/2928
f 2960/2960/2960 2961/2961/2961 2928/2928/2928
f 2928/2928/2928 2961/2961/2961 2929/2929/2929
f 2961/2961/2961 2962/2962/2962 2929/2929/2929
f 2929/2929/2929 2962/2962/2962 2930/2930/2930
f 2962/2962/2962 2963/2963/2963 2930/2930/2930
f 2930/2930/2930 2963/2963/2963 2931/2931/2931
f 2963/2963/2963 2964/2964/2964 2931/2931/2931
f 2931/2931/2931 2964/2964/2964 2932/2932/2932
f 2964/2964/2964 2965/2965/2965 2932/2932/2932
f 2932/2932/2932 2965/2965/2965 2933/2933/2933
f 2965/2965/2965 2966/2966/2966 2933/2933/2933
f 2933/2933/2933 2966/2966/2966 2934/2934/2934
f 2966/2966/2966 2967/2967/2967 2934/2934/2934
f 2934/2934/2934 2967/2967/2967 2935/2935/2935
f 2967/2967/2967 2968/2968/2968 2935/2935/2935
f 2935/2935/2935 2968/2968/2968 2936/2936/2936
f 2968/2968/2968 2969/2969/2969 2936/2936/2936
f 2936/2936/2936 2969/2969/2969 2937/2937/2937
f 2969/2969/2969 2970/2970/2970 2937/2937/2937
f 2938/2938/2938 2971/2971/2971 2939/2939/2939
f 2971/2971/2971 2972/2972/2972 2939/2939/2939
f 2939/2939/2939 2972/2972/2972 2940/2940/2940
f 2972/2972/2972 2973/2973/2973 2940/2940/2940
f 2940/2940/2940 2973/2973/2973 2941/2941/2941
f 2973/2973/2973 2974/2974/2974 2941/2941/2941
f 2941/2941/2941 2974/2974/2974 2942/2942/2942
f 2974/2974/2974 2975/2975/2975 2942/2942/2942
f 2942/2942/2942 2975/2975/2975 2943/2943/2943
f 2975/2975/2975 2976/2976/2976 2943/2943/2943
f 2943/2943/2943 2976/2976/2976 2944/2944/2944
f 2976/2976/2976 2977/2977/2977 2944/2944/2944
f 2944/2944/2944 2977/2977/2977 2945/2945/2945
f 2977/2977/2977 2978/2978/2978 2945/2945/2945
f 2945/2945/2945 2978/2978/2978 2946/2946/2946
f 2978/2978/2978 2979/2979/2979 2946/2946/2946
f 2946/2946/2946 2979/2979/2979 2947/2947/2947
f 2979/2979/2979 2980/2980/2980 2947/2947/2947
f 2947/2947/2947 2980/2980/2980 2948/2948/2948
f 2980/2980/2980 2981/2981/2981 2948/2948/2948
f 2948/2948/2948 2981/2981/2981 2949/2949/2949
f 2981/2981/2981 2982/2982/2982 2949/2949/2949
f 2949/2949/2949 2982/2982/2982 2950/2950/2950
f 2982/2982/2982 2983/2983/2983 2950/2950/2950
f 2950/2950/2950 2983/2983/2983 2951/2951/2951
f 2983/2983/2983 2984/2984/2984 2951/2951/2951
f 2951/2951/2951 2984/2984/2984 2952/2952/2952
f 2984/2984/2984 2985/2985/2985 2952/2952/2952
f 2952/2952/2952 2985/2985/2985 2953/2953/2953
f 2985/2985/2985 2986/2986/2986 2953/2953/2953
f 2953/2953/2953 2986/2986/2986 2954/2954/2954
f 2986/2986/2986 2987/2987/2987 2954/2954/2954
f 2954/2954/2954 2987/2987/2987 2955/2955/2955
f 2987/2987/2987 2988/2988/2988 2955/2955/2955
f 2955/2955/2955 2988/2988/2988 2956/2956/2956
f 2988/2988/2988 2989/2989/2989 2956/2956/2956
f 2956/2956/2956 2989/2989/2989 2957/2957/2957
f 2989/2989/2989 2990/2990/2990 2957/2957/2957
f 2957/2957/2957 2990/2990/2990 2958/2958/2958
f 2990/2990/2990 2991/2991/2991 2958/2958/2958
f 2958/2958/2958 2991/2991/2991 2959/2959/2959
f 2991/2991/2991 2992/2992/2992 2959/2959/2959
f 2959/2959/2959 2992/2992/2992 2960/2960/2960
f 2992/2992/2992 2993/2993/2993 2960/2960/2960
f 2960/2960/2960 2993/2993/2993 2961/2961/2961
f 2993/2993/2993 2994/2994/2994 2961/2961/2961
f 2961/2961/2961 2994/2994/2994 2962/2962/2962
f 2994/2994/2994 2995/2995/2995 2962/2962/2962
f 2962/2962/2962 2995/2995/2995 2963/2963/2963
f 2995/2995/2995 2996/2996/2996 2963/2963/2963
f 2963/2963/2963 2996/2996/2996 2964/2964/2964
f 2996/2996/2996 2997/2997/2997 2964/2964/2964
f 2964/2964/2964 2997/2997/2997 2965/2965/2965
f 2997/2997/2997 2998/2998/2998 2965/2965/2965
f 2965/2965/2965 2998/2998/2998 2966/2966/2966
f 2998/2998/2998 2999/2999/2999 2966/2966/2966
f 2966/2966/2966 2999/2999/2999 2967/2967/2967
f 2999/2999/2999 3000/3000/3000 2967/2967/2967
f 2967/2967/2967 3000/3000/3000 2968/2968/2968
f 3000/3000/3000 3001/3001/3001 2968/2968/2968
f 2968/2968/2968 3001/3001/3001 2969/2969/2969
f 3001/3001/3001 3002/3002/3002 2969/2969/2969
f 2969/2969/2969 3002/3002/3002 2970/2970/2970
f 3002/3002/3002 3003/3003/3003 2970/2970/2970
f 2971/2971/2971 3004/3004/3004 2972/2972/2972
f 3004/3004/3004 3005/3005/3005 2972/2972/2972
f 2972/2972/2972 3005/3005/3005 2973/2973/2973
f 3005/3005/3005 3006/3006/3006 2973/2973/2973
f 2973/2973/2973 3006/3006/3006 2974/2974/2974
f 3006/3006/3006 3007/3007/3007 2974/2974/2974
f 2974/2974/2974 3007/3007/3007 2975/2975/2975
f 3007/3007/3007 3008/3008/3008 2975/2975/2975
f 2975/2975/2975 3008/3008/3008 2976/2976/2976
f 3008/3008/3008 3009/3009/3009 2976/2976/2976
f 2976/2976/2976 3009/3009/3009 2977/2977/2977
f 3009/3009/3009 3010/3010/3010 2977/2977/2977
f 2977/2977/2977 3010/3010/3010 2978/2978/2978
f 3010/3010/3010 3011/3011/3011 2978/2978/2978
f 2978/2978/2978 3011/3011/3011 2979/2979/2979
f 3011/3011/3011 3012/3012/3012 2979/2979/2979
f 2979/2979/2979 3012/3012/3012 2980/2980/2980
f 3012/3012/3012 3013/3013/3013 2980/2980/2980
f 2980/2980/2980 3013/3013/3013 2981/2981/2981
f 3013/3013/3013 3014/3014/3014 2981/2981/2981
f 2981/2981/2981 3014/3014/3014 2982/2982/2982
f 3014/3014/3014 3015/3015/3015 2982/2982/2982
f 2982/2982/2982 3015/3015/3015 2983/2983/2983
f 3015/3015/3015 3016/3016/3016 2983/2983/2983
f 2983/2983/2983 3016/3016/3016 2984/2984/2984
f 3016/3016/3016 3017/3017/3017 2984/2984/2984
f 2984/2984/2984 3017/3017/3017 2985/2985/2985
f 3017/3017/3017 3018/3018/3018 2985/2985/2985
f 2985/2985/2985 3018/3018/3018 2986/2986/2986
f 3018/3018/3018 3019/3019/3019 2986/2986/2986
f 2986/2986/2986 3019/3019/3019 2987/2987/2987
f 3019/3019/3019 3020/3020/3020 2987/2987/2987
f 2987/2987/2987 3020/3020/3020 2988/2988/2988
f 3020/3020/3020 3021/3021/3021 2988/2988/2988
f 2988/2988/2988 3021/3021/3021 2989/2989/2989
f 3021/3021/3021 3022/3022/3022 2989/2989/2989
f 2989/2989/2989 3022/3022/3022 2990/2990/2990
f 3022/3022/3022 3023/3023/3023 2990/2990/2990
f 2990/2990/2990 3023/3023/3023 2991/2991/2991
f 3023/3023/3023 3024/3024/3024 2991/2991/2991
f 2991/2991/2991 3024/3024/3024 2992/2992/2992
f 3024/3024/3024 3025/3025/3025 2992/2992/2992
f 2992/2992/2992 3025/3025/3025 2993/2993/2993
f 3025/3025/3025 3026/3026/3026 2993/2993/2993
f 2993/2993/2993 3026/3026/3026 2994/2994/2994
f 3026/3026/3026 3027/3027/3027 2994/2994/2994
f 2994/2994/2994 3027/3027/3027 2995/2995/2995
f 3027/3027/3027 3028/3028/3028 2995/2995/2995
f 2995/2995/2995 3028/3028/3028 2996/2996/2996
f 3028/3028/3028 3029/3029/3029 2996/2996/2996
f 2996/2996/2996 3029/3029/3029 2997/2997/2997
f 3029/3029/3029 3030/3030/3030 2997/2997/2997
f 2997/2997/2997 3030/3030/3030 2998/2998/2998
f 3030/3030/3030 3031/3031/3031 2998/2998/2998
f 2998/2998/2998 3031/3031/3031 2999/2999/2999
f 3031/3031/3031 3032/3032/3032 2999/2999/2999
f 2999/2999/2999 3032/3032/3032 3000/3000/3000
f 3032/3032/3032 3033/3033/3033 3000/3000/3000
f 3000/3000/3000 3033/3033/3033 3001/3001/3001
f 3033/3033/3033 3034/3034/3034 3001/3001/3001
f 3001/3001/3001 3034/3034/3034 3002/3002/3002
f 3034/3034/3034 3035/3035/3035 3002/3002/3002
f 3002/3002/3002 3035/3035/3035 3003/3003/3003
f 3035/3035/3035 3036/3036/3036 3003/3003/3003
f 3004/3004/3004 3037/3037/3037 3005/3005/3005
f 3037/3037/3037 3038/3038/3038 3005/3005/3005
f 3005/3005/3005 3038/3038/3038 3006/3006/3006
f 3038/3038/3038 3039/3039/3039 3006/3006/3006
f 3006/3006/3006 3039/3039/3039 3007/3007/3007
f 3039/3039/3039 3040/3040/3040 3007/3007/3007
f 3007/3007/3007 3040/3040/3040 3008/3008/3008
f 3040/3040/3040 3041/3041/3041 3008/3008/3008
f 3008/3008/3008 3041/3041/3041 3009/3009/3009
f 3041/3041/3041 3042/3042/3042 3009/3009/3009
f 3009/3009/3009 3042/3042/3042 3010/3010/3010
f 3042/3042/3042 3043/3043/3043 3010/3010/3010
f 3010/3010/3010 3043/3043/3043 3011/3011/3011
f 3043/3043/3043 3044/3044/3044 3011/3011/3011
f 3011/3011/3011 3044/3044/3044 3012/3012/3012
f 3044/3044/3044 3045/3045/3045 3012/3012/3012
f 3012/3012/3012 3045/3045/3045 3013/3013/3013
f 3045/3045/3045 3046/3046/3046 3013/3013/3013
f 3013/3013/3013 3046/3046/3046 3014/3014/3014
f 3046/3046/3046 3047/3047/3047 3014/3014/3014
f 3014/3014/3014 3047/3047/3047 3015/3015/3015
f 3047/3047/3047 3048/3048/3048 3015/3015/3015
f 3015/3015/3015 3048/3048/3048 3016/3016/3016
f 3048/3048/3048 3049/3049/3049 3016/3016/3016
f 3016/3016/3016 3049/3049/3049 3017/3017/3017
f 3049/3049/3049 3050/3050/3050 3017/3017/3017
f 3017/3017/3017 3050/3050/3050 3018/3018/3018
f 3050/3050/3050 3051/3051/3051 3018/3018/3018
f 3018/3018/3018 3051/3051/3051 3019/3019/3019
f 3051/3051/3051 3052/3052/3052 3019/3019/3019
f 3019/3019/3019 3052/3052/3052 3020/3020/3020
f 3052/3052/3052 3053/3053/3053 3020/3020/3020
f 3020/3020/3020 3053/3053/3053 3021/3021/3021
f 3053/3053/3053 3054/3054/3054 3021/3021/3021
f 3021/3021/3021 3054/3054/3054 3022/3022/3022
f 3054/3054/3054 3055/3055/3055 3022/3022/3022
f 3022/3022/3022 3055/3055/3055 3023/3023/3023
f 3055/3055/3055 3056/3056/3056 3023/3023/3023
f 3023/3023/3023 3056/3056/3056 3024/3024/3024
f 3056/3056/3056 3057/3057/3057 3024/3024/3024
f 3024/3024/3024 3057/3057/3057 3025/3025/3025
f 3057/3057/3057 3058/3058/3058 3025/3025/3025
f 3025/3025/3025 3058/3058/3058 3026/3026/3026
f 3058/3058/3058 3059/3059/3059 3026/3026/3026
f 3026/3026/3026 3059/3059/3059 3027/3027/3027
f 3059/3059/3059 3060/3060/3060 3027/3027/3027
f 3027/3027/3027 3060/3060/3060 3028/3028/3028
f 3060/3060/3060 3061/3061/3061 3028/3028/3028
f 3028/3028/3028 3061/3061/3061 3029/3029/3029
f 3061/3061/3061 3062/3062/3062 3029/3029/3029
f 3029/3029/3029 3062/3062/3062 3030/3030/3030
f 3062/3062/3062 3063/3063/3063 3030/3030/3030
f 3030/3030/3030 3063/3063/3063 3031/3031/3031
f 3063/3063/3063 3064/3064/3064 3031/3031/3031
f 3031/3031/3031 3064/3064/3064 3032/3032/3032
f 3064/3064/3064 3065/3065/3065 3032/3032/3032
f 3032/3032/3032 3065/3065/3065 3033/3033/3033
f 3065/3065/3065 3066/3066/3066 3033/3033/3033
f 3033/3033/3033 3066/3066/3066 3034/3034/3034
f 3066/3066/3066 3067/3067/3067 3034/3034/3034
f 3034/3034/3034 3067/3067/3067 3035/3035/3035
f 3067/3067/3067 3068/3068/3068 3035/3035/3035
f 3035/3035/3035 3068/3068/3068 3036/3036/3036
f 3068/3068/3068 3069/3069/3069 3036/3036/3036
f 3037/3037/3037 3070/3070/3070 3038/3038/3038
f 3070/3070/3070 3071/3071/3071 3038/3038/3038
f 3038/3038/3038 3071/3071/3071 3039/3039/3039
f 3071/3071/3071 3072/3072/3072 3039/3039/3039
f 3039/3039/3039 3072/3072/3072 3040/3040/3040
f 3072/3072/3072 3073/3073/3073 3040/3040/3040
f 3040/3040/3040 3073/3073/3073 3041/3041/3041
f 3073/3073/3073 3074/3074/3074 3041/3041/3041
f 3041/3041/3041 3074/3074/3074 3042/3042/3042
f 3074/3074/3074 3075/3075/3075 3042/3042/3042
f 3042/3042/3042 3075/3075/3075 3043/3043/3043
f 3075/3075/3075 3076/3076/3076 3043/3043/3043
f 3043/3043/3043 3076/3076/3076 3044/3044/3044
f 3076/3076/3076 3077/3077/3077 3044/3044/3044
f 3044/3044/3044 3077/3077/3077 3045/3045/3045
f 3077/3077/3077 3078/3078/3078 3045/3045/3045
f 3045/3045/3045 3078/3078/3078 3046/3046/3046
f 3078/3078/3078 3079/3079/3079 3046/3046/3046
f 3046/3046/3046 3079/3079/3079 3047/3047/3047
f 3079/3079/3079 3080/3080/3080 3047/3047/3047
f 3047/3047/3047 3080/3080/3080 3048/3048/3048
f 3080/3080/3080 3081/3081/3081 3048/3048/3048
f 3048/3048/3048 3081/3081/3081 3049/3049/3049
f 3081/3081/3081 3082/3082/3082 3049/3049/3049
f 3049/3049/3049 3082/3082/3082 3050/3050/3050
f 3082/3082/3082 3083/3083/3083 3050/3050/3050
f 3050/3050/3050 3083/3083/3083 3051/3051/3051
f 3083/3083/3083 3084/3084/3084 3051/3051/3051
f 3051/3051/3051 3084/3084/3084 3052/3052/3052
f 3084/3084/3084 3085/3085/3085 3052/3052/3052
f 3052/3052/3052 3085/3085/3085 3053/3053/3053
f 3085/3085/3085 3086/3086/3086 3053/3053/3053
f 3053/3053/3053 3086/3086/3086 3054/3054/3054
f 3086/3086/3086 3087/3087/3087 3054/3054/3054
f 3054/3054/3054 3087/3087/3087 3055/3055/3055
f 3087/3087/3087 3088/3088/3088 3055/3055/3055
f 3055/3055/3055 3088/3088/3088 3056/3056/3056
f 3088/3088/3088 3089/3089/3089 3056/3056/3056
f 3056/3056/3056 3089/3089/3089 3057/3057/3057
f 3089/3089/3089 3090/3090/3090 3057/3057/3057
f 3057/3057/3057 3090/3090/3090 3058/3058/3058
f 3090/3090/3090 3091/3091/3091 3058/3058/3058
f 3058/3058/3058 3091/3091/3091 3059/3059/3059
f 3091/3091/3091 3092/3092/3092 3059/3059/3059
f 3059/3059/3059 3092/3092/3092 3060/3060/3060
f 3092/3092/3092 3093/3093/3093 3060/3060/3060
f 3060/3060/3060 3093/3093/3093 3061/3061/3061
f 3093/3093/3093 3094/3094/3094 3061/3061/3061
f 3061/3061/3061 3094/3094/3094 3062/3062/3062
f 3094/3094/3094 3095/3095/3095 3062/3062/3062
f 3062/3062/3062 3095/3095/3095 3063/3063/3063
f 3095/3095/3095 3096/3096/3096 3063/3063/3063
f 3063/3063/3063 3096/3096/3096 3064/3064/3064
f 3096/3096/3096 3097/3097/3097 3064/3064/3064
f 3064/3064/3064 3097/3097/3097 3065/3065/3065
f 3097/3097/3097 3098/3098/3098 3065/3065/3065
f 3065/3065/3065 3098/3098/3098 3066/3066/3066
f 3098/3098/3098 3099/3099/3099 3066/3066/3066
f 3066/3066/3066 3099/3099/3099 3067/3067/3067
f 3099/3099/3099 3100/3100/3100 3067/3067/3067
f 3067/3067/3067 3100/3100/3100 3068/3068/3068
f 3100/3100/3100 3101/3101/3101 3068/3068/3068
f 3068/3068/3068 3101/3101/3101 3069/3069/3069
f 3101/3101/3101 3102/3102/3102 3069/3069/3069
f 3070/3070/3070 3103/3103/3103 3071/3071/3071
f 3103/3103/3103 3104/3104/3104 3071/3071/3071
f 3071/3071/3071 3104/3104/3104 3072/3072/3072
f 3104/3104/3104 3105/3105/3105 3072/3072/3072
f 3072/3072/3072 3105/3105/3105 3073/3073/3073
f 3105/3105/3105 3106/3106/3106 3073/3073/3073
f 3073/3073/3073 3106/3106/3106 3074/3074/3074
f 3106/3106/3106 3107/3107/3107 3074/3074/3074
f 3074/3074/3074 3107/3107/3107 3075/3075/3075
f 3107/3107/3107 3108/3108/3108 3075/3075/3075
f 3075/3075/3075 3108/3108/3108 3076/3076/3076
f 3108/3108/3108 3109/3109/3109 3076/3076/3076
f 3076/3076/3076 3109/3109/3109 3077/3077/3077
f 3109/3109/3109 3110/3110/3110 3077/3077/3077
f 3077/3077/3077 3110/3110/3110 3078/3078/3078
f 3110/3110/3110 3111/3111/3111 3078/3078/3078
f 3078/3078/3078 3111/3111/3111 3079/3079/3079
f 3111/3111/3111 3112/3112/3112 3079/3079/3079
f 3079/3079/3079 3112/3112/3112 3080/3080/3080
f 3112/3112/3112 3113/3113/3113 3080/3080/3080
f 3080/3080/3080 3113/3113/3113 3081/3081/3081
f 3113/3113/3113 3114/3114/3114 3081/3081/3081
f 3081/3081/3081 3114/3114/3114 3082/3082/3082
f 3114/3114/3114 3115/3115/3115 3082/3082/3082
f 3082/3082/3082 3115/3115/3115 3083/3083/3083
f 3115/3115/3115 3116/3116/3116 3083/3083/3083
f 3083/3083/3083 3116/3116/3116 3084/3084/3084
f 3116/3116/3116 3117/3117/3117 3084/3084/3084
f 3084/3084/3084 3117/3117/3117 3085/3085/3085
f 3117/3117/3117 3118/3118/3118 3085/3085/3085
f 3085/3085/3085 3118/3118/3118 3086/3086/3086
f 3118/3118/3118 3119/3119/3119 3086/3086/3086
f 3086/3086/3086 3119/3119/3119 3087/3087/3087
f 3119/3119/3119 3120/3120/3120 3087/3087/3087
f 3087/3087/3087 3120/3120/3120 3088/3088/3088
f 3120/3120/3120 3121/3121/3121 3088/3088/3088
f 3088/3088/3088 3121/3121/3121 3089/3089/3089
f 3121/3121/3121 3122/3122/3122 3089/3089/3089
f 3089/3089/3089 3122/3122/3122 3090/3090/3090
f 3122/3122/3122 3123/3123/3123 3090/3090/3090
f 3090/3090/3090 3123/3123/3123 3091/3091/3091
f 3123/3123/3123 3124/3124/3124 3091/3091/3091
f 3091/3091/3091 3124/3124/3124 3092/3092/3092
f 3124/3124/3124 3125/3125/3125 3092/3092/3092
f 3092/3092/3092 3125/3125/3125 3093/3093/3093
f 3125/3125/3125 3126/3126/3126 3093/3093/3093
f 3093/3093/3093 3126/3126/3126 3094/3094/3094
f 3126/3126/3126 3127/3127/3127 3094/3094/3094
f 3094/3094/3094 3127/3127/3127 3095/3095/3095
f 3127/3127/3127 3128/3128/3128 3095/3095/3095
f 3095/3095/3095 3128/3128/3128 3096/3096/3096
f 3128/3128/3128 3129/3129/3129 3096/3096/3096
f 3096/3096/3096 3129/3129/3129 3097/3097/3097
f 3129/3129/3129 3130/3130/3130 3097/3097/3097
f 3097/3097/3097 3130/3130/3130 3098/3098/3098
f 3130/3130/3130 3131/3131/3131 3098/3098/3098
f 3098/3098/3098 3131/3131/3131 3099/3099/3099
f 3131/3131/3131 3132/3132/3132 3099/3099/3099
f 3099/3099/3099 3132/3132/3132 3100/3100/3100
f 3132/3132/3132 3133/3133/3133 3100/3100/3100
f 3100/3100/3100 3133/3133/3133 3101/3101/3101
f 3133/3133/3133 3134/3134/3134 3101/3101/3101
f 3101/3101/3101 3134/3134/3134 3102/3102/3102
f 3134/3134/3134 3135/3135/3135 3102/3102/3102
f 3103/3103/3103 3136/3136/3136 3104/3104/3104
f 3136/3136/3136 3137/3137/3137 3104/3104/3104
f 3104/3104/3104 3137/3137/3137 3105/3105/3105
f 3137/3137/3137 3138/3138/3138 3105/3105/3105
f 3105/3105/3105 3138/3138/3138 3106/3106/3106
f 3138/3138/3138 3139/3139/3139 3106/3106/3106
f 3106/3106/3106 3139/3139/3139 3107/3107/3107
f 3139/3139/3139 3140/3140/3140 3107/3107/3107
f 3107/3107/3107 3140/3140/3140 3108/3108/3108
f 3140/3140/3140 3141/3141/3141 3108/3108/3108
f 3108/3108/3108 3141/3141/3141 3109/3109/3109
f 3141/3141/3141 3142/3142/3142 3109/3109/3109
f 3109/3109/3109 3142/3142/3142 3110/3110/3110
f 3142/3142/3142 3143/3143/3143 3110/3110/3110
f 3110/3110/3110 3143/3143/3143 3111/3111/3111
f 3143/3143/3143 3144/3144/3144 3111/3111/3111
f 3111/3111/3111 3144/3144/3144 3112/3112/3112
f 3144/3144/3144 3145/3145/3145 3112/3112/3112
f 3112/3112/3112 3145/3145/3145 3113/3113/3113
f 3145/3145/3145 3146/3146/3146 3113/3113/3113
f 3113/3113/3113 3146/3146/3146 3114/3114/3114
f 3146/3146/3146 3147/3147/3147 3114/3114/3114
f 3114/3114/3114 3147/3147/3147 3115/3115/3115
f 3147/3147/3147 3148/3148/3148 3115/3115/3115
f 3115/3115/3115 3148/3148/3148 3116/3116/3116
f 3148/3148/3148 3149/3149/3149 3116/3116/3116
f 3116/3116/3116 3149/3149/3149 3117/3117/3117
f 3149/3149/3149 3150/3150/3150 3117/3117/3117
f 3117/3117/3117 3150/3150/3150 3118/3118/3118
f 3150/3150/3150 3151/3151/3151 3118/3118/3118
f 3118/3118/3118 3151/3151/3151 3119/3119/3119
f 3151/3151/3151 3152/3152/3152 3119/3119/3119
f 3119/3119/3119 3152/3152/3152 3120/3120/3120
f 3152/3152/3152 3153/3153/3153 3120/3120/3120
f 3120/3120/3120 3153/3153/3153 3121/3121/3121
f 3153/3153/3153 3154/3154/3154 3121/3121/3121
f 3121/3121/3121 3154/3154/3154 3122/3122/3122
f 3154/3154/3154 3155/3155/3155 3122/3122/3122
f 3122/3122/3122 3155/3155/3155 3123/3123/3123
f 3155/3155/3155 3156/3156/3156 3123/3123/3123
f 3123/3123/3123 3156/3156/3156 3124/3124/3124
f 3156/3156/3156 3157/3157/3157 3124/3124/3124
f 3124/3124/3124 3157/3157/3157 3125/3125/3125
f 3157/3157/3157 3158/3158/3158 3125/3125/3125
f 3125/3125/3125 3158/3158/3158 3126/3126/3126
f 3158/3158/3158 3159/3159/3159 3126/3126/3126
f 3126/3126/3126 3159/3159/3159 3127/3127/3127
f 3159/3159/3159 3160/3160/3160 3127/3127/3127
f 3127/3127/3127 3160/3160/3160 3128/3128/3128
f 3160/3160/3160 3161/3161/3161 3128/3128/3128
f 3128/3128/3128 3161/3161/3161 3129/3129/3129
f 3161/3161/3161 3162/3162/3162 3129/3129/3129
f 3129/3129/3129 3162/3162/3162 3130/3130/3130
f 3162/3162/3162 3163/3163/3163 3130/3130/3130
f 3130/3130/3130 3163/3163/3163 3131/3131/3131
f 3163/3163/3163 3164/3164/3164 3131/3131/3131
f 3131/3131/3131 3164/3164/3164 3132/3132/3132
f 3164/3164/3164 3165/3165/3165 3132/3132/3132
f 3132/3132/3132 3165/3165/3165 3133/3133/3133
f 3165/3165/3165 3166/3166/3166 3133/3133/3133
f 3133/3133/3133 3166/3166/3166 3134/3134/3134
f 3166/3166/3166 3167/3167/3167 3134/3134/3134
f 3134/3134/3134 3167/3167/3167 3135/3135/3135
f 3167/3167/3167 3168/3168/3168 3135/3135/3135
f 3136/3136/3136 3169/3169/3169 3137/3137/3137
f 3169/3169/3169 3170/3170/3170 3137/3137/3137
f 3137/3137/3137 3170/3170/3170 3138/3138/3138
f 3170/3170/3170 3171/3171/3171 3138/3138/3138
f 3138/3138/3138 3171/3171/3171 3139/3139/3139
f 3171/3171/3171 3172/3172/3172 3139/3139/3139
f 3139/3139/3139 3172/3172/3172 3140/3140/3140
f 3172/3172/3172 3173/3173/3173 3140/3140/3140
f 3140/3140/3140 3173/3173/3173 3141/3141/3141
f 3173/3173/3173 3174/3174/3174 3141/3141/3141
f 3141/3141/3141 3174/3174/3174 3142/3142/3142
f 3174/3174/3174 3175/3175/3175 3142/3142/3142
f 3142/3142/3142 3175/3175/3175 3143/3143/3143
f 3175/3175/3175 3176/3176/3176 3143/3143/3143
f 3143/3143/3143 3176/3176/3176 3144/3144/3144
f 3176/3176/3176 3177/3177/3177 3144/3144/3144
f 3144/3144/3144 3177/3177/3177 3145/3145/3145
f 3177/3177/3177 3178/3178/3178 3145/3145/3145
f 3145/3145/3145 3178/3178/3178 3146/3146/3146
f 3178/3178/3178 3179/3179/3179 3146/3146/3146
f 3146/3146/3146 3179/3179/3179 3147/3147/3147
f 3179/3179/3179 3180/3180/3180 3147/3147/3147
f 3147/3147/3147 3180/3180/3180 3148/3148/3148
f 3180/3180/3180 3181/3181/3181 3148/3148/3148
f 3148/3148/3148 3181/3181/3181 3149/3149/3149
f 3181/3181/3181 3182/3182/3182 3149/3149/3149
f 3149/3149/3149 3182/3182/3182 3150/3150/3150
f 3182/3182/3182 3183/3183/3183 3150/3150/3150
f 3150/3150/3150 3183/3183/3183 3151/3151/3151
f 3183/3183/3183 3184/3184/3184 3151/3151/3151
f 3151/3151/3151 3184/3184/3184 3152/3152/3152
f 3184/3184/3184 3185/3185/3185 3152/3152/3152
f 3152/3152/3152 3185/3185/3185 3153/3153/3153
f 3185/3185/3185 3186/3186/3186 3153/3153/3153
f 3153/3153/3153 3186/3186/3186 3154/3154/3154
f 3186/3186/3186 3187/3187/3187 3154/3154/3154
f 3154/3154/3154 3187/3187/3187 3155/3155/3155
f 3187/3187/3187 3188/3188/3188 3155/3155/3155
f 3155/3155/3155 3188/3188/3188 3156/3156/3156
f 3188/3188/3188 3189/3189/3189 3156/3156/3156
f 3156/3156/3156 3189/3189/3189 3157/3157/3157
f 3189/3189/3189 3190/3190/3190 3157/3157/3157
f 3157/3157/3157 3190/3190/3190 3158/3158/3158
f 3190/3190/3190 3191/3191/3191 3158/3158/3158
f 3158/3158/3158 3191/3191/3191 3159/3159/3159
f 3191/3191/3191 3192/3192/3192 3159/3159/3159
f 3159/3159/3159 3192/3192/3192 3160/3160/3160
f 3192/3192/3192 3193/3193/3193 3160/3160/3160
f 3160/3160/3160 3193/3193/3193 3161/3161/3161
f 3193/3193/3193 3194/3194/3194 3161/3161/3161
f 3161/3161/3161 3194/3194/3194 3162/3162/3162
f 3194/3194/3194 3195/3195/3195 3162/3162/3162
f 3162/3162/3162 3195/3195/3195 3163/3163/3163
f 3195/3195/3195 3196/3196/3196 3163/3163/3163
f 3163/3163/3163 3196/3196/3196 3164/3164/3164
f 3196/3196/3196 3197/3197/3197 3164/3164/3164
f 3164/3164/3164 3197/3197/3197 3165/3165/3165
f 3197/3197/3197 3198/3198/3198 3165/3165/3165
f 3165/3165/3165 3198/3198/3198 3166/3166/3166
f 3198/3198/3198 3199/3199/3199 3166/3166/3166
f 3166/3166/3166 3199/3199/3199 3167/3167/3167
f 3199/3199/3199 3200/3200/3200 3167/3167/3167
f 3167/3167/3167 3200/3200/3200 3168/3168/3168
f 3200/3200/3200 3201/3201/3201 3168/3168/3168
f 3169/3169/3169 3202/3202/3202 3170/3170/3170
f 3202/3202/3202 3203/3203/3203 3170/3170/3170
f 3170/3170/3170 3203/3203/3203 3171/3171/3171
f 3203/3203/3203 3204/3204/3204 3171/3171/3171
f 3171/3171/3171 3204/3204/3204 3172/3172/3172
f 3204/3204/3204 3205/3205/3205 3172/3172/3172
f 3172/3172/3172 3205/3205/3205 3173/3173/3173
f 3205/3205/3205 3206/3206/3206 3173/3173/3173
f 3173/3173/3173 3206/3206/3206 3174/3174/3174
f 3206/3206/3206 3207/3207/3207 3174/3174/3174
f 3174/3174/3174 3207/3207/3207 3175/3175/3175
f 3207/3207/3207 3208/3208/3208 3175/3175/3175
f 3175/3175/3175 3208/3208/3208 3176/3176/3176
f 3208/3208/3208 3209/3209/3209 3176/3176/3176
f 3176/3176/3176 3209/3209/3209 3177/3177/3177
f 3209/3209/3209 3210/3210/3210 3177/3177/3177
f 3177/3177/3177 3210/3210/3210 3178/3178/3178
f 3210/3210/3210 3211/3211/3211 3178/3178/3178
f 3178/3178/3178 3211/3211/3211 3179/3179/3179
f 3211/3211/3211 3212/3212/3212 3179/3179/3179
f 3179/3179/3179 3212/3212/3212 3180/3180/3180
f 3212/3212/3212 3213/3213/3213 3180/3180/3180
f 3180/3180/3180 3213/3213/3213 3181/3181/3181
f 3213/3213/3213 3214/3214/3214 3181/3181/3181
f 3181/3181/3181 3214/3214/3214 3182/3182/3182
f 3214/3214/3214 3215/3215/3215 3182/3182/3182
f 3182/3182/3182 3215/3215/3215 3183/3183/3183
f 3215/3215/3215 3216/3216/3216 3183/3183/3183
f 3183/3183/3183 3216/3216/3216 3184/3184/3184
f 3216/3216/3216 3217/3217/3217 3184/3184/3184
f 3184/3184/3184 3217/3217/3217 3185/3185/3185
f 3217/3217/3217 3218/3218/3218 3185/3185/3185
f 3185/3185/3185 3218/3218/3218 3186/3186/3186
f 3218/3218/3218 3219/3219/3219 3186/3186/3186
f 3186/3186/3186 3219/3219/3219 3187/3187/3187
f 3219/3219/3219 3220/3220/3220 3187/3187/3187
f 3187/3187/3187 3220/3220/3220 3188/3188/3188
f 3220/3220/3220 3221/3221/3221 3188/3188/3188
f 3188/3188/3188 3221/3221/3221 3189/3189/3189
f 3221/3221/3221 3222/3222/3222 3189/3189/3189
f 3189/3189/3189 3222/3222/3222 3190/3190/3190
f 3222/3222/3222 3223/3223/3223 3190/3190/3190
f 3190/3190/3190 3223/3223/3223 3191/3191/3191
f 3223/3223/3223 3224/3224/3224 3191/3191/3191
f 3191/3191/3191 3224/3224/3224 3192/3192/3192
f 3224/3224/3224 3225/3225/3225 3192/3192/3192
f 3192/3192/3192 3225/3225/3225 3193/3193/3193
f 3225/3225/3225 3226/3226/3226 3193/3193/3193
f 3193/3193/3193 3226/3226/3226 3194/3194/3194
f 3226/3226/3226 3227/3227/3227 3194/3194/3194
f 3194/3194/3194 3227/3227/3227 3195/3195/3195
f 3227/3227/3227 3228/3228/3228 3195/3195/3195
f 3195/3195/3195 3228/3228/3228 3196/3196/3196
f 3228/3228/3228 3229/3229/3229 3196/3196/3196
f 3196/3196/3196 3229/3229/3229 3197/3197/3197
f 3229/3229/3229 3230/3230/3230 3197/3197/3197
f 3197/3197/3197 3230/3230/3230 3198/3198/3198
f 3230/3230/3230 3231/3231/3231 3198/3198/3198
f 3198/3198/3198 3231/3231/3231 3199/3199/3199
f 3231/3231/3231 3232/3232/3232 3199/3199/3199
f 3199/3199/3199 3232/3232/3232 3200/3200/3200
f 3232/3232/3232 3233/3233/3233 3200/3200/3200
f 3200/3200/3200 3233/3233/3233 3201/3201/3201
f 3233/3233/3233 3234/3234/3234 3201/3201/3201
f 3202/3202/3202 3235/3235/3235 3203/3203/3203
f 3235/3235/3235 3236/3236/3236 3203/3203/3203
f 3203/3203/3203 3236/3236/3236 3204/3204/3204
f 3236/3236/3236 3237/3237/3237 3204/3204/3204
f 3204/3204/3204 3237/3237/3237 3205/3205/3205
f 3237/3237/3237 3238/3238/3238 3205/3205/3205
f 3205/3205/3205 3238/3238/3238 3206/3206/3206
f 3238/3238/3238 3239/3239/3239 3206/3206/3206
f 3206/3206/3206 3239/3239/3239 3207/3207/3207
f 3239/3239/3239 3240/3240/3240 3207/3207/3207
f 3207/3207/3207 3240/3240/3240 3208/3208/3208
f 3240/3240/3240 3241/3241/3241 3208/3208/3208
f 3208/3208/3208 3241/3241/3241 3209/3209/3209
f 3241/3241/3241 3242/3242/3242 3209/3209/3209
f 3209/3209/3209 3242/3242/3242 3210/3210/3210
f 3242/3242/3242 3243/3243/3243 3210/3210/3210
f 3210/3210/3210 3243/3243/3243 3211/3211/3211
f 3243/3243/3243 3244/3244/3244 3211/3211/3211
f 3211/3211/3211 3244/3244/3244 3212/3212/3212
f 3244/3244/3244 3245/3245/3245 3212/3212/3212
f 3212/3212/3212 3245/3245/3245 3213/3213/3213
f 3245/3245/3245 3246/3246/3246 3213/3213/3213
f 3213/3213/3213 3246/3246/3246 3214/3214/3214
f 3246/3246/3246 3247/3247/3247 3214/3214/3214
f 3214/3214/3214 3247/3247/3247 3215/3215/3215
f 3247/3247/3247 3248/3248/3248 3215/3215/3215
f 3215/3215/3215 3248/3248/3248 3216/3216/3216
f 3248/3248/3248 3249/3249/3249 3216/3216/3216
f 3216/3216/3216 3249/3249/3249 3217/3217/3217
f 3249/3249/3249 3250/3250/3250 3217/3217/3217
f 3217/3217/3217 3250/3250/3250 3218/3218/3218
f 3250/3250/3250 3251/3251/3251 3218/3218/3218
f 3218/3218/3218 3251/3251/3251 3219/3219/3219
f 3251/3251/3251 3252/3252/3252 3219/3219/3219
f 3219/3219/3219 3252/3252/3252 3220/3220/3220
f 3252/3252/3252 3253/3253/3253 3220/3220/3220
f 3220/3220/3220 3253/3253/3253 3221/3221/3221
f 3253/3253/3253 3254/3254/3254 3221/3221/3221
f 3221/3221/3221 3254/3254/3254 3222/3222/3222
f 3254/3254/3254 3255/3255/3255 3222/3222/3222
f 3222/3222/3222 3255/3255/3255 3223/3223/3223
f 3255/3255/3255 3256/3256/3256 3223/3223/3223
f 3223/3223/3223 3256/3256/3256 3224/3224/3224
f 3256/3256/3256 3257/3257/3257 3224/3224/3224
f 3224/3224/3224 3257/3257/3257 3225/3225/3225
f 3257/3257/3257 3258/3258/3258 3225/3225/3225
f 3225/3225/3225 3258/3258/3258 3226/3226/3226
f 3258/3258/3258 3259/3259/3259 3226/3226/3226
f 3226/3226/3226 3259/3259/3259 3227/3227/3227
f 3259/3259/3259 3260/3260/3260 3227/3227/3227
f 3227/3227/3227 3260/3260/3260 3228/3228/3228
f 3260/3260/3260 3261/3261/3261 3228/3228/3228
f 3228/3228/3228 3261/3261/3261 3229/3229/3229
f 3261/3261/3261 3262/3262/3262 3229/3229/3229
f 3229/3229/3229 3262/3262/3262 3230/3230/3230
f 3262/3262/3262 3263/3263/3263 3230/3230/3230
f 3230/3230/3230 3263/3263/3263 3231/3231/3231
f 3263/3263/3263 3264/3264/3264 3231/3231/3231
f 3231/3231/3231 3264/3264/3264 3232/3232/3232
f 3264/3264/3264 3265/3265/3265 3232/3232/3232
f 3232/3232/3232 3265/3265/3265 3233/3233/3233
f 3265/3265/3265 3266/3266/3266 3233/3233/3233
f 3233/3233/3233 3266/3266/3266 3234/3234/3234
f 3266/3266/3266 3267/3267/3267 3234/3234/3234
f 3235/3235/3235 3268/3268/3268 3236/3236/3236
f 3268/3268/3268 3269/3269/3269 3236/3236/3236
f 3236/3236/3236 3269/3269/3269 3237/3237/3237
f 3269/3269/3269 3270/3270/3270 3237/3237/3237
f 3237/3237/3237 3270/3270/3270 3238/3238/3238
f 3270/3270/3270 3271/3271/3271 3238/3238/3238
f 3238/3238/3238 3271/3271/3271 3239/3239/3239
f 3271/3271/3271 3272/3272/3272 3239/3239/3239
f 3239/3239/3239 3272/3272/3272 3240/3240/3240
f 3272/3272/3272 3273/3273/3273 3240/3240/3240
f 3240/3240/3240 3273/3273/3273 3241/3241/3241
f 3273/3273/3273 3274/3274/3274 3241/3241/3241
f 3241/3241/3241 3274/3274/3274 3242/3242/3242
f 3274/3274/3274 3275/3275/3275 3242/3242/3242
f 3242/3242/3242 3275/3275/3275 3243/3243/3243
f 3275/3275/3275 3276/3276/3276 3243/3243/3243
f 3243/3243/3243 3276/3276/3276 3244/3244/3244
f 3276/3276/3276 3277/3277/3277 3244/3244/3244
f 3244/3244/3244 3277/3277/3277 3245/3245/3245
f 3277/3277/3277 3278/3278/3278 3245/3245/3245
f 3245/3245/3245 3278/3278/3278 3246/3246/3246
f 3278/3278/3278 3279/3279/3279 3246/3246/3246
f 3246/3246/3246 3279/3279/3279 3247/3247/3247
f 3279/3279/3279 3280/3280/3280 3247/3247/3247
f 3247/3247/3247 3280/3280/3280 3248/3248/3248
f 3280/3280/3280 3281/3281/3281 3248/3248/3248
f 3248/3248/3248 3281/3281/3281 3249/3249/3249
f 3281/3281/3281 3282/3282/3282 3249/3249/3249
f 3249/3249/3249 3282/3282/3282 3250/3250/3250
f 3282/3282/3282 3283/3283/3283 3250/3250/3250
f 3250/3250/3250 3283/3283/3283 3251/3251/3251
f 3283/3283/3283 3284/3284/3284 3251/3251/3251
f 3251/3251/3251 3284/3284/3284 3252/3252/3252
f 3284/3284/3284 3285/3285/3285 3252/3252/3252
f 3252/3252/3252 3285/3285/3285 3253/3253/3253
f 3285/3285/3285 3286/3286/3286 3253/3253/3253
f 3253/3253/3253 3286/3286/3286 3254/3254/3254
f 3286/3286/3286 3287/3287/3287 3254/3254/3254
f 3254/3254/3254 3287/3287/3287 3255/3255/3255
f 3287/3287/3287 3288/3288/3288 3255/3255/3255
f 3255/3255/3255 3288/3288/3288 3256/3256/3256
f 3288/3288/3288 3289/3289/3289 3256/3256/3256
f 3256/3256/3256 3289/3289/3289 3257/3257/3257
f 3289/3289/3289 3290/3290/3290 3257/3257/3257
f 3257/3257/3257 3290/3290/3290 3258/3258/3258
f 3290/3290/3290 3291/3291/3291 3258/3258/3258
f 3258/3258/3258 3291/3291/3291 3259/3259/3259
f 3291/3291/3291 3292/3292/3292 3259/3259/3259
f 3259/3259/3259 3292/3292/3292 3260/3260/3260
f 3292/3292/3292 3293/3293/3293 3260/3260/3260
f 3260/3260/3260 3293/3293/3293 3261/3261/3261
f 3293/3293/3293 3294/3294/3294 3261/3261/3261
f 3261/3261/3261 3294/3294/3294 3262/3262/3262
f 3294/3294/3294 3295/3295/3295 3262/3262/3262
f 3262/3262/3262 3295/3295/3295 3263/3263/3263
f 3295/3295/3295 3296/3296/3296 3263/3263/3263
f 3263/3263/3263 3296/3296/3296 3264/3264/3264
f 3296/3296/3296 3297/3297/3297 3264/3264/3264
f 3264/3264/3264 3297/3297/3297 3265/3265/3265
f 3297/3297/3297 3298/3298/3298 3265/3265/3265
f 3265/3265/3265 3298/3298/3298 3266/3266/3266
f 3298/3298/3298 3299/3299/3299 3266/3266/3266
f 3266/3266/3266 3299/3299/3299 3267/3267/3267
f 3299/3299/3299 3300/3300/3300 3267/3267/3267
f 3268/3268/3268 3301/3301/3301 3269/3269/3269
f 3301/3301/3301 3302/3302/3302 3269/3269/3269
f 3269/3269/3269 3302/3302/3302 3270/3270/3270
f 3302/3302/3302 3303/3303/3303 3270/3270/3270
f 3270/3270/3270 3303/3303/3303 3271/3271/3271
f 3303/3303/3303 3304/3304/3304 3271/3271/3271
f 3271/3271/3271 3304/3304/3304 3272/3272/3272
f 3304/3304/3304 3305/3305/3305 3272/3272/3272
f 3272/3272/3272 3305/3305/3305 3273/3273/3273
f 3305/3305/3305 3306/3306/3306 3273/3273/3273
f 3273/3273/3273 3306/3306/3306 3274/3274/3274
f 3306/3306/3306 3307/3307/3307 3274/3274/3274
f 3274/3274/3274 3307/3307/3307 3275/3275/3275
f 3307/3307/3307 3308/3308/3308 3275/3275/3275
f 3275/3275/3275 3308/3308/3308 3276/3276/3276
f 3308/3308/3308 3309/3309/3309 3276/3276/3276
f 3276/3276/3276 3309/3309/3309 3277/3277/3277
f 3309/3309/3309 3310/3310/3310 3277/3277/3277
f 3277/3277/3277 3310/3310/3310 3278/3278/3278
f 3310/3310/3310 3311/3311/3311 3278/3278/3278
f 3278/3278/3278 3311/3311/3311 3279/3279/3279
f 3311/3311/3311 3312/3312/3312 3279/3279/3279
f 3279/3279/3279 3312/3312/3312 3280/3280/3280
f 3312/3312/3312 3313/3313/3313 3280/3280/3280
f 3280/3280/3280 3313/3313/3313 3281/3281/3281
f 3313/3313/3313 3314/3314/3314 3281/3281/3281
f 3281/3281/3281 3314/3314/3314 3282/3282/3282
f 3314/3314/3314 3315/3315/3315 3282/3282/3282
f 3282/3282/3282 3315/3315/3315 3283/3283/3283
f 3315/3315/3315 3316/3316/3316 3283/3283/3283
f 3283/3283/3283 3316/3316/3316 3284/3284/3284
f 3316/3316/3316 3317/3317/3317 3284/3284/3284
f 3284/3284/3284 3317/3317/3317 3285/3285/3285
f 3317/3317/3317 3318/3318/3318 3285/3285/3285
f 3285/3285/3285 3318/3318/3318 3286/3286/3286
f 3318/3318/3318 3319/3319/3319 3286/3286/3286
f 3286/3286/3286 3319/3319/3319 3287/3287/3287
f 3319/3319/3319 3320/3320/3320 3287/3287/3287
f 3287/3287/3287 3320/3320/3320 3288/3288/3288
f 3320/3320/3320 3321/3321/3321 3288/3288/3288
f 3288/3288/3288 3321/3321/3321 3289/3289/3289
f 3321/3321/3321 3322/3322/3322 3289/3289/3289
f 3289/3289/3289 3322/3322/3322 3290/3290/3290
f 3322/3322/3322 3323/3323/3323 3290/3290/3290
f 3290/3290/3290 3323/3323/3323 3291/3291/3291
f 3323/3323/3323 3324/3324/3324 3291/3291/3291
f 3291/3291/3291 3324/3324/3324 3292/3292/3292
f 3324/3324/3324 3325/3325/3325 3292/3292/3292
f 3292/3292/3292 3325/3325/3325 3293/3293/3293
f 3325/3325/3325 3326/3326/3326 3293/3293/3293
f 3293/3293/3293 3326/3326/3326 3294/3294/3294
f 3326/3326/3326 3327/3327/3327 3294/3294/3294
f 3294/3294/3294 3327/3327/3327 3295/3295/3295
f 3327/3327/3327 3328/3328/3328 3295/3295/3295
f 3295/3295/3295 3328/3328/3328 3296/3296/3296
f 3328/3328/3328 3329/3329/3329 3296/3296/3296
f 3296/3296/3296 3329/3329/3329 3297/3297/3297
f 3329/3329/3329 3330/3330/3330 3297/3297/3297
f 3297/3297/3297 3330/3330/3330 3298/3298/3298
f 3330/3330/3330 3331/3331/3331 3298/3298/3298
f 3298/3298/3298 3331/3331/3331 3299/3299/3299
f 3331/3331/3331 3332/3332/3332 3299/3299/3299
f 3299/3299/3299 3332/3332/3332 3300/3300/3300
f 3332/3332/3332 3333/3333/3333 3300/3300/3300
f 3301/3301/3301 3334/3334/3334 3302/3302/3302
f 3334/3334/3334 3335/3335/3335 3302/3302/3302
f 3302/3302/3302 3335/3335/3335 3303/3303/3303
f 3335/3335/3335 3336/3336/3336 3303/3303/3303
f 3303/3303/3303 3336/3336/3336 3304/3304/3304
f 3336/3336/3336 3337/3337/3337 3304/3304/3304
f 3304/3304/3304 3337/3337/3337 3305/3305/3305
f 3337/3337/3337 3338/3338/3338 3305/3305/3305
f 3305/3305/3305 3338/3338/3338 3306/3306/3306
f 3338/3338/3338 3339/3339/3339 3306/3306/3306
f 3306/3306/3306 3339/3339/3339 3307/3307/3307
f 3339/3339/3339 3340/3340/3340 3307/3307/3307
f 3307/3307/3307 3340/3340/3340 3308/3308/3308
f 3340/3340/3340 3341/3341/3341 3308/3308/3308
f 3308/3308/3308 3341/3341/3341 3309/3309/3309
f 3341/3341/3341 3342/3342/3342 3309/3309/3309
f 3309/3309/3309 3342/3342/3342 3310/3310/3310
f 3342/3342/3342 3343/3343/3343 3310/3310/3310
f 3310/3310/3310 3343/3343/3343 3311/3311/3311
f 3343/3343/3343 3344/3344/3344 3311/3311/3311
f 3311/3311/3311 3344/3344/3344 3312/3312/3312
f 3344/3344/3344 3345/3345/3345 3312/3312/3312
f 3312/3312/3312 3345/3345/3345 3313/3313/3313
f 3345/3345/3345 3346/3346/3346 3313/3313/3313
f 3313/3313/3313 3346/3346/3346 3314/3314/3314
f 3346/3346/3346 3347/3347/3347 3314/3314/3314
f 3314/3314/3314 3347/3347/3347 3315/3315/3315
f 3347/3347/3347 3348/3348/3348 3315/3315/3315
f 3315/3315/3315 3348/3348/3348 3316/3316/3316
f 3348/3348/3348 3349/3349/3349 3316/3316/3316
f 3316/3316/3316 3349/3349/3349 3317/3317/3317
f 3349/3349/3349 3350/3350/3350 3317/3317/3317
f 3317/3317/3317 3350/3350/3350 3318/3318/3318
f 3350/3350/3350 3351/3351/3351 3318/3318/3318
f 3318/3318/3318 3351/3351/3351 3319/3319/3319
f 3351/3351/3351 3352/3352/3352 3319/3319/3319
f 3319/3319/3319 3352/3352/3352 3320/3320/3320
f 3352/3352/3352 3353/3353/3353 3320/3320/3320
f 3320/3320/3320 3353/3353/3353 3321/3321/3321
f 3353/3353/3353 3354/3354/3354 3321/3321/3321
f 3321/3321/3321 3354/3354/3354 3322/3322/3322
f 3354/3354/3354 3355/3355/3355 3322/3322/3322
f 3322/3322/3322 3355/3355/3355 3323/3323/3323
f 3355/3355/3355 3356/3356/3356 3323/3323/3323
f 3323/3323/3323 3356/3356/3356 3324/3324/3324
f 3356/3356/3356 3357/3357/3357 3324/3324/3324
f 3324/3324/3324 3357/3357/3357 3325/3325/3325
f 3357/3357/3357 3358/3358/3358 3325/3325/3325
f 3325/3325/3325 3358/3358/3358 3326/3326/3326
f 3358/3358/3358 3359/3359/3359 3326/3326/3326
f 3326/3326/3326 3359/3359/3359 3327/3327/3327
f 3359/3359/3359 3360/3360/3360 3327/3327/3327
f 3327/3327/3327 3360/3360/3360 3328/3328/3328
f 3360/3360/3360 3361/3361/3361 3328/3328/3328
f 3328/3328/3328 3361/3361/3361 3329/3329/3329
f 3361/3361/3361 3362/3362/3362 3329/3329/3329
f 3329/3329/3329 3362/3362/3362 3330/3330/3330
f 3362/3362/3362 3363/3363/3363 3330/3330/3330
f 3330/3330/3330 3363/3363/3363 3331/3331/3331
f 3363/3363/3363 3364/3364/3364 3331/3331/3331
f 3331/3331/3331 3364/3364/3364 3332/3332/3332
f 3364/3364/3364 3365/3365/3365 3332/3332/3332
f 3332/3332/3332 3365/3365/3365 3333/3333/3333
f 3365/3365/3365 3366/3366/3366 3333/3333/3333
f 3334/3334/3334 3367/3367/3367 3335/3335/3335
f 3367/3367/3367 3368/3368/3368 3335/3335/3335
f 3335/3335/3335 3368/3368/3368 3336/3336/3336
f 3368/3368/3368 3369/3369/3369 3336/3336/3336
f 3336/3336/3336 3369/3369/3369 3337/3337/3337
f 3369/3369/3369 3370/3370/3370 3337/3337/3337
f 3337/3337/3337 3370/3370/3370 3338/3338/3338
f 3370/3370/3370 3371/3371/3371 3338/3338/3338
f 3338/3338/3338 3371/3371/3371 3339/3339/3339
f 3371/3371/3371 3372/3372/3372 3339/3339/3339
f 3339/3339/3339 3372/3372/3372 3340/3340/3340
f 3372/3372/3372 3373/3373/3373 3340/3340/3340
f 3340/3340/3340 3373/3373/3373 3341/3341/3341
f 3373/3373/3373 3374/3374/3374 3341/3341/3341
f 3341/3341/3341 3374/3374/3374 3342/3342/3342
f 3374/3374/3374 3375/3375/3375 3342/3342/3342
f 3342/3342/3342 3375/3375/3375 3343/3343/3343
f 3375/3375/3375 3376/3376/3376 3343/3343/3343
f 3343/3343/3343 3376/3376/3376 3344/3344/3344
f 3376/3376/3376 3377/3377/3377 3344/3344/3344
f 3344/3344/3344 3377/3377/3377 3345/3345/3345
f 3377/3377/3377 3378/3378/3378 3345/3345/3345
f 3345/3345/3345 3378/3378/3378 3346/3346/3346
f 3378/3378/3378 3379/3379/3379 3346/3346/3346
f 3346/3346/3346 3379/3379/3379 3347/3347/3347
f 3379/3379/3379 3380/3380/3380 3347/3347/3347
f 3347/3347/3347 3380/3380/3380 3348/3348/3348
f 3380/3380/3380 3381/3381/3381 3348/3348/3348
f 3348/3348/3348 3381/3381/3381 3349/3349/3349
f 3381/3381/3381 3382/3382/3382 3349/3349/3349
f 3349/3349/3349 3382/3382/3382 3350/3350/3350
f 3382/3382/3382 3383/3383/3383 3350/3350/3350
f 3350/3350/3350 3383/3383/3383 3351/3351/3351
f 3383/3383/3383 3384/3384/3384 3351/3351/3351
f 3351/3351/3351 3384/3384/3384 3352/3352/3352
f 3384/3384/3384 3385/3385/3385 3352/3352/3352
f 3352/3352/3352 3385/3385/3385 3353/3353/3353
f 3385/3385/3385 3386/3386/3386 3353/3353/3353
f 3353/3353/3353 3386/3386/3386 3354/3354/3354
f 3386/3386/3386 3387/3387/3387 3354/3354/3354
f 3354/3354/3354 3387/3387/3387 3355/3355/3355
f 3387/3387/3387 3388/3388/3388 3355/3355/3355
f 3355/3355/3355 3388/3388/3388 3356/3356/3356
f 3388/3388/3388 3389/3389/3389 3356/3356/3356
f 3356/3356/3356 3389/3389/3389 3357/3357/3357
f 3389/3389/3389 3390/3390/3390 3357/3357/3357
f 3357/3357/3357 3390/3390/3390 3358/3358/3358
f 3390/3390/3390 3391/3391/3391 3358/3358/3358
f 3358/3358/3358 3391/3391/3391 3359/3359/3359
f 3391/3391/3391 3392/3392/3392 3359/3359/3359
f 3359/3359/3359 3392/3392/3392 3360/3360/3360
f 3392/3392/3392 3393/3393/3393 3360/3360/3360
f 3360/3360/3360 3393/3393/3393 3361/3361/3361
f 3393/3393/3393 3394/3394/3394 3361/3361/3361
f 3361/3361/3361 3394/3394/3394 3362/3362/3362
f 3394/3394/3394 3395/3395/3395 3362/3362/3362
f 3362/3362/3362 3395/3395/3395 3363/3363/3363
f 3395/3395/3395 3396/3396/3396 3363/3363/3363
f 3363/3363/3363 3396/3396/3396 3364/3364/3364
f 3396/3396/3396 3397/3397/3397 3364/3364/3364
f 3364/3364/3364 3397/3397/3397 3365/3365/3365
f 3397/3397/3397 3398/3398/3398 3365/3365/3365
f 3365/3365/3365 3398/3398/3398 3366/3366/3366
f 3398/3398/3398 3399/3399/3399 3366/3366/3366
f 3367/3367/3367 3400/3400/3400 3368/3368/3368
f 3400/3400/3400 3401/3401/3401 3368/3368/3368
f 3368/3368/3368 3401/3401/3401 3369/3369/3369
f 3401/3401/3401 3402/3402/3402 3369/3369/3369
f 3369/3369/3369 3402/3402/3402 3370/3370/3370
f 3402/3402/3402 3403/3403/3403 3370/3370/3370
f 3370/3370/3370 3403/3403/3403 3371/3371/3371
f 3403/3403/3403 3404/3404/3404 3371/3371/3371
f 3371/3371/3371 3404/3404/3404 3372/3372/3372
f 3404/3404/3404 3405/3405/3405 3372/3372/3372
f 3372/3372/3372 3405/3405/3405 3373/3373/3373
f 3405/3405/3405 3406/3406/3406 3373/3373/3373
f 3373/3373/3373 3406/3406/3406 3374/3374/3374
f 3406/3406/3406 3407/3407/3407 3374/3374/3374
f 3374/3374/3374 3407/3407/3407 3375/3375/3375
f 3407/3407/3407 3408/3408/3408 3375/3375/3375
f 3375/3375/3375 3408/3408/3408 3376/3376/3376
f 3408/3408/3408 3409/3409/3409 3376/3376/3376
f 3376/3376/3376 3409/3409/3409 3377/3377/3377
f 3409/3409/3409 3410/3410/3410 3377/3377/3377
f 3377/3377/3377 3410/3410/3410 3378/3378/3378
f 3410/3410/3410 3411/3411/3411 3378/3378/3378
f 3378/3378/3378 3411/3411/3411 3379/3379/3379
f 3411/3411/3411 3412/3412/3412 3379/3379/3379
f 3379/3379/3379 3412/3412/3412 3380/3380/3380
f 3412/3412/3412 3413/3413/3413 3380/3380/3380
f 3380/3380/3380 3413/3413/3413 3381/3381/3381
f 3413/3413/3413 3414/3414/3414 3381/3381/3381
f 3381/3381/3381 3414/3414/3414 3382/3382/3382
f 3414/3414/3414 3415/3415/3415 3382/3382/3382
f 3382/3382/3382 3415/3415/3415 3383/3383/3383
f 3415/3415/3415 3416/3416/3416 3383/3383/3383
f 3383/3383/3383 3416/3416/3416 3384/3384/3384
f 3416/3416/3416 3417/3417/3417 3384/3384/3384
f 3384/3384/3384 3417/3417/3417 3385/3385/3385
f 3417/3417/3417 3418/3418/3418 3385/3385/3385
f 3385/3385/3385 3418/3418/3418 3386/3386/3386
f 3418/3418/3418 3419/3419/3419 3386/3386/3386
f 3386/3386/3386 3419/3419/3419 3387/3387/3387
f 3419/3419/3419 3420/3420/3420 3387/3387/3387
f 3387/3387/3387 3420/3420/3420 3388/3388/3388
f 3420/3420/3420 3421/3421/3421 3388/3388/3388
f 3388/3388/3388 3421/3421/3421 3389/3389/3389
f 3421/3421/3421 3422/3422/3422 3389/3389/3389
f 3389/3389/3389 3422/3422/3422 3390/3390/3390
f 3422/3422/3422 3423/3423/3423 3390/3390/3390
f 3390/3390/3390 3423/3423/3423 3391/3391/3391
f 3423/3423/3423 3424/3424/3424 3391/3391/3391
f 3391/3391/3391 3424/3424/3424 3392/3392/3392
f 3424/3424/3424 3425/3425/3425 3392/3392/3392
f 3392/3392/3392 3425/3425/3425 3393/3393/3393
f 3425/3425/3425 3426/3426/3426 3393/3393/3393
f 3393/3393/3393 3426/3426/3426 3394/3394/3394
f 3426/3426/3426 3427/3427/3427 3394/3394/3394
f 3394/3394/3394 3427/3427/3427 3395/3395/3395
f 3427/3427/3427 3428/3428/3428 3395/3395/3395
f 3395/3395/3395 3428/3428/3428 3396/3396/3396
f 3428/3428/3428 3429/3429/3429 3396/3396/3396
f 3396/3396/3396 3429/3429/3429 3397/3397/3397
f 3429/3429/3429 3430/3430/3430 3397/3397/3397
f 3397/3397/3397 3430/3430/3430 3398/3398/3398
f 3430/3430/3430 3431/3431/3431 3398/3398/3398
f 3398/3398/3398 3431/3431/3431 3399/3399/3399
f 3431/3431/3431 3432/3432/3432 3399/3399/3399
f 3400/3400/3400 3433/3433/3433 3401/3401/3401
f 3433/3433/3433 3434/3434/3434 3401/3401/3401
f 3401/3401/3401 3434/3434/3434 3402/3402/3402
f 3434/3434/3434 3435/3435/3435 3402/3402/3402
f 3402/3402/3402 3435/3435/3435 3403/3403/3403
f 3435/3435/3435 3436/3436/3436 3403/3403/3403
f 3403/3403/3403 3436/3436/3436 3404/3404/3404
f 3436/3436/3436 3437/3437/3437 3404/3404/3404
f 3404/3404/3404 3437/3437/3437 3405/3405/3405
f 3437/3437/3437 3438/3438/3438 3405/3405/3405
f 3405/3405/3405 3438/3438/3438 3406/3406/3406
f 3438/3438/3438 3439/3439/3439 3406/3406/3406
f 3406/3406/3406 3439/3439/3439 3407/3407/3407
f 3439/3439/3439 3440/3440/3440 3407/3407/3407
f 3407/3407/3407 3440/3440/3440 3408/3408/3408
f 3440/3440/3440 3441/3441/3441 3408/3408/3408
f 3408/3408/3408 3441/3441/3441 3409/3409/3409
f 3441/3441/3441 3442/3442/3442 3409/3409/3409
f 3409/3409/3409 3442/3442/3442 3410/3410/3410
f 3442/3442/3442 3443/3443/3443 3410/3410/3410
f 3410/3410/3410 3443/3443/3443 3411/3411/3411
f 3443/3443/3443 3444/3444/3444 3411/3411/3411
f 3411/3411/3411 3444/3444/3444 3412/3412/3412
f 3444/3444/3444 3445/3445/3445 3412/3412/3412
f 3412/3412/3412 3445/3445/3445 3413/3413/3413
f 3445/3445/3445 3446/3446/3446 3413/3413/3413
f 3413/3413/3413 3446/3446/3446 3414/3414/3414
f 3446/3446/3446 3447/3447/3447 3414/3414/3414
f 3414/3414/3414 3447/3447/3447 3415/3415/3415
f 3447/3447/3447 3448/3448/3448 3415/3415/3415
f 3415/3415/3415 3448/3448/3448 3416/3416/3416
f 3448/3448/3448 3449/3449/3449 3416/3416/3416
f 3416/3416/3416 3449/3449/3449 3417/3417/3417
f 3449/3449/3449 3450/3450/3450 3417/3417/3417
f 3417/3417/3417 3450/3450/3450 3418/3418/3418
f 3450/3450/3450 3451/3451/3451 3418/3418/3418
f 3418/3418/3418 3451/3451/3451 3419/3419/3419
f 3451/3451/3451 3452/3452/3452 3419/3419/3419
f 3419/3419/3419 3452/3452/3452 3420/3420/3420
f 3452/3452/3452 3453/3453/3453 3420/3420/3420
f 3420/3420/3420 3453/3453/3453 3421/3421/3421
f 3453/3453/3453 3454/3454/3454 3421/3421/3421
f 3421/3421/3421 3454/3454/3454 3422/3422/3422
f 3454/3454/3454 3455/3455/3455 3422/3422/3422
f 3422/3422/3422 3455/3455/3455 3423/3423/3423
f 3455/3455/3455 3456/3456/3456 3423/3423/3423
f 3423/3423/3423 3456/3456/3456 3424/3424/3424
f 3456/3456/3456 3457/3457/3457 3424/3424/3424
f 3424/3424/3424 3457/3457/3457 3425/3425/3425
f 3457/3457/3457 3458/3458/3458 3425/3425/3425
f 3425/3425/3425 3458/3458/3458 3426/3426/3426
f 3458/3458/3458 3459/3459/3459 3426/3426/3426
f 3426/3426/3426 3459/3459/3459 3427/3427/3427
f 3459/3459/3459 3460/3460/3460 3427/3427/3427
f 3427/3427/3427 3460/3460/3460 3428/3428/3428
f 3460/3460/3460 3461/3461/3461 3428/3428/3428
f 3428/3428/3428 3461/3461/3461 3429/3429/3429
f 3461/3461/3461 3462/3462/3462 3429/3429/3429
f 3429/3429/3429 3462/3462/3462 3430/3430/3430
f 3462/3462/3462 3463/3463/3463 3430/3430/3430
f 3430/3430/3430 3463/3463/3463 3431/3431/3431
f 3463/3463/3463 3464/3464/3464 3431/3431/3431
f 3431/3431/3431 3464/3464/3464 3432/3432/3432
f 3464/3464/3464 3465/3465/3465 3432/3432/3432
f 3433/3433/3433 3466/3466/3466 3434/3434/3434
f 3466/3466/3466 3467/3467/3467 3434/3434/3434
f 3434/3434/3434 3467/3467/3467 3435/3435/3435
f 3467/3467/3467 3468/3468/3468 3435/3435/3435
f 3435/3435/3435 3468/3468/3468 3436/3436/3436
f 3468/3468/3468 3469/3469/3469 3436/3436/3436
f 3436/3436/3436 3469/3469/3469 3437/3437/3437
f 3469/3469/3469 3470/3470/3470 3437/3437/3437
f 3437/3437/3437 3470/3470/3470 3438/3438/3438
f 3470/3470/3470 3471/3471/3471 3438/3438/3438
f 3438/3438/3438 3471/3471/3471 3439/3439/3439
f 3471/3471/3471 3472/3472/3472 3439/3439/3439
f 3439/3439/3439 3472/3472/3472 3440/3440/3440
f 3472/3472/3472 3473/3473/3473 3440/3440/3440
f 3440/3440/3440 3473/3473/3473 3441/3441/3441
f 3473/3473/3473 3474/3474/3474 3441/3441/3441
f 3441/3441/3441 3474/3474/3474 3442/3442/3442
f 3474/3474/3474 3475/3475/3475 3442/3442/3442
f 3442/3442/3442 3475/3475/3475 3443/3443/3443
f 3475/3475/3475 3476/3476/3476 3443/3443/3443
f 3443/3443/3443 3476/3476/3476 3444/3444/3444
f 3476/3476/3476 3477/3477/3477 3444/3444/3444
f 3444/3444/3444 3477/3477/3477 3445/3445/3445
f 3477/3477/3477 3478/3478/3478 3445/3445/3445
f 3445/3445/3445 3478/3478/3478 3446/3446/3446
f 3478/3478/3478 3479/3479/3479 3446/3446/3446
f 3446/3446/3446 3479/3479/3479 3447/3447/3447
f 3479/3479/3479 3480/3480/3480 3447/3447/3447
f 3447/3447/3447 3480/3480/3480 3448/3448/3448
f 3480/3480/3480 3481/3481/3481 3448/3448/3448
f 3448/3448/3448 3481/3481/3481 3449/3449/3449
f 3481/3481/3481 3482/3482/3482 3449/3449/3449
f 3449/3449/3449 3482/3482/3482 3450/3450/3450
f 3482/3482/3482 3483/3483/3483 3450/3450/3450
f 3450/3450/3450 3483/3483/3483 3451/3451/3451
f 3483/3483/3483 3484/3484/3484 3451/3451/3451
f 3451/3451/3451 3484/3484/3484 3452/3452/3452
f 3484/3484/3484 3485/3485/3485 3452/3452/3452
f 3452/3452/3452 3485/3485/3485 3453/3453/3453
f 3485/3485/3485 3486/3486/3486 3453/3453/3453
f 3453/3453/3453 3486/3486/3486 3454/3454/3454
f 3486/3486/3486 3487/3487/3487 3454/3454/3454
f 3454/3454/3454 3487/3487/3487 3455/3455/3455
f 3487/3487/3487 3488/3488/3488 3455/3455/3455
f 3455/3455/3455 3488/3488/3488 3456/3456/3456
f 3488/3488/3488 3489/3489/3489 3456/3456/3456
f 3456/3456/3456 3489/3489/3489 3457/3457/3457
f 3489/3489/3489 3490/3490/3490 3457/3457/3457
f 3457/3457/3457 3490/3490/3490 3458/3458/3458
f 3490/3490/3490 3491/3491/3491 3458/3458/3458
f 3458/3458/3458 3491/3491/3491 3459/3459/3459
f 3491/3491/3491 3492/3492/3492 3459/3459/3459
f 3459/3459/3459 3492/3492/3492 3460/3460/3460
f 3492/3492/3492 3493/3493/3493 3460/3460/3460
f 3460/3460/3460 3493/3493/3493 3461/3461/3461
f 3493/3493/3493 3494/3494/3494 3461/3461/3461
f 3461/3461/3461 3494/3494/3494 3462/3462/3462
f 3494/3494/3494 3495/3495/3495 3462/3462/3462
f 3462/3462/3462 3495/3495/3495 3463/3463/3463
f 3495/3495/3495 3496/3496/3496 3463/3463/3463
f 3463/3463/3463 3496/3496/3496 3464/3464/3464
f 3496/3496/3496 3497/3497/3497 3464/3464/3464
f 3464/3464/3464 3497/3497/3497 3465/3465/3465
f 3497/3497/3497 3498/3498/3498 3465/3465/3465
f 3466/3466/3466 3499/3499/3499 3467/3467/3467
f 3499/3499/3499 3500/3500/3500 3467/3467/3467
f 3467/3467/3467 3500/3500/3500 3468/3468/3468
f 3500/3500/3500 3501/3501/3501 3468/3468/3468
f 3468/3468/3468 3501/3501/3501 3469/3469/3469
f 3501/3501/3501 3502/3502/3502 3469/3469/3469
f 3469/3469/3469 3502/3502/3502 3470/3470/3470
f 3502/3502/3502 3503/3503/3503 3470/3470/3470
f 3470/3470/3470 3503/3503/3503 3471/3471/3471
f 3503/3503/3503 3504/3504/3504 3471/3471/3471
f 3471/3471/3471 3504/3504/3504 3472/3472/3472
f 3504/3504/3504 3505/3505/3505 3472/3472/3472
f 3472/3472/3472 3505/3505/3505 3473/3473/3473
f 3505/3505/3505 3506/3506/3506 3473/3473/3473
f 3473/3473/3473 3506/3506/3506 3474/3474/3474
f 3506/3506/3506 3507/3507/3507 3474/3474/3474
f 3474/3474/3474 3507/3507/3507 3475/3475/3475
f 3507/3507/3507 3508/3508/3508 3475/3475/3475
f 3475/3475/3475 3508/3508/3508 3476/3476/3476
f 3508/3508/3508 3509/3509/3509 3476/3476/3476
f 3476/3476/3476 3509/3509/3509 3477/3477/3477
f 3509/3509/3509 3510/3510/3510 3477/3477/3477
f 3477/3477/3477 3510/3510/3510 3478/3478/3478
f 3510/3510/3510 3511/3511/3511 3478/3478/3478
f 3478/3478/3478 3511/3511/3511 3479/3479/3479
f 3511/3511/3511 3512/3512/3512 3479/3479/3479
f 3479/3479/3479 3512/3512/3512 3480/3480/3480
f 3512/3512/3512 3513/3513/3513 3480/3480/3480
f 3480/3480/3480 3513/3513/3513 3481/3481/3481
f 3513/3513/3513 3514/3514/3514 3481/3481/3481
f 3481/3481/3481 3514/3514/3514 3482/3482/3482
f 3514/3514/3514 3515/3515/3515 3482/3482/3482
f 3482/3482/3482 3515/3515/3515 3483/3483/3483
f 3515/3515/3515 3516/3516/3516 3483/3483/3483
f 3483/3483/3483 3516/3516/3516 3484/3484/3484
f 3516/3516/3516 3517/3517/3517 3484/3484/3484
f 3484/3484/3484 3517/3517/3517 3485/3485/3485
f 3517/3517/3517 3518/3518/3518 3485/3485/3485
f 3485/3485/3485 3518/3518/3518 3486/3486/3486
f 3518/3518/3518 3519/3519/3519 3486/3486/3486
f 3486/3486/3486 3519/3519/3519 3487/3487/3487
f 3519/3519/3519 3520/3520/3520 3487/3487/3487
f 3487/3487/3487 3520/3520/3520 3488/3488/3488
f 3520/3520/3520 3521/3521/3521 3488/3488/3488
f 3488/3488/3488 3521/3521/3521 3489/3489/3489
f 3521/3521/3521 3522/3522/3522 3489/3489/3489
f 3489/3489/3489 3522/3522/3522 3490/3490/3490
f 3522/3522/3522 3523/3523/3523 3490/3490/3490
f 3490/3490/3490 3523/3523/3523 3491/3491/3491
f 3523/3523/3523 3524/3524/3524 3491/3491/3491
f 3491/3491/3491 3524/3524/3524 3492/3492/3492
f 3524/3524/3524 3525/3525/3525 3492/3492/3492
f 3492/3492/3492 3525/3525/3525 3493/3493/3493
f 3525/3525/3525 3526/3526/3526 3493/3493/3493
f 3493/3493/3493 3526/3526/3526 3494/3494/3494
f 3526/3526/3526 3527/3527/3527 3494/3494/3494
f 3494/3494/3494 3527/3527/3527 3495/3495/3495
f 3527/3527/3527 3528/3528/3528 3495/3495/3495
f 3495/3495/3495 3528/3528/3528 3496/3496/3496
f 3528/3528/3528 3529/3529/3529 3496/3496/3496
f 3496/3496/3496 3529/3529/3529 3497/3497/3497
f 3529/3529/3529 3530/3530/3530 3497/3497/3497
f 3497/3497/3497 3530/3530/3530 3498/3498/3498
f 3530/3530/3530 3531/3531/3531 3498/3498/3498
f 3499/3499/3499 3532/3532/3532 3500/3500/3500
f 3532/3532/3532 3533/3533/3533 3500/3500/3500
f 3500/3500/3500 3533/3533/3533 3501/3501/3501
f 3533/3533/3533 3534/3534/3534 3501/3501/3501
f 3501/3501/3501 3534/3534/3534 3502/3502/3502
f 3534/3534/3534 3535/3535/3535 3502/3502/3502
f 3502/3502/3502 3535/3535/3535 3503/3503/3503
f 3535/3535/3535 3536/3536/3536 3503/3503/3503
f 3503/3503/3503 3536/3536/3536 3504/3504/3504
f 3536/3536/3536 3537/3537/3537 3504/3504/3504
f 3504/3504/3504 3537/3537/3537 3505/3505/3505
f 3537/3537/3537 3538/3538/3538 3505/3505/3505
f 3505/3505/3505 3538/3538/3538 3506/3506/3506
f 3538/3538/3538 3539/3539/3539 3506/3506/3506
f 3506/3506/3506 3539/3539/3539 3507/3507/3507
f 3539/3539/3539 3540/3540/3540 3507/3507/3507
f 3507/3507/3507 3540/3540/3540 3508/3508/3508
f 3540/3540/3540 3541/3541/3541 3508/3508/3508
f 3508/3508/3508 3541/3541/3541 3509/3509/3509
f 3541/3541/3541 3542/3542/3542 3509/3509/3509
f 3509/3509/3509 3542/3542/3542 3510/3510/3510
f 3542/3542/3542 3543/3543/3543 3510/3510/3510
f 3510/3510/3510 3543/3543/3543 3511/3511/3511
f 3543/3543/3543 3544/3544/3544 3511/3511/3511
f 3511/3511/3511 3544/3544/3544 3512/3512/3512
f 3544/3544/3544 3545/3545/3545 3512/3512/3512
f 3512/3512/3512 3545/3545/3545 3513/3513/3513
f 3545/3545/3545 3546/3546/3546 3513/3513/3513
f 3513/3513/3513 3546/3546/3546 3514/3514/3514
f 3546/3546/3546 3547/3547/3547 3514/3514/3514
f 3514/3514/3514 3547/3547/3547 3515/3515/3515
f 3547/3547/3547 3548/3548/3548 3515/3515/3515
f 3515/3515/3515 3548/3548/3548 3516/3516/3516
f 3548/3548/3548 3549/3549/3549 3516/3516/3516
f 3516/3516/3516 3549/3549/3549 3517/3517/3517
f 3549/3549/3549 3550/3550/3550 3517/3517/3517
f 3517/3517/3517 3550/3550/3550 3518/3518/3518
f 3550/3550/3550 3551/3551/3551 3518/3518/3518
f 3518/3518/3518 3551/3551/3551 3519/3519/3519
f 3551/3551/3551 3552/3552/3552 3519/3519/3519
f 3519/3519/3519 3552/3552/3552 3520/3520/3520
f 3552/3552/3552 3553/3553/3553 3520/3520/3520
f 3520/3520/3520 3553/3553/3553 3521/3521/3521
f 3553/3553/3553 3554/3554/3554 3521/3521/3521
f 3521/3521/3521 3554/3554/3554 3522/3522/3522
f 3554/3554/3554 3555/3555/3555 3522/3522/3522
f 3522/3522/3522 3555/3555/3555 3523/3523/3523
f 3555/3555/3555 3556/3556/3556 3523/3523/3523
f 3523/3523/3523 3556/3556/3556 3524/3524/3524
f 3556/3556/3556 3557/3557/3557 3524/3524/3524
f 3524/3524/3524 3557/3557/3557 3525/3525/3525
f 3557/3557/3557 3558/3558/3558 3525/3525/3525
f 3525/3525/3525 3558/3558/3558 3526/3526/3526
f 3558/3558/3558 3559/3559/3559 3526/3526/3526
f 3526/3526/3526 3559/3559/3559 3527/3527/3527
f 3559/3559/3559 3560/3560/3560 3527/3527/3527
f 3527/3527/3527 3560/3560/3560 3528/3528/3528
f 3560/3560/3560 3561/3561/3561 3528/3528/3528
f 3528/3528/3528 3561/3561/3561 3529/3529/3529
f 3561/3561/3561 3562/3562/3562 3529/3529/3529
f 3529/3529/3529 3562/3562/3562 3530/3530/3530
f 3562/3562/3562 3563/3563/3563 3530/3530/3530
f 3530/3530/3530 3563/3563/3563 3531/3531/3531
f 3563/3563/3563 3564/3564/3564 3531/3531/3531
f 3532/3532/3532 3565/3565/3565 3533/3533/3533
f 3565/3565/3565 3566/3566/3566 3533/3533/3533
f 3533/3533/3533 3566/3566/3566 3534/3534/3534
f 3566/3566/3566 3567/3567/3567 3534/3534/3534
f 3534/3534/3534 3567/3567/3567 3535/3535/3535
f 3567/3567/3567 3568/3568/3568 3535/3535/3535
f 3535/3535/3535 3568/3568/3568 3536/3536/3536
f 3568/3568/3568 3569/3569/3569 3536/3536/3536
f 3536/3536/3536 3569/3569/3569 3537/3537/3537
f 3569/3569/3569 3570/3570/3570 3537/3537/3537
f 3537/3537/3537 3570/3570/3570 3538/3538/3538
f 3570/3570/3570 3571/3571/3571 3538/3538/3538
f 3538/3538/3538 3571/3571/3571 3539/3539/3539
f 3571/3571/3571 3572/3572/3572 3539/3539/3539
f 3539/3539/3539 3572/3572/3572 3540/3540/3540
f 3572/3572/3572 3573/3573/3573 3540/3540/3540
f 3540/3540/3540 3573/3573/3573 3541/3541/3541
f 3573/3573/3573 3574/3574/3574 3541/3541/3541
f 3541/3541/3541 3574/3574/3574 3542/3542/3542
f 3574/3574/3574 3575/3575/3575 3542/3542/3542
f 3542/3542/3542 3575/3575/3575 3543/3543/3543
f 3575/3575/3575 3576/3576/3576 3543/3543/3543
f 3543/3543/3543 3576/3576/3576 3544/3544/3544
f 3576/3576/3576 3577/3577/3577 3544/3544/3544
f 3544/3544/3544 3577/3577/3577 3545/3545/3545
f 3577/3577/3577 3578/3578/3578 3545/3545/3545
f 3545/3545/3545 3578/3578/3578 3546/3546/3546
f 3578/3578/3578 3579/3579/3579 3546/3546/3546
f 3546/3546/3546 3579/3579/3579 3547/3547/3547
f 3579/3579/3579 3580/3580/3580 3547/3547/3547
f 3547/3547/3547 3580/3580/3580 3548/3548/3548
f 3580/3580/3580 3581/3581/3581 3548/3548/3548
f 3548/3548/3548 3581/3581/3581 3549/3549/3549
f 3581/3581/3581 3582/3582/3582 3549/3549/3549
f 3549/3549/3549 3582/3582/3582 3550/3550/3550
f 3582/3582/3582 3583/3583/3583 3550/3550/3550
f 3550/3550/3550 3583/3583/3583 3551/3551/3551
f 3583/3583/3583 3584/3584/3584 3551/3551/3551
f 3551/3551/3551 3584/3584/3584 3552/3552/3552
f 3584/3584/3584 3585/3585/3585 3552/3552/3552
f 3552/3552/3552 3585/3585/3585 3553/3553/3553
f 3585/3585/3585 3586/3586/3586 3553/3553/3553
f 3553/3553/3553 3586/3586/3586 3554/3554/3554
f 3586/3586/3586 3587/3587/3587 3554/3554/3554
f 3554/3554/3554 3587/3587/3587 3555/3555/3555
f 3587/3587/3587 3588/3588/3588 3555/3555/3555
f 3555/3555/3555 3588/3588/3588 3556/3556/3556
f 3588/3588/3588 3589/3589/3589 3556/3556/3556
f 3556/3556/3556 3589/3589/3589 3557/3557/3557
f 3589/3589/3589 3590/3590/3590 3557/3557/3557
f 3557/3557/3557 3590/3590/3590 3558/3558/3558
f 3590/3590/3590 3591/3591/3591 3558/3558/3558
f 3558/3558/3558 3591/3591/3591 3559/3559/3559
f 3591/3591/3591 3592/3592/3592 3559/3559/3559
f 3559/3559/3559 3592/3592/3592 3560/3560/3560
f 3592/3592/3592 3593/3593/3593 3560/3560/3560
f 3560/3560/3560 3593/3593/3593 3561/3561/3561
f 3593/3593/3593 3594/3594/3594 3561/3561/3561
f 3561/3561/3561 3594/3594/3594 3562/3562/3562
f 3594/3594/3594 3595/3595/3595 3562/3562/3562
f 3562/3562/3562 3595/3595/3595 3563/3563/3563
f 3595/3595/3595 3596/3596/3596 3563/3563/3563
f 3563/3563/3563 3596/3596/3596 3564/3564/3564
f 3596/3596/3596 3597/3597/3597 3564/3564/3564
f 3565/3565/3565 3598/3598/3598 3566/3566/3566
f 3598/3598/3598 3599/3599/3599 3566/3566/3566
f 3566/3566/3566 3599/3599/3599 3567/3567/3567
f 3599/3599/3599 3600/3600/3600 3567/3567/3567
f 3567/3567/3567 3600/3600/3600 3568/3568/3568
f 3600/3600/3600 3601/3601/3601 3568/3568/3568
f 3568/3568/3568 3601/3601/3601 3569/3569/3569
f 3601/3601/3601 3602/3602/3602 3569/3569/3569
f 3569/3569/3569 3602/3602/3602 3570/3570/3570
f 3602/3602/3602 3603/3603/3603 3570/3570/3570
f 3570/3570/3570 3603/3603/3603 3571/3571/3571
f 3603/3603/3603 3604/3604/3604 3571/3571/3571
f 3571/3571/3571 3604/3604/3604 3572/3572/3572
f 3604/3604/3604 3605/3605/3605 3572/3572/3572
f 3572/3572/3572 3605/3605/3605 3573/3573/3573
f 3605/3605/3605 3606/3606/3606 3573/3573/3573
f 3573/3573/3573 3606/3606/3606 3574/3574/3574
f 3606/3606/3606 3607/3607/3607 3574/3574/3574
f 3574/3574/3574 3607/3607/3607 3575/3575/3575
f 3607/3607/3607 3608/3608/3608 3575/3575/3575
f 3575/3575/3575 3608/3608/3608 3576/3576/3576
f 3608/3608/3608 3609/3609/3609 3576/3576/3576
f 3576/3576/3576 3609/3609/3609 3577/3577/3577
f 3609/3609/3609 3610/3610/3610 3577/3577/3577
f 3577/3577/3577 3610/3610/3610 3578/3578/3578
f 3610/3610/3610 3611/3611/3611 3578/3578/3578
f 3578/3578/3578 3611/3611/3611 3579/3579/3579
f 3611/3611/3611 3612/3612/3612 3579/3579/3579
f 3579/3579/3579 3612/3612/3612 3580/3580/3580
f 3612/3612/3612 3613/3613/3613 3580/3580/3580
f 3580/3580/3580 3613/3613/3613 3581/3581/3581
f 3613/3613/3613 3614/3614/3614 3581/3581/3581
f 3581/3581/3581 3614/3614/3614 3582/3582/3582
f 3614/3614/3614 3615/3615/3615 3582/3582/3582
f 3582/3582/3582 3615/3615/3615 3583/3583/3583
f 3615/3615/3615 3616/3616/3616 3583/3583/3583
f 3583/3583/3583 3616/3616/3616 3584/3584/3584
f 3616/3616/3616 3617/3617/3617 3584/3584/3584
f 3584/3584/3584 3617/3617/3617 3585/3585/3585
f 3617/3617/3617 3618/3618/3618 3585/3585/3585
f 3585/3585/3585 3618/3618/3618 3586/3586/3586
f 3618/3618/3618 3619/3619/3619 3586/3586/3586
f 3586/3586/3586 3619/3619/3619 3587/3587/3587
f 3619/3619/3619 3620/3620/3620 3587/3587/3587
f 3587/3587/3587 3620/3620/3620 3588/3588/3588
f 3620/3620/3620 3621/3621/3621 3588/3588/3588
f 3588/3588/3588 3621/3621/3621 3589/3589/3589
f 3621/3621/3621 3622/3622/3622 3589/3589/3589
f 3589/3589/3589 3622/3622/3622 3590/3590/3590
f 3622/3622/3622 3623/3623/3623 3590/3590/3590
f 3590/3590/3590 3623/3623/3623 3591/3591/3591
f 3623/3623/3623 3624/3624/3624 3591/3591/3591
f 3591/3591/3591 3624/3624/3624 3592/3592/3592
f 3624/3624/3624 3625/3625/3625 3592/3592/3592
f 3592/3592/3592 3625/3625/3625 3593/3593/3593
f 3625/3625/3625 3626/3626/3626 3593/3593/3593
f 3593/3593/3593 3626/3626/3626 3594/3594/3594
f 3626/3626/3626 3627/3627/3627 3594/3594/3594
f 3594/3594/3594 3627/3627/3627 3595/3595/3595
f 3627/3627/3627 3628/3628/3628 3595/3595/3595
f 3595/3595/3595 3628/3628/3628 3596/3596/3596
f 3628/3628/3628 3629/3629/3629 3596/3596/3596
f 3596/3596/3596 3629/3629/3629 3597/3597/3597
f 3629/3629/3629 3630/3630/3630 3597/3597/3597
f 3598/3598/3598 3631/3631/3631 3599/3599/3599
f 3631/3631/3631 3632/3632/3632 3599/3599/3599
f 3599/3599/3599 3632/3632/3632 3600/3600/3600
f 3632/3632/3632 3633/3633/3633 3600/3600/3600
f 3600/3600/3600 3633/3633/3633 3601/3601/3601
f 3633/3633/3633 3634/3634/3634 3601/3601/3601
f 3601/3601/3601 3634/3634/3634 3602/3602/3602
f 3634/3634/3634 3635/3635/3635 3602/3602/3602
f 3602/3602/3602 3635/3635/3635 3603/3603/3603
f 3635/3635/3635 3636/3636/3636 3603/3603/3603
f 3603/3603/3603 3636/3636/3636 3604/3604/3604
f 3636/3636/3636 3637/3637/3637 3604/3604/3604
f 3604/3604/3604 3637/3637/3637 3605/3605/3605
f 3637/3637/3637 3638/3638/3638 3605/3605/3605
f 3605/3605/3605 3638/3638/3638 3606/3606/3606
f 3638/3638/3638 3639/3639/3639 3606/3606/3606
f 3606/3606/3606 3639/3639/3639 3607/3607/3607
f 3639/3639/3639 3640/3640/3640 3607/3607/3607
f 3607/3607/3607 3640/3640/3640 3608/3608/3608
f 3640/3640/3640 3641/3641/3641 3608/3608/3608
f 3608/3608/3608 3641/3641/3641 3609/3609/3609
f 3641/3641/3641 3642/3642/3642 3609/3609/3609
f 3609/3609/3609 3642/3642/3642 3610/3610/3610
f 3642/3642/3642 3643/3643/3643 3610/3610/3610
f 3610/3610/3610 3643/3643/3643 3611/3611/3611
f 3643/3643/3643 3644/3644/3644 3611/3611/3611
f 3611/3611/3611 3644/3644/3644 3612/3612/3612
f 3644/3644/3644 3645/3645/3645 3612/3612/3612
f 3612/3612/3612 3645/3645/3645 3613/3613/3613
f 3645/3645/3645 3646/3646/3646 3613/3613/3613
f 3613/3613/3613 3646/3646/3646 3614/3614/3614
f 3646/3646/3646 3647/3647/3647 3614/3614/3614
f 3614/3614/3614 3647/3647/3647 3615/3615/3615
f 3647/3647/3647 3648/3648/3648 3615/3615/3615
f 3615/3615/3615 3648/3648/3648 3616/3616/3616
f 3648/3648/3648 3649/3649/3649 3616/3616/3616
f 3616/3616/3616 3649/3649/3649 3617/3617/3617
f 3649/3649/3649 3650/3650/3650 3617/3617/3617
f 3617/3617/3617 3650/3650/3650 3618/3618/3618
f 3650/3650/3650 3651/3651/3651 3618/3618/3618
f 3618/3618/3618 3651/3651/3651 3619/3619/3619
f 3651/3651/3651 3652/3652/3652 3619/3619/3619
f 3619/3619/3619 3652/3652/3652 3620/3620/3620
f 3652/3652/3652 3653/3653/3653 3620/3620/3620
f 3620/3620/3620 3653/3653/3653 3621/3621/3621
f 3653/3653/3653 3654/3654/3654 3621/3621/3621
f 3621/3621/3621 3654/3654/3654 3622/3622/3622
f 3654/3654/3654 3655/3655/3655 3622/3622/3622
f 3622/3622/3622 3655/3655/3655 3623/3623/3623
f 3655/3655/3655 3656/3656/3656 3623/3623/3623
f 3623/3623/3623 3656/3656/3656 3624/3624/3624
f 3656/3656/3656 3657/3657/3657 3624/3624/3624
f 3624/3624/3624 3657/3657/3657 3625/3625/3625
f 3657/3657/3657 3658/3658/3658 3625/3625/3625
f 3625/3625/3625 3658/3658/3658 3626/3626/3626
f 3658/3658/3658 3659/3659/3659 3626/3626/3626
f 3626/3626/3626 3659/3659/3659 3627/3627/3627
f 3659/3659/3659 3660/3660/3660 3627/3627/3627
f 3627/3627/3627 3660/3660/3660 3628/3628/3628
f 3660/3660/3660 3661/3661/3661 3628/3628/3628
f 3628/3628/3628 3661/3661/3661 3629/3629/3629
f 3661/3661/3661 3662/3662/3662 3629/3629/3629
f 3629/3629/3629 3662/3662/3662 3630/3630/3630
f 3662/3662/3662 3663/3663/3663 3630/3630/3630
f 3631/3631/3631 3664/3664/3664 3632/3632/3632
f 3664/3664/3664 3665/3665/3665 3632/3632/3632
f 3632/3632/3632 3665/3665/3665 3633/3633/3633
f 3665/3665/3665 3666/3666/3666 3633/3633/3633
f 3633/3633/3633 3666/3666/3666 3634/3634/3634
f 3666/3666/3666 3667/3667/3667 3634/3634/3634
f 3634/3634/3634 3667/3667/3667 3635/3635/3635
f 3667/3667/3667 3668/3668/3668 3635/3635/3635
f 3635/3635/3635 3668/3668/3668 3636/3636/3636
f 3668/3668/3668 3669/3669/3669 3636/3636/3636
f 3636/3636/3636 3669/3669/3669 3637/3637/3637
f 3669/3669/3669 3670/3670/3670 3637/3637/3637
f 3637/3637/3637 3670/3670/3670 3638/3638/3638
f 3670/3670/3670 3671/3671/3671 3638/3638/3638
f 3638/3638/3638 3671/3671/3671 3639/3639/3639
f 3671/3671/3671 3672/3672/3672 3639/3639/3639
f 3639/3639/3639 3672/3672/3672 3640/3640/3640
f 3672/3672/3672 3673/3673/3673 3640/3640/3640
f 3640/3640/3640 3673/3673/3673 3641/3641/3641
f 3673/3673/3673 3674/3674/3674 3641/3641/3641
f 3641/3641/3641 3674/3674/3674 3642/3642/3642
f 3674/3674/3674 3675/3675/3675 3642/3642/3642
f 3642/3642/3642 3675/3675/3675 3643/3643/3643
f 3675/3675/3675 3676/3676/3676 3643/3643/3643
f 3643/3643/3643 3676/3676/3676 3644/3644/3644
f 3676/3676/3676 3677/3677/3677 3644/3644/3644
f 3644/3644/3644 3677/3677/3677 3645/3645/3645
f 3677/3677/3677 3678/3678/3678 3645/3645/3645
f 3645/3645/3645 3678/3678/3678 3646/3646/3646
f 3678/3678/3678 3679/3679/3679 3646/3646/3646
f 3646/3646/3646 3679/3679/3679 3647/3647/3647
f 3679/3679/3679 3680/3680/3680 3647/3647/3647
f 3647/3647/3647 3680/3680/3680 3648/3648/3648
f 3680/3680/3680 3681/3681/3681 3648/3648/3648
f 3648/3648/3648 3681/3681/3681 3649/3649/3649
f 3681/3681/3681 3682/3682/3682 3649/3649/3649
f 3649/3649/3649 3682/3682/3682 3650/3650/3650
f 3682/3682/3682 3683/3683/3683 3650/3650/3650
f 3650/3650/3650 3683/3683/3683 3651/3651/3651
f 3683/3683/3683 3684/3684/3684 3651/3651/3651
f 3651/3651/3651 3684/3684/3684 3652/3652/3652
f 3684/3684/3684 3685/3685/3685 3652/3652/3652
f 3652/3652/3652 3685/3685/3685 3653/3653/3653
f 3685/3685/3685 3686/3686/3686 3653/3653/3653
f 3653/3653/3653 3686/3686/3686 3654/3654/3654
f 3686/3686/3686 3687/3687/3687 3654/3654/3654
f 3654/3654/3654 3687/3687/3687 3655/3655/3655
f 3687/3687/3687 3688/3688/3688 3655/3655/3655
f 3655/3655/3655 3688/3688/3688 3656/3656/3656
f 3688/3688/3688 3689/3689/3689 3656/3656/3656
f 3656/3656/3656 3689/3689/3689 3657/3657/3657
f 3689/3689/3689 3690/3690/3690 3657/3657/3657
f 3657/3657/3657 3690/3690/3690 3658/3658/3658
f 3690/3690/3690 3691/3691/3691 3658/3658/3658
f 3658/3658/3658 3691/3691/3691 3659/3659/3659
f 3691/3691/3691 3692/3692/3692 3659/3659/3659
f 3659/3659/3659 3692/3692/3692 3660/3660/3660
f 3692/3692/3692 3693/3693/3693 3660/3660/3660
f 3660/3660/3660 3693/3693/3693 3661/3661/3661
f 3693/3693/3693 3694/3694/3694 3661/3661/3661
f 3661/3661/3661 3694/3694/3694 3662/3662/3662
f 3694/3694/3694 3695/3695/3695 3662/3662/3662
f 3662/3662/3662 3695/3695/3695 3663/3663/3663
f 3695/3695/3695 3696/3696/3696 3663/3663/3663
f 3664/3664/3664 3697/3697/3697 3665/3665/3665
f 3697/3697/3697 3698/3698/3698 3665/3665/3665
f 3665/3665/3665 3698/3698/3698 3666/3666/3666
f 3698/3698/3698 3699/3699/3699 3666/3666/3666
f 3666/3666/3666 3699/3699/3699 3667/3667/3667
f 3699/3699/3699 3700/3700/3700 3667/3667/3667
f 3667/3667/3667 3700/3700/3700 3668/3668/3668
f 3700/3700/3700 3701/3701/3701 3668/3668/3668
f 3668/3668/3668 3701/3701/3701 3669/3669/3669
f 3701/3701/3701 3702/3702/3702 3669/3669/3669
f 3669/3669/3669 3702/3702/3702 3670/3670/3670
f 3702/3702/3702 3703/3703/3703 3670/3670/3670
f 3670/3670/3670 3703/3703/3703 3671/3671/3671
f 3703/3703/3703 3704/3704/3704 3671/3671/3671
f 3671/3671/3671 3704/3704/3704 3672/3672/3672
f 3704/3704/3704 3705/3705/3705 3672/3672/3672
f 3672/3672/3672 3705/3705/3705 3673/3673/3673
f 3705/3705/3705 3706/3706/3706 3673/3673/3673
f 3673/3673/3673 3706/3706/3706 3674/3674/3674
f 3706/3706/3706 3707/3707/3707 3674/3674/3674
f 3674/3674/3674 3707/3707/3707 3675/3675/3675
f 3707/3707/3707 3708/3708/3708 3675/3675/3675
f 3675/3675/3675 3708/3708/3708 3676/3676/3676
f 3708/3708/3708 3709/3709/3709 3676/3676/3676
f 3676/3676/3676 3709/3709/3709 3677/3677/3677
f 3709/3709/3709 3710/3710/3710 3677/3677/3677
f 3677/3677/3677 3710/3710/3710 3678/3678/3678
f 3710/3710/3710 3711/3711/3711 3678/3678/3678
f 3678/3678/3678 3711/3711/3711 3679/3679/3679
f 3711/3711/3711 3712/3712/3712 3679/3679/3679
f 3679/3679/3679 3712/3712/3712 3680/3680/3680
f 3712/3712/3712 3713/3713/3713 3680/3680/3680
f 3680/3680/3680 3713/3713/3713 3681/3681/3681
f 3713/3713/3713 3714/3714/3714 3681/3681/3681
f 3681/3681/3681 3714/3714/3714 3682/3682/3682
f 3714/3714/3714 3715/3715/3715 3682/3682/3682
f 3682/3682/3682 3715/3715/3715 3683/3683/3683
f 3715/3715/3715 3716/3716/3716 3683/3683/3683
f 3683/3683/3683 3716/3716/3716 3684/3684/3684
f 3716/3716/3716 3717/3717/3717 3684/3684/3684
f 3684/3684/3684 3717/3717/3717 3685/3685/3685
f 3717/3717/3717 3718/3718/3718 3685/3685/3685
f 3685/3685/3685 3718/3718/3718 3686/3686/3686
f 3718/3718/3718 3719/3719/3719 3686/3686/3686
f 3686/3686/3686 3719/3719/3719 3687/3687/3687
f 3719/3719/3719 3720/3720/3720 3687/3687/3687
f 3687/3687/3687 3720/3720/3720 3688/3688/3688
f 3720/3720/3720 3721/3721/3721 3688/3688/3688
f 3688/3688/3688 3721/3721/3721 3689/3689/3689
f 3721/3721/3721 3722/3722/3722 3689/3689/3689
f 3689/3689/3689 3722/3722/3722 3690/3690/3690
f 3722/3722/3722 3723/3723/3723 3690/3690/3690
f 3690/3690/3690 3723/3723/3723 3691/3691/3691
f 3723/3723/3723 3724/3724/3724 3691/3691/3691
f 3691/3691/3691 3724/3724/3724 3692/3692/3692
f 3724/3724/3724 3725/3725/3725 3692/3692/3692
f 3692/3692/3692 3725/3725/3725 3693/3693/3693
f 3725/3725/3725 3726/3726/3726 3693/3693/3693
f 3693/3693/3693 3726/3726/3726 3694/3694/3694
f 3726/3726/3726 3727/3727/3727 3694/3694/3694
f 3694/3694/3694 3727/3727/3727 3695/3695/3695
f 3727/3727/3727 3728/3728/3728 3695/3695/3695
f 3695/3695/3695 3728/3728/3728 3696/3696/3696
f 3728/3728/3728 3729/3729/3729 3696/3696/3696
f 3697/3697/3697 3730/3730/3730 3698/3698/3698
f 3730/3730/3730 3731/3731/3731 3698/3698/3698
f 3698/3698/3698 3731/3731/3731 3699/3699/3699
f 3731/3731/3731 3732/3732/3732 3699/3699/3699
f 3699/3699/3699 3732/3732/3732 3700/3700/3700
f 3732/3732/3732 3733/3733/3733 3700/3700/3700
f 3700/3700/3700 3733/3733/3733 3701/3701/3701
f 3733/3733/3733 3734/3734/3734 3701/3701/3701
f 3701/3701/3701 3734/3734/3734 3702/3702/3702
f 3734/3734/3734 3735/3735/3735 3702/3702/3702
f 3702/3702/3702 3735/3735/3735 3703/3703/3703
f 3735/3735/3735 3736/3736/3736 3703/3703/3703
f 3703/3703/3703 3736/3736/3736 3704/3704/3704
f 3736/3736/3736 3737/3737/3737 3704/3704/3704
f 3704/3704/3704 3737/3737/3737 3705/3705/3705
f 3737/3737/3737 3738/3738/3738 3705/3705/3705
f 3705/3705/3705 3738/3738/3738 3706/3706/3706
f 3738/3738/3738 3739/3739/3739 3706/3706/3706
f 3706/3706/3706 3739/3739/3739 3707/3707/3707
f 3739/3739/3739 3740/3740/3740 3707/3707/3707
f 3707/3707/3707 3740/3740/3740 3708/3708/3708
f 3740/3740/3740 3741/3741/3741 3708/3708/3708
f 3708/3708/3708 3741/3741/3741 3709/3709/3709
f 3741/3741/3741 3742/3742/3742 3709/3709/3709
f 3709/3709/3709 3742/3742/3742 3710/3710/3710
f 3742/3742/3742 3743/3743/3743 3710/3710/3710
f 3710/3710/3710 3743/3743/3743 3711/3711/3711
f 3743/3743/3743 3744/3744/3744 3711/3711/3711
f 3711/3711/3711 3744/3744/3744 3712/3712/3712
f 3744/3744/3744 3745/3745/3745 3712/3712/3712
f 3712/3712/3712 3745/3745/3745 3713/3713/3713
f 3745/3745/3745 3746/3746/3746 3713/3713/3713
f 3713/3713/3713 3746/3746/3746 3714/3714/3714
f 3746/3746/3746 3747/3747/3747 3714/3714/3714
f 3714/3714/3714 3747/3747/3747 3715/3715/3715
f 3747/3747/3747 3748/3748/3748 3715/3715/3715
f 3715/3715/3715 3748/3748/3748 3716/3716/3716
f 3748/3748/3748 3749/3749/3749 3716/3716/3716
f 3716/3716/3716 3749/3749/3749 3717/3717/3717
f 3749/3749/3749 3750/3750/3750 3717/3717/3717
f 3717/3717/3717 3750/3750/3750 3718/3718/3718
f 3750/3750/3750 3751/3751/3751 3718/3718/3718
f 3718/3718/3718 3751/3751/3751 3719/3719/3719
f 3751/3751/3751 3752/3752/3752 3719/3719/3719
f 3719/3719/3719 3752/3752/3752 3720/3720/3720
f 3752/3752/3752 3753/3753/3753 3720/3720/3720
f 3720/3720/3720 3753/3753/3753 3721/3721/3721
f 3753/3753/3753 3754/3754/3754 3721/3721/3721
f 3721/3721/3721 3754/3754/3754 3722/3722/3722
f 3754/3754/3754 3755/3755/3755 3722/3722/3722
f 3722/3722/3722 3755/3755/3755 3723/3723/3723
f 3755/3755/3755 3756/3756/3756 3723/3723/3723
f 3723/3723/3723 3756/3756/3756 3724/3724/3724
f 3756/3756/3756 3757/3757/3757 3724/3724/3724
f 3724/3724/3724 3757/3757/3757 3725/3725/3725
f 3757/3757/3757 3758/3758/3758 3725/3725/3725
f 3725/3725/3725 3758/3758/3758 3726/3726/3726
f 3758/3758/3758 3759/3759/3759 3726/3726/3726
f 3726/3726/3726 3759/3759/3759 3727/3727/3727
f 3759/3759/3759 3760/3760/3760 3727/3727/3727
f 3727/3727/3727 3760/3760/3760 3728/3728/3728
f 3760/3760/3760 3761/3761/3761 3728/3728/3728
f 3728/3728/3728 3761/3761/3761 3729/3729/3729
f 3761/3761/3761 3762/3762/3762 3729/3729/3729
f 3730/3730/3730 3763/3763/3763 3731/3731/3731
f 3763/3763/3763 3764/3764/3764 3731/3731/3731
f 3731/3731/3731 3764/3764/3764 3732/3732/3732
f 3764/3764/3764 3765/3765/3765 3732/3732/3732
f 3732/3732/3732 3765/3765/3765 3733/3733/3733
f 3765/3765/3765 3766/3766/3766 3733/3733/3733
f 3733/3733/3733 3766/3766/3766 3734/3734/3734
f 3766/3766/3766 3767/3767/3767 3734/3734/3734
f 3734/3734/3734 3767/3767/3767 3735/3735/3735
f 3767/3767/3767 3768/3768/3768 3735/3735/3735
f 3735/3735/3735 3768/3768/3768 3736/3736/3736
f 3768/3768/3768 3769/3769/3769 3736/3736/3736
f 3736/3736/3736 3769/3769/3769 3737/3737/3737
f 3769/3769/3769 3770/3770/3770 3737/3737/3737
f 3737/3737/3737 3770/3770/3770 3738/3738/3738
f 3770/3770/3770 3771/3771/3771 3738/3738/3738
f 3738/3738/3738 3771/3771/3771 3739/3739/3739
f 3771/3771/3771 3772/3772/3772 3739/3739/3739
f 3739/3739/3739 3772/3772/3772 3740/3740/3740
f 3772/3772/3772 3773/3773/3773 3740/3740/3740
f 3740/3740/3740 3773/3773/3773 3741/3741/3741
f 3773/3773/3773 3774/3774/3774 3741/3741/3741
f 3741/3741/3741 3774/3774/3774 3742/3742/3742
f 3774/3774/3774 3775/3775/3775 3742/3742/3742
f 3742/3742/3742 3775/3775/3775 3743/3743/3743
f 3775/3775/3775 3776/3776/3776 3743/3743/3743
f 3743/3743/3743 3776/3776/3776 3744/3744/3744
f 3776/3776/3776 3777/3777/3777 3744/3744/3744
f 3744/3744/3744 3777/3777/3777 3745/3745/3745
f 3777/3777/3777 3778/3778/3778 3745/3745/3745
f 3745/3745/3745 3778/3778/3778 3746/3746/3746
f 3778/3778/3778 3779/3779/3779 3746/3746/3746
f 3746/3746/3746 3779/3779/3779 3747/3747/3747
f 3779/3779/3779 3780/3780/3780 3747/3747/3747
f 3747/3747/3747 3780/3780/3780 3748/3748/3748
f 3780/3780/3780 3781/3781/3781 3748/3748/3748
f 3748/3748/3748 3781/3781/3781 3749/3749/3749
f 3781/3781/3781 3782/3782/3782 3749/3749/3749
f 3749/3749/3749 3782/3782/3782 3750/3750/3750
f 3782/3782/3782 3783/3783/3783 3750/3750/3750
f 3750/3750/3750 3783/3783/3783 3751/3751/3751
f 3783/3783/3783 3784/3784/3784 3751/3751/3751
f 3751/3751/3751 3784/3784/3784 3752/3752/3752
f 3784/3784/3784 3785/3785/3785 3752/3752/3752
f 3752/3752/3752 3785/3785/3785 3753/3753/3753
f 3785/3785/3785 3786/3786/3786 3753/3753/3753
f 3753/3753/3753 3786/3786/3786 3754/3754/3754
f 3786/3786/3786 3787/3787/3787 3754/3754/3754
f 3754/3754/3754 3787/3787/3787 3755/3755/3755
f 3787/3787/3787 3788/3788/3788 3755/3755/3755
f 3755/3755/3755 3788/3788/3788 3756/3756/3756
f 3788/3788/3788 3789/3789/3789 3756/3756/3756
f 3756/3756/3756 3789/3789/3789 3757/3757/3757
f 3789/3789/3789 3790/3790/3790 3757/3757/3757
f 3757/3757/3757 3790/3790/3790 3758/3758/3758
f 3790/3790/3790 3791/3791/3791 3758/3758/3758
f 3758/3758/3758 3791/3791/3791 3759/3759/3759
f 3791/3791/3791 3792/3792/3792 3759/3759/3759
f 3759/3759/3759 3792/3792/3792 3760/3760/3760
f 3792/3792/3792 3793/3793/3793 3760/3760/3760
f 3760/3760/3760 3793/3793/3793 3761/3761/3761
f 3793/3793/3793 3794/3794/3794 3761/3761/3761
f 3761/3761/3761 3794/3794/3794 3762/3762/3762
f 3794/3794/3794 3795/3795/3795 3762/3762/3762
f 3763/3763/3763 3796/3796/3796 3764/3764/3764
f 3796/3796/3796 3797/3797/3797 3764/3764/3764
f 3764/3764/3764 3797/3797/3797 3765/3765/3765
f 3797/3797/3797 3798/3798/3798 3765/3765/3765
f 3765/3765/3765 3798/3798/3798 3766/3766/3766
f 3798/3798/3798 3799/3799/3799 3766/3766/3766
f 3766/3766/3766 3799/3799/3799 3767/3767/3767
f 3799/3799/3799 3800/3800/3800 3767/3767/3767
f 3767/3767/3767 3800/3800/3800 3768/3768/3768
f 3800/3800/3800 3801/3801/3801 3768/3768/3768
f 3768/3768/3768 3801/3801/3801 3769/3769/3769
f 3801/3801/3801 3802/3802/3802 3769/3769/3769
f 3769/3769/3769 3802/3802/3802 3770/3770/3770
f 3802/3802/3802 3803/3803/3803 3770/3770/3770
f 3770/3770/3770 3803/3803/3803 3771/3771/3771
f 3803/3803/3803 3804/3804/3804 3771/3771/3771
f 3771/3771/3771 3804/3804/3804 3772/3772/3772
f 3804/3804/3804 3805/3805/3805 3772/3772/3772
f 3772/3772/3772 3805/3805/3805 3773/3773/3773
f 3805/3805/3805 3806/3806/3806 3773/3773/3773
f 3773/3773/3773 3806/3806/3806 3774/3774/3774
f 3806/3806/3806 3807/3807/3807 3774/3774/3774
f 3774/3774/3774 3807/3807/3807 3775/3775/3775
f 3807/3807/3807 3808/3808/3808 3775/3775/3775
f 3775/3775/3775 3808/3808/3808 3776/3776/3776
f 3808/3808/3808 3809/3809/3809 3776/3776/3776
f 3776/3776/3776 3809/3809/3809 3777/3777/3777
f 3809/3809/3809 3810/3810/3810 3777/3777/3777
f 3777/3777/3777 3810/3810/3810 3778/3778/3778
f 3810/3810/3810 3811/3811/3811 3778/3778/3778
f 3778/3778/3778 3811/3811/3811 3779/3779/3779
f 3811/3811/3811 3812/3812/3812 3779/3779/3779
f 3779/3779/3779 3812/3812/3812 3780/3780/3780
f 3812/3812/3812 3813/3813/3813 3780/3780/3780
f 3780/3780/3780 3813/3813/3813 3781/3781/3781
f 3813/3813/3813 3814/3814/3814 3781/3781/3781
f 3781/3781/3781 3814/3814/3814 3782/3782/3782
f 3814/3814/3814 3815/3815/3815 3782/3782/3782
f 3782/3782/3782 3815/3815/3815 3783/3783/3783
f 3815/3815/3815 3816/3816/3816 3783/3783/3783
f 3783/3783/3783 3816/3816/3816 3784/3784/3784
f 3816/3816/3816 3817/3817/3817 3784/3784/3784
f 3784/3784/3784 3817/3817/3817 3785/3785/3785
f 3817/3817/3817 3818/3818/3818 3785/3785/3785
f 3785/3785/3785 3818/3818/3818 3786/3786/3786
f 3818/3818/3818 3819/3819/3819 3786/3786/3786
f 3786/3786/3786 3819/3819/3819 3787/3787/3787
f 3819/3819/3819 3820/3820/3820 3787/3787/3787
f 3787/3787/3787 3820/3820/3820 3788/3788/3788
f 3820/3820/3820 3821/3821/3821 3788/3788/3788
f 3788/3788/3788 3821/3821/3821 3789/3789/3789
f 3821/3821/3821 3822/3822/3822 3789/3789/3789
f 3789/3789/3789 3822/3822/3822 3790/3790/3790
f 3822/3822/3822 3823/3823/3823 3790/3790/3790
f 3790/3790/3790 3823/3823/3823 3791/3791/3791
f 3823/3823/3823 3824/3824/3824 3791/3791/3791
f 3791/3791/3791 3824/3824/3824 3792/3792/3792
f 3824/3824/3824 3825/3825/3825 3792/3792/3792
f 3792/3792/3792 3825/3825/3825 3793/3793/3793
f 3825/3825/3825 3826/3826/3826 3793/3793/3793
f 3793/3793/3793 3826/3826/3826 3794/3794/3794
f 3826/3826/3826 3827/3827/3827 3794/3794/3794
f 3794/3794/3794 3827/3827/3827 3795/3795/3795
f 3827/3827/3827 3828/3828/3828 3795/3795/3795
f 3796/3796/3796 3829/3829/3829 3797/3797/3797
f 3829/3829/3829 3830/3830/3830 3797/3797/3797
f 3797/3797/3797 3830/3830/3830 3798/3798/3798
f 3830/3830/3830 3831/3831/3831 3798/3798/3798
f 3798/3798/3798 3831/3831/3831 3799/3799/3799
f 3831/3831/3831 3832/3832/3832 3799/3799/3799
f 3799/3799/3799 3832/3832/3832 3800/3800/3800
f 3832/3832/3832 3833/3833/3833 3800/3800/3800
f 3800/3800/3800 3833/3833/3833 3801/3801/3801
f 3833/3833/3833 3834/3834/3834 3801/3801/3801
f 3801/3801/3801 3834/3834/3834 3802/3802/3802
f 3834/3834/3834 3835/3835/3835 3802/3802/3802
f 3802/3802/3802 3835/3835/3835 3803/3803/3803
f 3835/3835/3835 3836/3836/3836 3803/3803/3803
f 3803/3803/3803 3836/3836/3836 3804/3804/3804
f 3836/3836/3836 3837/3837/3837 3804/3804/3804
f 3804/3804/3804 3837/3837/3837 3805/3805/3805
f 3837/3837/3837 3838/3838/3838 3805/3805/3805
f 3805/3805/3805 3838/3838/3838 3806/3806/3806
f 3838/3838/3838 3839/3839/3839 3806/3806/3806
f 3806/3806/3806 3839/3839/3839 3807/3807/3807
f 3839/3839/3839 3840/3840/3840 3807/3807/3807
f 3807/3807/3807 3840/3840/3840 3808/3808/3808
f 3840/3840/3840 3841/3841/3841 3808/3808/3808
f 3808/3808/3808 3841/3841/3841 3809/3809/3809
f 3841/3841/3841 3842/3842/3842 3809/3809/3809
f 3809/3809/3809 3842/3842/3842 3810/3810/3810
f 3842/3842/3842 3843/3843/3843 3810/3810/3810
f 3810/3810/3810 3843/3843/3843 3811/3811/3811
f 3843/3843/3843 3844/3844/3844 3811/3811/3811
f 3811/3811/3811 3844/3844/3844 3812/3812/3812
f 3844/3844/3844 3845/3845/3845 3812/3812/3812
f 3812/3812/3812 3845/3845/3845 3813/3813/3813
f 3845/3845/3845 3846/3846/3846 3813/3813/3813
f 3813/3813/3813 3846/3846/3846 3814/3814/3814
f 3846/3846/3846 3847/3847/3847 3814/3814/3814
f 3814/3814/3814 3847/3847/3847 3815/3815/3815
f 3847/3847/3847 3848/3848/3848 3815/3815/3815
f 3815/3815/3815 3848/3848/3848 3816/3816/3816
f 3848/3848/3848 3849/3849/3849 3816/3816/3816
f 3816/3816/3816 3849/3849/3849 3817/3817/3817
f 3849/3849/3849 3850/3850/3850 3817/3817/3817
f 3817/3817/3817 3850/3850/3850 3818/3818/3818
f 3850/3850/3850 3851/3851/3851 3818/3818/3818
f 3818/3818/3818 3851/3851/3851 3819/3819/3819
f 3851/3851/3851 3852/3852/3852 3819/3819/3819
f 3819/3819/3819 3852/3852/3852 3820/3820/3820
f 3852/3852/3852 3853/3853/3853 3820/3820/3820
f 3820/3820/3820 3853/3853/3853 3821/3821/3821
f 3853/3853/3853 3854/3854/3854 3821/3821/3821
f 3821/3821/3821 3854/3854/3854 3822/3822/3822
f 3854/3854/3854 3855/3855/3855 3822/3822/3822
f 3822/3822/3822 3855/3855/3855 3823/3823/3823
f 3855/3855/3855 3856/3856/3856 3823/3823/3823
f 3823/3823/3823 3856/3856/3856 3824/3824/3824
f 3856/3856/3856 3857/3857/3857 3824/3824/3824
f 3824/3824/3824 3857/3857/3857 3825/3825/3825
f 3857/3857/3857 3858/3858/3858 3825/3825/3825
f 3825/3825/3825 3858/3858/3858 3826/3826/3826
f 3858/3858/3858 3859/3859/3859 3826/3826/3826
f 3826/3826/3826 3859/3859/3859 3827/3827/3827
f 3859/3859/3859 3860/3860/3860 3827/3827/3827
f 3827/3827/3827 3860/3860/3860 3828/3828/3828
f 3860/3860/3860 3861/3861/3861 3828/3828/3828
f 3829/3829/3829 3862/3862/3862 3830/3830/3830
f 3862/3862/3862 3863/3863/3863 3830/3830/3830
f 3830/3830/3830 3863/3863/3863 3831/3831/3831
f 3863/3863/3863 3864/3864/3864 3831/3831/3831
f 3831/3831/3831 3864/3864/3864 3832/3832/3832
f 3864/3864/3864 3865/3865/3865 3832/3832/3832
f 3832/3832/3832 3865/3865/3865 3833/3833/3833
f 3865/3865/3865 3866/3866/3866 3833/3833/3833
f 3833/3833/3833 3866/3866/3866 3834/3834/3834
f 3866/3866/3866 3867/3867/3867 3834/3834/3834
f 3834/3834/3834 3867/3867/3867 3835/3835/3835
f 3867/3867/3867 3868/3868/3868 3835/3835/3835
f 3835/3835/3835 3868/3868/3868 3836/3836/3836
f 3868/3868/3868 3869/3869/3869 3836/3836/3836
f 3836/3836/3836 3869/3869/3869 3837/3837/3837
f 3869/3869/3869 3870/3870/3870 3837/3837/3837
f 3837/3837/3837 3870/3870/3870 3838/3838/3838
f 3870/3870/3870 3871/3871/3871 3838/3838/3838
f 3838/3838/3838 3871/3871/3871 3839/3839/3839
f 3871/3871/3871 3872/3872/3872 3839/3839/3839
f 3839/3839/3839 3872/3872/3872 3840/3840/3840
f 3872/3872/3872 3873/3873/3873 3840/3840/3840
f 3840/3840/3840 3873/3873/3873 3841/3841/3841
f 3873/3873/3873 3874/3874/3874 3841/3841/3841
f 3841/3841/3841 3874/3874/3874 3842/3842/3842
f 3874/3874/3874 3875/3875/3875 3842/3842/3842
f 3842/3842/3842 3875/3875/3875 3843/3843/3843
f 3875/3875/3875 3876/3876/3876 3843/3843/3843
f 3843/3843/3843 3876/3876/3876 3844/3844/3844
f 3876/3876/3876 3877/3877/3877 3844/3844/3844
f 3844/3844/3844 3877/3877/3877 3845/3845/3845
f 3877/3877/3877 3878/3878/3878 3845/3845/3845
f 3845/3845/3845 3878/3878/3878 3846/3846/3846
f 3878/3878/3878 3879/3879/3879 3846/3846/3846
f 3846/3846/3846 3879/3879/3879 3847/3847/3847
f 3879/3879/3879 3880/3880/3880 3847/3847/3847
f 3847/3847/3847 3880/3880/3880 3848/3848/3848
f 3880/3880/3880 3881/3881/3881 3848/3848/3848
f 3848/3848/3848 3881/3881/3881 3849/3849/3849
f 3881/3881/3881 3882/3882/3882 3849/3849/3849
f 3849/3849/3849 3882/3882/3882 3850/3850/3850
f 3882/3882/3882 3883/3883/3883 3850/3850/3850
f 3850/3850/3850 3883/3883/3883 3851/3851/3851
f 3883/3883/3883 3884/3884/3884 3851/3851/3851
f 3851/3851/3851 3884/3884/3884 3852/3852/3852
f 3884/3884/3884 3885/3885/3885 3852/3852/3852
f 3852/3852/3852 3885/3885/3885 3853/3853/3853
f 3885/3885/3885 3886/3886/3886 3853/3853/3853
f 3853/3853/3853 3886/3886/3886 3854/3854/3854
f 3886/3886/3886 3887/3887/3887 3854/3854/3854
f 3854/3854/3854 3887/3887/3887 3855/3855/3855
f 3887/3887/3887 3888/3888/3888 3855/3855/3855
f 3855/3855/3855 3888/3888/3888 3856/3856/3856
f 3888/3888/3888 3889/3889/3889 3856/3856/3856
f 3856/3856/3856 3889/3889/3889 3857/3857/3857
f 3889/3889/3889 3890/3890/3890 3857/3857/3857
f 3857/3857/3857 3890/3890/3890 3858/3858/3858
f 3890/3890/3890 3891/3891/3891 3858/3858/3858
f 3858/3858/3858 3891/3891/3891 3859/3859/3859
f 3891/3891/3891 3892/3892/3892 3859/3859/3859
f 3859/3859/3859 3892/3892/3892 3860/3860/3860
f 3892/3892/3892 3893/3893/3893 3860/3860/3860
f 3860/3860/3860 3893/3893/3893 3861/3861/3861
f 3893/3893/3893 3894/3894/3894 3861/3861/3861
f 3862/3862/3862 3895/3895/3895 3863/3863/3863
f 3895/3895/3895 3896/3896/3896 3863/3863/3863
f 3863/3863/3863 3896/3896/3896 3864/3864/3864
f 3896/3896/3896 3897/3897/3897 3864/3864/3864
f 3864/3864/3864 3897/3897/3897 3865/3865/3865
f 3897/3897/3897 3898/3898/3898 3865/3865/3865
f 3865/3865/3865 3898/3898/3898 3866/3866/3866
f 3898/3898/3898 3899/3899/3899 3866/3866/3866
f 3866/3866/3866 3899/3899/3899 3867/3867/3867
f 3899/3899/3899 3900/3900/3900 3867/3867/3867
f 3867/3867/3867 3900/3900/3900 3868/3868/3868
f 3900/3900/3900 3901/3901/3901 3868/3868/3868
f 3868/3868/3868 3901/3901/3901 3869/3869/3869
f 3901/3901/3901 3902/3902/3902 3869/3869/3869
f 3869/3869/3869 3902/3902/3902 3870/3870/3870
f 3902/3902/3902 3903/3903/3903 3870/3870/3870
f 3870/3870/3870 3903/3903/3903 3871/3871/3871
f 3903/3903/3903 3904/3904/3904 3871/3871/3871
f 3871/3871/3871 3904/3904/3904 3872/3872/3872
f 3904/3904/3904 3905/3905/3905 3872/3872/3872
f 3872/3872/3872 3905/3905/3905 3873/3873/3873
f 3905/3905/3905 3906/3906/3906 3873/3873/3873
f 3873/3873/3873 3906/3906/3906 3874/3874/3874
f 3906/3906/3906 3907/3907/3907 3874/3874/3874
f 3874/3874/3874 3907/3907/3907 3875/3875/3875
f 3907/3907/3907 3908/3908/3908 3875/3875/3875
f 3875/3875/3875 3908/3908/3908 3876/3876/3876
f 3908/3908/3908 3909/3909/3909 3876/3876/3876
f 3876/3876/3876 3909/3909/3909 3877/3877/3877
f 3909/3909/3909 3910/3910/3910 3877/3877/3877
f 3877/3877/3877 3910/3910/3910 3878/3878/3878
f 3910/3910/3910 3911/3911/3911 3878/3878/3878
f 3878/3878/3878 3911/3911/3911 3879/3879/3879
f 3911/3911/3911 3912/3912/3912 3879/3879/3879
f 3879/3879/3879 3912/3912/3912 3880/3880/3880
f 3912/3912/3912 3913/3913/3913 3880/3880/3880
f 3880/3880/3880 3913/3913/3913 3881/3881/3881
f 3913/3913/3913 3914/3914/3914 3881/3881/3881
f 3881/3881/3881 3914/3914/3914 3882/3882/3882
f 3914/3914/3914 3915/3915/3915 3882/3882/3882
f 3882/3882/3882 3915/3915/3915 3883/3883/3883
f 3915/3915/3915 3916/3916/3916 3883/3883/3883
f 3883/3883/3883 3916/3916/3916 3884/3884/3884
f 3916/3916/3916 3917/3917/3917 3884/3884/3884
f 3884/3884/3884 3917/3917/3917 3885/3885/3885
f 3917/3917/3917 3918/3918/3918 3885/3885/3885
f 3885/3885/3885 3918/3918/3918 3886/3886/3886
f 3918/3918/3918 3919/3919/3919 3886/3886/3886
f 3886/3886/3886 3919/3919/3919 3887/3887/3887
f 3919/3919/3919 3920/3920/3920 3887/3887/3887
f 3887/3887/3887 3920/3920/3920 3888/3888/3888
f 3920/3920/3920 3921/3921/3921 3888/3888/3888
f 3888/3888/3888 3921/3921/3921 3889/3889/3889
f 3921/3921/3921 3922/3922/3922 3889/3889/3889
f 3889/3889/3889 3922/3922/3922 3890/3890/3890
f 3922/3922/3922 3923/3923/3923 3890/3890/3890
f 3890/3890/3890 3923/3923/3923 3891/3891/3891
f 3923/3923/3923 3924/3924/3924 3891/3891/3891
f 3891/3891/3891 3924/3924/3924 3892/3892/3892
f 3924/3924/3924 3925/3925/3925 3892/3892/3892
f 3892/3892/3892 3925/3925/3925 3893/3893/3893
f 3925/3925/3925 3926/3926/3926 3893/3893/3893
f 3893/3893/3893 3926/3926/3926 3894/3894/3894
f 3926/3926/3926 3927/3927/3927 3894/3894/3894
f 3895/3895/3895 3928/3928/3928 3896/3896/3896
f 3928/3928/3928 3929/3929/3929 3896/3896/3896
f 3896/3896/3896 3929/3929/3929 3897/3897/3897
f 3929/3929/3929 3930/3930/3930 3897/3897/3897
f 3897/3897/3897 3930/3930/3930 3898/3898/3898
f 3930/3930/3930 3931/3931/3931 3898/3898/3898
f 3898/3898/3898 3931/3931/3931 3899/3899/3899
f 3931/3931/3931 3932/3932/3932 3899/3899/3899
f 3899/3899/3899 3932/3932/3932 3900/3900/3900
f 3932/3932/3932 3933/3933/3933 3900/3900/3900
f 3900/3900/3900 3933/3933/3933 3901/3901/3901
f 3933/3933/3933 3934/3934/3934 3901/3901/3901
f 3901/3901/3901 3934/3934/3934 3902/3902/3902
f 3934/3934/3934 3935/3935/3935 3902/3902/3902
f 3902/3902/3902 3935/3935/3935 3903/3903/3903
f 3935/3935/3935 3936/3936/3936 3903/3903/3903
f 3903/3903/3903 3936/3936/3936 3904/3904/3904
f 3936/3936/3936 3937/3937/3937 3904/3904/3904
f 3904/3904/3904 3937/3937/3937 3905/3905/3905
f 3937/3937/3937 3938/3938/3938 3905/3905/3905
f 3905/3905/3905 3938/3938/3938 3906/3906/3906
f 3938/3938/3938 3939/3939/3939 3906/3906/3906
f 3906/3906/3906 3939/3939/3939 3907/3907/3907
f 3939/3939/3939 3940/3940/3940 3907/3907/3907
f 3907/3907/3907 3940/3940/3940 3908/3908/3908
f 3940/3940/3940 3941/3941/3941 3908/3908/3908
f 3908/3908/3908 3941/3941/3941 3909/3909/3909
f 3941/3941/3941 3942/3942/3942 3909/3909/3909
f 3909/3909/3909 3942/3942/3942 3910/3910/3910
f 3942/3942/3942 3943/3943/3943 3910/3910/3910
f 3910/3910/3910 3943/3943/3943 3911/3911/3911
f 3943/3943/3943 3944/3944/3944 3911/3911/3911
f 3911/3911/3911 3944/3944/3944 3912/3912/3912
f 3944/3944/3944 3945/3945/3945 3912/3912/3912
f 3912/3912/3912 3945/3945/3945 3913/3913/3913
f 3945/3945/3945 3946/3946/3946 3913/3913/3913
f 3913/3913/3913 3946/3946/3946 3914/3914/3914
f 3946/3946/3946 3947/3947/3947 3914/3914/3914
f 3914/3914/3914 3947/3947/3947 3915/3915/3915
f 3947/3947/3947 3948/3948/3948 3915/3915/3915
f 3915/3915/3915 3948/3948/3948 3916/3916/3916
f 3948/3948/3948 3949/3949/3949 3916/3916/3916
f 3916/3916/3916 3949/3949/3949 3917/3917/3917
f 3949/3949/3949 3950/3950/3950 3917/3917/3917
f 3917/3917/3917 3950/3950/3950 3918/3918/3918
f 3950/3950/3950 3951/3951/3951 3918/3918/3918
f 3918/3918/3918 3951/3951/3951 3919/3919/3919
f 3951/3951/3951 3952/3952/3952 3919/3919/3919
f 3919/3919/3919 3952/3952/3952 3920/3920/3920
f 3952/3952/3952 3953/3953/3953 3920/3920/3920
f 3920/3920/3920 3953/3953/3953 3921/3921/3921
f 3953/3953/3953 3954/3954/3954 3921/3921/3921
f 3921/3921/3921 3954/3954/3954 3922/3922/3922
f 3954/3954/3954 3955/3955/3955 3922/3922/3922
f 3922/3922/3922 3955/3955/3955 3923/3923/3923
f 3955/3955/3955 3956/3956/3956 3923/3923/3923
f 3923/3923/3923 3956/3956/3956 3924/3924/3924
f 3956/3956/3956 3957/3957/3957 3924/3924/3924
f 3924/3924/3924 3957/3957/3957 3925/3925/3925
f 3957/3957/3957 3958/3958/3958 3925/3925/3925
f 3925/3925/3925 3958/3958/3958 3926/3926/3926
f 3958/3958/3958 3959/3959/3959 3926/3926/3926
f 3926/3926/3926 3959/3959/3959 3927/3927/3927
f 3959/3959/3959 3960/3960/3960 3927/3927/3927
f 3928/3928/3928 3961/3961/3961 3929/3929/3929
f 3961/3961/3961 3962/3962/3962 3929/3929/3929
f 3929/3929/3929 3962/3962/3962 3930/3930/3930
f 3962/3962/3962 3963/3963/3963 3930/3930/3930
f 3930/3930/3930 3963/3963/3963 3931/3931/3931
f 3963/3963/3963 3964/3964/3964 3931/3931/3931
f 3931/3931/3931 3964/3964/3964 3932/3932/3932
f 3964/3964/3964 3965/3965/3965 3932/3932/3932
f 3932/3932/3932 3965/3965/3965 3933/3933/3933
f 3965/3965/3965 3966/3966/3966 3933/3933/3933
f 3933/3933/3933 3966/3966/3966 3934/3934/3934
f 3966/3966/3966 3967/3967/3967 3934/3934/3934
f 3934/3934/3934 3967/3967/3967 3935/3935/3935
f 3967/3967/3967 3968/3968/3968 3935/3935/3935
f 3935/3935/3935 3968/3968/3968 3936/3936/3936
f 3968/3968/3968 3969/3969/3969 3936/3936/3936
f 3936/3936/3936 3969/3969/3969 3937/3937/3937
f 3969/3969/3969 3970/3970/3970 3937/3937/3937
f 3937/3937/3937 3970/3970/3970 3938/3938/3938
f 3970/3970/3970 3971/3971/3971 3938/3938/3938
f 3938/3938/3938 3971/3971/3971 3939/3939/3939
f 3971/3971/3971 3972/3972/3972 3939/3939/3939
f 3939/3939/3939 3972/3972/3972 3940/3940/3940
f 3972/3972/3972 3973/3973/3973 3940/3940/3940
f 3940/3940/3940 3973/3973/3973 3941/3941/3941
f 3973/3973/3973 3974/3974/3974 3941/3941/3941
f 3941/3941/3941 3974/3974/3974 3942/3942/3942
f 3974/3974/3974 3975/3975/3975 3942/3942/3942
f 3942/3942/3942 3975/3975/3975 3943/3943/3943
f 3975/3975/3975 3976/3976/3976 3943/3943/3943
f 3943/3943/3943 3976/3976/3976 3944/3944/3944
f 3976/3976/3976 3977/3977/3977 3944/3944/3944
f 3944/3944/3944 3977/3977/3977 3945/3945/3945
f 3977/3977/3977 3978/3978/3978 3945/3945/3945
f 3945/3945/3945 3978/3978/3978 3946/3946/3946
f 3978/3978/3978 3979/3979/3979 3946/3946/3946
f 3946/3946/3946 3979/3979/3979 3947/3947/3947
f 3979/3979/3979 3980/3980/3980 3947/3947/3947
f 3947/3947/3947 3980/3980/3980 3948/3948/3948
f 3980/3980/3980 3981/3981/3981 3948/3948/3948
f 3948/3948/3948 3981/3981/3981 3949/3949/3949
f 3981/3981/3981 3982/3982/3982 3949/3949/3949
f 3949/3949/3949 3982/3982/3982 3950/3950/3950
f 3982/3982/3982 3983/3983/3983 3950/3950/3950
f 3950/3950/3950 3983/3983/3983 3951/3951/3951
f 3983/3983/3983 3984/3984/3984 3951/3951/3951
f 3951/3951/3951 3984/3984/3984 3952/3952/3952
f 3984/3984/3984 3985/3985/3985 3952/3952/3952
f 3952/3952/3952 3985/3985/3985 3953/3953/3953
f 3985/3985/3985 3986/3986/3986 3953/3953/3953
f 3953/3953/3953 3986/3986/3986 3954/3954/3954
f 3986/3986/3986 3987/3987/3987 3954/3954/3954
f 3954/3954/3954 3987/3987/3987 3955/3955/3955
f 3987/3987/3987 3988/3988/3988 3955/3955/3955
f 3955/3955/3955 3988/3988/3988 3956/3956/3956
f 3988/3988/3988 3989/3989/3989 3956/3956/3956
f 3956/3956/3956 3989/3989/3989 3957/3957/3957
f 3989/3989/3989 3990/3990/3990 3957/3957/3957
f 3957/3957/3957 3990/3990/3990 3958/3958/3958
f 3990/3990/3990 3991/3991/3991 3958/3958/3958
f 3958/3958/3958 3991/3991/3991 3959/3959/3959
f 3991/3991/3991 3992/3992/3992 3959/3959/3959
f 3959/3959/3959 3992/3992/3992 3960/3960/3960
f 3992/3992/3992 3993/3993/3993 3960/3960/3960
f 3961/3961/3961 3994/3994/3994 3962/3962/3962
f 3994/3994/3994 3995/3995/3995 3962/3962/3962
f 3962/3962/3962 3995/3995/3995 3963/3963/3963
f 3995/3995/3995 3996/3996/3996 3963/3963/3963
f 3963/3963/3963 3996/3996/3996 3964/3964/3964
f 3996/3996/3996 3997/3997/3997 3964/3964/3964
f 3964/3964/3964 3997/3997/3997 3965/3965/3965
f 3997/3997/3997 3998/3998/3998 3965/3965/3965
f 3965/3965/3965 3998/3998/3998 3966/3966/3966
f 3998/3998/3998 3999/3999/3999 3966/3966/3966
f 3966/3966/3966 3999/3999/3999 3967/3967/3967
f 3999/3999/3999 4000/4000/4000 3967/3967/3967
f 3967/3967/3967 4000/4000/4000 3968/3968/3968
f 4000/4000/4000 4001/4001/4001 3968/3968/3968
f 3968/3968/3968 4001/4001/4001 3969/3969/3969
f 4001/4001/4001 4002/4002/4002 3969/3969/3969
f 3969/3969/3969 4002/4002/4002 3970/3970/3970
f 4002/4002/4002 4003/4003/4003 3970/3970/3970
f 3970/3970/3970 4003/4003/4003 3971/3971/3971
f 4003/4003/4003 4004/4004/4004 3971/3971/3971
f 3971/3971/3971 4004/4004/4004 3972/3972/3972
f 4004/4004/4004 4005/4005/4005 3972/3972/3972
f 3972/3972/3972 4005/4005/4005 3973/3973/3973
f 4005/4005/4005 4006/4006/4006 3973/3973/3973
f 3973/3973/3973 4006/4006/4006 3974/3974/3974
f 4006/4006/4006 4007/4007/4007 3974/3974/3974
f 3974/3974/3974 4007/4007/4007 3975/3975/3975
f 4007/4007/4007 4008/4008/4008 3975/3975/3975
f 3975/3975/3975 4008/4008/4008 3976/3976/3976
f 4008/4008/4008 4009/4009/4009 3976/3976/3976
f 3976/3976/3976 4009/4009/4009 3977/3977/3977
f 4009/4009/4009 4010/4010/4010 3977/3977/3977
f 3977/3977/3977 4010/4010/4010 3978/3978/3978
f 4010/4010/4010 4011/4011/4011 3978/3978/3978
f 3978/3978/3978 4011/4011/4011 3979/3979/3979
f 4011/4011/4011 4012/4012/4012 3979/3979/3979
f 3979/3979/3979 4012/4012/4012 3980/3980/3980
f 4012/4012/4012 4013/4013/4013 3980/3980/3980
f 3980/3980/3980 4013/4013/4013 3981/3981/3981
f 4013/4013/4013 4014/4014/4014 3981/3981/3981
f 3981/3981/3981 4014/4014/4014 3982/3982/3982
f 4014/4014/4014 4015/4015/4015 3982/3982/3982
f 3982/3982/3982 4015/4015/4015 3983/3983/3983
f 4015/4015/4015 4016/4016/4016 3983/3983/3983
f 3983/3983/3983 4016/4016/4016 3984/3984/3984
f 4016/4016/4016 4017/4017/4017 3984/3984/3984
f 3984/3984/3984 4017/4017/4017 3985/3985/3985
f 4017/4017/4017 4018/4018/4018 3985/3985/3985
f 3985/3985/3985 4018/4018/4018 3986/3986/3986
f 4018/4018/4018 4019/4019/4019 3986/3986/3986
f 3986/3986/3986 4019/4019/4019 3987/3987/3987
f 4019/4019/4019 4020/4020/4020 3987/3987/3987
f 3987/3987/3987 4020/4020/4020 3988/3988/3988
f 4020/4020/4020 4021/4021/4021 3988/3988/3988
f 3988/3988/3988 4021/4021/4021 3989/3989/3989
f 4021/4021/4021 4022/4022/4022 3989/3989/3989
f 3989/3989/3989 4022/4022/4022 3990/3990/3990
f 4022/4022/4022 4023/4023/4023 3990/3990/3990
f 3990/3990/3990 4023/4023/4023 3991/3991/3991
f 4023/4023/4023 4024/4024/4024 3991/3991/3991
f 3991/3991/3991 4024/4024/4024 3992/3992/3992
f 4024/4024/4024 4025/4025/4025 3992/3992/3992
f 3992/3992/3992 4025/4025/4025 3993/3993/3993
f 4025/4025/4025 4026/4026/4026 3993/3993/3993
f 3994/3994/3994 4027/4027/4027 3995/3995/3995
f 4027/4027/4027 4028/4028/4028 3995/3995/3995
f 3995/3995/3995 4028/4028/4028 3996/3996/3996
f 4028/4028/4028 4029/4029/4029 3996/3996/3996
f 3996/3996/3996 4029/4029/4029 3997/3997/3997
f 4029/4029/4029 4030/4030/4030 3997/3997/3997
f 3997/3997/3997 4030/4030/4030 3998/3998/3998
f 4030/4030/4030 4031/4031/4031 3998/3998/3998
f 3998/3998/3998 4031/4031/4031 3999/3999/3999
f 4031/4031/4031 4032/4032/4032 3999/3999/3999
f 3999/3999/3999 4032/4032/4032 4000/4000/4000
f 4032/4032/4032 4033/4033/4033 4000/4000/4000
f 4000/4000/4000 4033/4033/4033 4001/4001/4001
f 4033/4033/4033 4034/4034/4034 4001/4001/4001
f 4001/4001/4001 4034/4034/4034 4002/4002/4002
f 4034/4034/4034 4035/4035/4035 4002/4002/4002
f 4002/4002/4002 4035/4035/4035 4003/4003/4003
f 4035/4035/4035 4036/4036/4036 4003/4003/4003
f 4003/4003/4003 4036/4036/4036 4004/4004/4004
f 4036/4036/4036 4037/4037/4037 4004/4004/4004
f 4004/4004/4004 4037/4037/4037 4005/4005/4005
f 4037/4037/4037 4038/4038/4038 4005/4005/4005
f 4005/4005/4005 4038/4038/4038 4006/4006/4006
f 4038/4038/4038 4039/4039/4039 4006/4006/4006
f 4006/4006/4006 4039/4039/4039 4007/4007/4007
f 4039/4039/4039 4040/4040/4040 4007/4007/4007
f 4007/4007/4007 4040/4040/4040 4008/4008/4008
f 4040/4040/4040 4041/4041/4041 4008/4008/4008
f 4008/4008/4008 4041/4041/4041 4009/4009/4009
f 4041/4041/4041 4042/4042/4042 4009/4009/4009
f 4009/4009/4009 4042/4042/4042 4010/4010/4010
f 4042/4042/4042 4043/4043/4043 4010/4010/4010
f 4010/4010/4010 4043/4043/4043 4011/4011/4011
f 4043/4043/4043 4044/4044/4044 4011/4011/4011
f 4011/4011/4011 4044/4044/4044 4012/4012/4012
f 4044/4044/4044 4045/4045/4045 4012/4012/4012
f 4012/4012/4012 4045/4045/4045 4013/4013/4013
f 4045/4045/4045 4046/4046/4046 4013/4013/4013
f 4013/4013/4013 4046/4046/4046 4014/4014/4014
f 4046/4046/4046 4047/4047/4047 4014/4014/4014
f 4014/4014/4014 4047/4047/4047 4015/4015/4015
f 4047/4047/4047 4048/4048/4048 4015/4015/4015
f 4015/4015/4015 4048/4048/4048 4016/4016/4016
f 4048/4048/4048 4049/4049/4049 4016/4016/4016
f 4016/4016/4016 4049/4049/4049 4017/4017/4017
f 4049/4049/4049 4050/4050/4050 4017/4017/4017
f 4017/4017/4017 4050/4050/4050 4018/4018/4018
f 4050/4050/4050 4051/4051/4051 4018/4018/4018
f 4018/4018/4018 4051/4051/4051 4019/4019/4019
f 4051/4051/4051 4052/4052/4052 4019/4019/4019
f 4019/4019/4019 4052/4052/4052 4020/4020/4020
f 4052/4052/4052 4053/4053/4053 4020/4020/4020
f 4020/4020/4020 4053/4053/4053 4021/4021/4021
f 4053/4053/4053 4054/4054/4054 4021/4021/4021
f 4021/4021/4021 4054/4054/4054 4022/4022/4022
f 4054/4054/4054 4055/4055/4055 4022/4022/4022
f 4022/4022/4022 4055/4055/4055 4023/4023/4023
f 4055/4055/4055 4056/4056/4056 4023/4023/4023
f 4023/4023/4023 4056/4056/4056 4024/4024/4024
f 4056/4056/4056 4057/4057/4057 4024/4024/4024
f 4024/4024/4024 4057/4057/4057 4025/4025/4025
f 4057/4057/4057 4058/4058/4058 4025/4025/4025
f 4025/4025/4025 4058/4058/4058 4026/4026/4026
f 4058/4058/4058 4059/4059/4059 4026/4026/4026
f 4027/4027/4027 4060/4060/4060 4028/4028/4028
f 4060/4060/4060 4061/4061/4061 4028/4028/4028
f 4028/4028/4028 4061/4061/4061 4029/4029/4029
f 4061/4061/4061 4062/4062/4062 4029/4029/4029
f 4029/4029/4029 4062/4062/4062 4030/4030/4030
f 4062/4062/4062 4063/4063/4063 4030/4030/4030
f 4030/4030/4030 4063/4063/4063 4031/4031/4031
f 4063/4063/4063 4064/4064/4064 4031/4031/4031
f 4031/4031/4031 4064/4064/4064 4032/4032/4032
f 4064/4064/4064 4065/4065/4065 4032/4032/4032
f 4032/4032/4032 4065/4065/4065 4033/4033/4033
f 4065/4065/4065 4066/4066/4066 4033/4033/4033
f 4033/4033/4033 4066/4066/4066 4034/4034/4034
f 4066/4066/4066 4067/4067/4067 4034/4034/4034
f 4034/4034/4034 4067/4067/4067 4035/4035/4035
f 4067/4067/4067 4068/4068/4068 4035/4035/4035
f 4035/4035/4035 4068/4068/4068 4036/4036/4036
f 4068/4068/4068 4069/4069/4069 4036/4036/4036
f 4036/4036/4036 4069/4069/4069 4037/4037/4037
f 4069/4069/4069 4070/4070/4070 4037/4037/4037
f 4037/4037/4037 4070/4070/4070 4038/4038/4038
f 4070/4070/4070 4071/4071/4071 4038/4038/4038
f 4038/4038/4038 4071/4071/4071 4039/4039/4039
f 4071/4071/4071 4072/4072/4072 4039/4039/4039
f 4039/4039/4039 4072/4072/4072 4040/4040/4040
f 4072/4072/4072 4073/4073/4073 4040/4040/4040
f 4040/4040/4040 4073/4073/4073 4041/4041/4041
f 4073/4073/4073 4074/4074/4074 4041/4041/4041
f 4041/4041/4041 4074/4074/4074 4042/4042/4042
f 4074/4074/4074 4075/4075/4075 4042/4042/4042
f 4042/4042/4042 4075/4075/4075 4043/4043/4043
f 4075/4075/4075 4076/4076/4076 4043/4043/4043
f 4043/4043/4043 4076/4076/4076 4044/4044/4044
f 4076/4076/4076 4077/4077/4077 4044/4044/4044
f 4044/4044/4044 4077/4077/4077 4045/4045/4045
f 4077/4077/4077 4078/4078/4078 4045/4045/4045
f 4045/4045/4045 4078/4078/4078 4046/4046/4046
f 4078/4078/4078 4079/4079/4079 4046/4046/4046
f 4046/4046/4046 4079/4079/4079 4047/4047/4047
f 4079/4079/4079 4080/4080/4080 4047/4047/4047
f 4047/4047/4047 4080/4080/4080 4048/4048/4048
f 4080/4080/4080 4081/4081/4081 4048/4048/4048
f 4048/4048/4048 4081/4081/4081 4049/4049/4049
f 4081/4081/4081 4082/4082/4082 4049/4049/4049
f 4049/4049/4049 4082/4082/4082 4050/4050/4050
f 4082/4082/4082 4083/4083/4083 4050/4050/4050
f 4050/4050/4050 4083/4083/4083 4051/4051/4051
f 4083/4083/4083 4084/4084/4084 4051/4051/4051
f 4051/4051/4051 4084/4084/4084 4052/4052/4052
f 4084/4084/4084 4085/4085/4085 4052/4052/4052
f 4052/4052/4052 4085/4085/4085 4053/4053/4053
f 4085/4085/4085 4086/4086/4086 4053/4053/4053
f 4053/4053/4053 4086/4086/4086 4054/4054/4054
f 4086/4086/4086 4087/4087/4087 4054/4054/4054
f 4054/4054/4054 4087/4087/4087 4055/4055/4055
f 4087/4087/4087 4088/4088/4088 4055/4055/4055
f 4055/4055/4055 4088/4088/4088 4056/4056/4056
f 4088/4088/4088 4089/4089/4089 4056/4056/4056
f 4056/4056/4056 4089/4089/4089 4057/4057/4057
f 4089/4089/4089 4090/4090/4090 4057/4057/4057
f 4057/4057/4057 4090/4090/4090 4058/4058/4058
f 4090/4090/4090 4091/4091/4091 4058/4058/4058
f 4058/4058/4058 4091/4091/4091 4059/4059/4059
f 4091/4091/4091 4092/4092/4092 4059/4059/4059
f 4060/4060/4060 4093/4093/4093 4061/4061/4061
f 4093/4093/4093 4094/4094/4094 4061/4061/4061
f 4061/4061/4061 4094/4094/4094 4062/4062/4062
f 4094/4094/4094 4095/4095/4095 4062/4062/4062
f 4062/4062/4062 4095/4095/4095 4063/4063/4063
f 4095/4095/4095 4096/4096/4096 4063/4063/4063
f 4063/4063/4063 4096/4096/4096 4064/4064/4064
f 4096/4096/4096 4097/4097/4097 4064/4064/4064
f 4064/4064/4064 4097/4097/4097 4065/4065/4065
f 4097/4097/4097 4098/4098/4098 4065/4065/4065
f 4065/4065/4065 4098/4098/4098 4066/4066/4066
f 4098/4098/4098 4099/4099/4099 4066/4066/4066
f 4066/4066/4066 4099/4099/4099 4067/4067/4067
f 4099/4099/4099 4100/4100/4100 4067/4067/4067
f 4067/4067/4067 4100/4100/4100 4068/4068/4068
f 4100/4100/4100 4101/4101/4101 4068/4068/4068
f 4068/4068/4068 4101/4101/4101 4069/4069/4069
f 4101/4101/4101 4102/4102/4102 4069/4069/4069
f 4069/4069/4069 4102/4102/4102 4070/4070/4070
f 4102/4102/4102 4103/4103/4103 4070/4070/4070
f 4070/4070/4070 4103/4103/4103 4071/4071/4071
f 4103/4103/4103 4104/4104/4104 4071/4071/4071
f 4071/4071/4071 4104/4104/4104 4072/4072/4072
f 4104/4104/4104 4105/4105/4105 4072/4072/4072
f 4072/4072/4072 4105/4105/4105 4073/4073/4073
f 4105/4105/4105 4106/4106/4106 4073/4073/4073
f 4073/4073/4073 4106/4106/4106 4074/4074/4074
f 4106/4106/4106 4107/4107/4107 4074/4074/4074
f 4074/4074/4074 4107/4107/4107 4075/4075/4075
f 4107/4107/4107 4108/4108/4108 4075/4075/4075
f 4075/4075/4075 4108/4108/4108 4076/4076/4076
f 4108/4108/4108 4109/4109/4109 4076/4076/4076
f 4076/4076/4076 4109/4109/4109 4077/4077/4077
f 4109/4109/4109 4110/4110/4110 4077/4077/4077
f 4077/4077/4077 4110/4110/4110 4078/4078/4078
f 4110/4110/4110 4111/4111/4111 4078/4078/4078
f 4078/4078/4078 4111/4111/4111 4079/4079/4079
f 4111/4111/4111 4112/4112/4112 4079/4079/4079
f 4079/4079/4079 4112/4112/4112 4080/4080/4080
f 4112/4112/4112 4113/4113/4113 4080/4080/4080
f 4080/4080/4080 4113/4113/4113 4081/4081/4081
f 4113/4113/4113 4114/4114/4114 4081/4081/4081
f 4081/4081/4081 4114/4114/4114 4082/4082/4082
f 4114/4114/4114 4115/4115/4115 4082/4082/4082
f 4082/4082/4082 4115/4115/4115 4083/4083/4083
f 4115/4115/4115 4116/4116/4116 4083/4083/4083
f 4083/4083/4083 4116/4116/4116 4084/4084/4084
f 4116/4116/4116 4117/4117/4117 4084/4084/4084
f 4084/4084/4084 4117/4117/4117 4085/4085/4085
f 4117/4117/4117 4118/4118/4118 4085/4085/4085
f 4085/4085/4085 4118/4118/4118 4086/4086/4086
f 4118/4118/4118 4119/4119/4119 4086/4086/4086
f 4086/4086/4086 4119/4119/4119 4087/4087/4087
f 4119/4119/4119 4120/4120/4120 4087/4087/4087
f 4087/4087/4087 4120/4120/4120 4088/4088/4088
f 4120/4120/4120 4121/4121/4121 4088/4088/4088
f 4088/4088/4088 4121/4121/4121 4089/4089/4089
f 4121/4121/4121 4122/4122/4122 4089/4089/4089
f 4089/4089/4089 4122/4122/4122 4090/4090/4090
f 4122/4122/4122 4123/4123/4123 4090/4090/4090
f 4090/4090/4090 4123/4123/4123 4091/4091/4091
f 4123/4123/4123 4124/4124/4124 4091/4091/4091
f 4091/4091/4091 4124/4124/4124 4092/4092/4092
f 4124/4124/4124 4125/4125/4125 4092/4092/4092
f 4093/4093/4093 4126/4126/4126 4094/4094/4094
f 4126/4126/4126 4127/4127/4127 4094/4094/4094
f 4094/4094/4094 4127/4127/4127 4095/4095/4095
f 4127/4127/4127 4128/4128/4128 4095/4095/4095
f 4095/4095/4095 4128/4128/4128 4096/4096/4096
f 4128/4128/4128 4129/4129/4129 4096/4096/4096
f 4096/4096/4096 4129/4129/4129 4097/4097/4097
f 4129/4129/4129 4130/4130/4130 4097/4097/4097
f 4097/4097/4097 4130/4130/4130 4098/4098/4098
f 4130/4130/4130 4131/4131/4131 4098/4098/4098
f 4098/4098/4098 4131/4131/4131 4099/4099/4099
f 4131/4131/4131 4132/4132/4132 4099/4099/4099
f 4099/4099/4099 4132/4132/4132 4100/4100/4100
f 4132/4132/4132 4133/4133/4133 4100/4100/4100
f 4100/4100/4100 4133/4133/4133 4101/4101/4101
f 4133/4133/4133 4134/4134/4134 4101/4101/4101
f 4101/4101/4101 4134/4134/4134 4102/4102/4102
f 4134/4134/4134 4135/4135/4135 4102/4102/4102
f 4102/4102/4102 4135/4135/4135 4103/4103/4103
f 4135/4135/4135 4136/4136/4136 4103/4103/4103
f 4103/4103/4103 4136/4136/4136 4104/4104/4104
f 4136/4136/4136 4137/4137/4137 4104/4104/4104
f 4104/4104/4104 4137/4137/4137 4105/4105/4105
f 4137/4137/4137 4138/4138/4138 4105/4105/4105
f 4105/4105/4105 4138/4138/4138 4106/4106/4106
f 4138/4138/4138 4139/4139/4139 4106/4106/4106
f 4106/4106/4106 4139/4139/4139 4107/4107/4107
f 4139/4139/4139 4140/4140/4140 4107/4107/4107
f 4107/4107/4107 4140/4140/4140 4108/4108/4108
f 4140/4140/4140 4141/4141/4141 4108/4108/4108
f 4108/4108/4108 4141/4141/4141 4109/4109/4109
f 4141/4141/4141 4142/4142/4142 4109/4109/4109
f 4109/4109/4109 4142/4142/4142 4110/4110/4110
f 4142/4142/4142 4143/4143/4143 4110/4110/4110
f 4110/4110/4110 4143/4143/4143 4111/4111/4111
f 4143/4143/4143 4144/4144/4144 4111/4111/4111
f 4111/4111/4111 4144/4144/4144 4112/4112/4112
f 4144/4144/4144 4145/4145/4145 4112/4112/4112
f 4112/4112/4112 4145/4145/4145 4113/4113/4113
f 4145/4145/4145 4146/4146/4146 4113/4113/4113
f 4113/4113/4113 4146/4146/4146 4114/4114/4114
f 4146/4146/4146 4147/4147/4147 4114/4114/4114
f 4114/4114/4114 4147/4147/4147 4115/4115/4115
f 4147/4147/4147 4148/4148/4148 4115/4115/4115
f 4115/4115/4115 4148/4148/4148 4116/4116/4116
f 4148/4148/4148 4149/4149/4149 4116/4116/4116
f 4116/4116/4116 4149/4149/4149 4117/4117/4117
f 4149/4149/4149 4150/4150/4150 4117/4117/4117
f 4117/4117/4117 4150/4150/4150 4118/4118/4118
f 4150/4150/4150 4151/4151/4151 4118/4118/4118
f 4118/4118/4118 4151/4151/4151 4119/4119/4119
f 4151/4151/4151 4152/4152/4152 4119/4119/4119
f 4119/4119/4119 4152/4152/4152 4120/4120/4120
f 4152/4152/4152 4153/4153/4153 4120/4120/4120
f 4120/4120/4120 4153/4153/4153 4121/4121/4121
f 4153/4153/4153 4154/4154/4154 4121/4121/4121
f 4121/4121/4121 4154/4154/4154 4122/4122/4122
f 4154/4154/4154 4155/4155/4155 4122/4122/4122
f 4122/4122/4122 4155/4155/4155 4123/4123/4123
f 4155/4155/4155 4156/4156/4156 4123/4123/4123
f 4123/4123/4123 4156/4156/4156 4124/4124/4124
f 4156/4156/4156 4157/4157/4157 4124/4124/4124
f 4124/4124/4124 4157/4157/4157 4125/4125/4125
f 4157/4157/4157 4158/4158/4158 4125/4125/4125
f 4126/4126/4126 4159/4159/4159 4127/4127/4127
f 4159/4159/4159 4160/4160/4160 4127/4127/4127
f 4127/4127/4127 4160/4160/4160 4128/4128/4128
f 4160/4160/4160 4161/4161/4161 4128/4128/4128
f 4128/4128/4128 4161/4161/4161 4129/4129/4129
f 4161/4161/4161 4162/4162/4162 4129/4129/4129
f 4129/4129/4129 4162/4162/4162 4130/4130/4130
f 4162/4162/4162 4163/4163/4163 4130/4130/4130
f 4130/4130/4130 4163/4163/4163 4131/4131/4131
f 4163/4163/4163 4164/4164/4164 4131/4131/4131
f 4131/4131/4131 4164/4164/4164 4132/4132/4132
f 4164/4164/4164 4165/4165/4165 4132/4132/4132
f 4132/4132/4132 4165/4165/4165 4133/4133/4133
f 4165/4165/4165 4166/4166/4166 4133/4133/4133
f 4133/4133/4133 4166/4166/4166 4134/4134/4134
f 4166/4166/4166 4167/4167/4167 4134/4134/4134
f 4134/4134/4134 4167/4167/4167 4135/4135/4135
f 4167/4167/4167 4168/4168/4168 4135/4135/4135
f 4135/4135/4135 4168/4168/4168 4136/4136/4136
f 4168/4168/4168 4169/4169/4169 4136/4136/4136
f 4136/4136/4136 4169/4169/4169 4137/4137/4137
f 4169/4169/4169 4170/4170/4170 4137/4137/4137
f 4137/4137/4137 4170/4170/4170 4138/4138/4138
f 4170/4170/4170 4171/4171/4171 4138/4138/4138
f 4138/4138/4138 4171/4171/4171 4139/4139/4139
f 4171/4171/4171 4172/4172/4172 4139/4139/4139
f 4139/4139/4139 4172/4172/4172 4140/4140/4140
f 4172/4172/4172 4173/4173/4173 4140/4140/4140
f 4140/4140/4140 4173/4173/4173 4141/4141/4141
f 4173/4173/4173 4174/4174/4174 4141/4141/4141
f 4141/4141/4141 4174/4174/4174 4142/4142/4142
f 4174/4174/4174 4175/4175/4175 4142/4142/4142
f 4142/4142/4142 4175/4175/4175 4143/4143/4143
f 4175/4175/4175 4176/4176/4176 4143/4143/4143
f 4143/4143/4143 4176/4176/4176 4144/4144/4144
f 4176/4176/4176 4177/4177/4177 4144/4144/4144
f 4144/4144/4144 4177/4177/4177 4145/4145/4145
f 4177/4177/4177 4178/4178/4178 4145/4145/4145
f 4145/4145/4145 4178/4178/4178 4146/4146/4146
f 4178/4178/4178 4179/4179/4179 4146/4146/4146
f 4146/4146/4146 4179/4179/4179 4147/4147/4147
f 4179/4179/4179 4180/4180/4180 4147/4147/4147
f 4147/4147/4147 4180/4180/4180 4148/4148/4148
f 4180/4180/4180 4181/4181/4181 4148/4148/4148
f 4148/4148/4148 4181/4181/4181 4149/4149/4149
f 4181/4181/4181 4182/4182/4182 4149/4149/4149
f 4149/4149/4149 4182/4182/4182 4150/4150/4150
f 4182/4182/4182 4183/4183/4183 4150/4150/4150
f 4150/4150/4150 4183/4183/4183 4151/4151/4151
f 4183/4183/4183 4184/4184/4184 4151/4151/4151
f 4151/4151/4151 4184/4184/4184 4152/4152/4152
f 4184/4184/4184 4185/4185/4185 4152/4152/4152
f 4152/4152/4152 4185/4185/4185 4153/4153/4153
f 4185/4185/4185 4186/4186/4186 4153/4153/4153
f 4153/4153/4153 4186/4186/4186 4154/4154/4154
f 4186/4186/4186 4187/4187/4187 4154/4154/4154
f 4154/4154/4154 4187/4187/4187 4155/4155/4155
f 4187/4187/4187 4188/4188/4188 4155/4155/4155
f 4155/4155/4155 4188/4188/4188 4156/4156/4156
f 4188/4188/4188 4189/4189/4189 4156/4156/4156
f 4156/4156/4156 4189/4189/4189 4157/4157/4157
f 4189/4189/4189 4190/4190/4190 4157/4157/4157
f 4157/4157/4157 4190/4190/4190 4158/4158/4158
f 4190/4190/4190 4191/4191/4191 4158/4158/4158
f 4159/4159/4159 4192/4192/4192 4160/4160/4160
f 4192/4192/4192 4193/4193/4193 4160/4160/4160
f 4160/4160/4160 4193/4193/4193 4161/4161/4161
f 4193/4193/4193 4194/4194/4194 4161/4161/4161
f 4161/4161/4161 4194/4194/4194 4162/4162/4162
f 4194/4194/4194 4195/4195/4195 4162/4162/4162
f 4162/4162/4162 4195/4195/4195 4163/4163/4163
f 4195/4195/4195 4196/4196/4196 4163/4163/4163
f 4163/4163/4163 4196/4196/4196 4164/4164/4164
f 4196/4196/4196 4197/4197/4197 4164/4164/4164
f 4164/4164/4164 4197/4197/4197 4165/4165/4165
f 4197/4197/4197 4198/4198/4198 4165/4165/4165
f 4165/4165/4165 4198/4198/4198 4166/4166/4166
f 4198/4198/4198 4199/4199/4199 4166/4166/4166
f 4166/4166/4166 4199/4199/4199 4167/4167/4167
f 4199/4199/4199 4200/4200/4200 4167/4167/4167
f 4167/4167/4167 4200/4200/4200 4168/4168/4168
f 4200/4200/4200 4201/4201/4201 4168/4168/4168
f 4168/4168/4168 4201/4201/4201 4169/4169/4169
f 4201/4201/4201 4202/4202/4202 4169/4169/4169
f 4169/4169/4169 4202/4202/4202 4170/4170/4170
f 4202/4202/4202 4203/4203/4203 4170/4170/4170
f 4170/4170/4170 4203/4203/4203 4171/4171/4171
f 4203/4203/4203 4204/4204/4204 4171/4171/4171
f 4171/4171/4171 4204/4204/4204 4172/4172/4172
f 4204/4204/4204 4205/4205/4205 4172/4172/4172
f 4172/4172/4172 4205/4205/4205 4173/4173/4173
f 4205/4205/4205 4206/4206/4206 4173/4173/4173
f 4173/4173/4173 4206/4206/4206 4174/4174/4174
f 4206/4206/4206 4207/4207/4207 4174/4174/4174
f 4174/4174/4174 4207/4207/4207 4175/4175/4175
f 4207/4207/4207 4208/4208/4208 4175/4175/4175
f 4175/4175/4175 4208/4208/4208 4176/4176/4176
f 4208/4208/4208 4209/4209/4209 4176/4176/4176
f 4176/4176/4176 4209/4209/4209 4177/4177/4177
f 4209/4209/4209 4210/4210/4210 4177/4177/4177
f 4177/4177/4177 4210/4210/4210 4178/4178/4178
f 4210/4210/4210 4211/4211/4211 4178/4178/4178
f 4178/4178/4178 4211/4211/4211 4179/4179/4179
f 4211/4211/4211 4212/4212/4212 4179/4179/4179
f 4179/4179/4179 4212/4212/4212 4180/4180/4180
f 4212/4212/4212 4213/4213/4213 4180/4180/4180
f 4180/4180/4180 4213/4213/4213 4181/4181/4181
f 4213/4213/4213 4214/4214/4214 4181/4181/4181
f 4181/4181/4181 4214/4214/4214 4182/4182/4182
f 4214/4214/4214 4215/4215/4215 4182/4182/4182
f 4182/4182/4182 4215/4215/4215 4183/4183/4183
f 4215/4215/4215 4216/4216/4216 4183/4183/4183
f 4183/4183/4183 4216/4216/4216 4184/4184/4184
f 4216/4216/4216 4217/4217/4217 4184/4184/4184
f 4184/4184/4184 4217/4217/4217 4185/4185/4185
f 4217/4217/4217 4218/4218/4218 4185/4185/4185
f 4185/4185/4185 4218/4218/4218 4186/4186/4186
f 4218/4218/4218 4219/4219/4219 4186/4186/4186
f 4186/4186/4186 4219/4219/4219 4187/4187/4187
f 4219/4219/4219 4220/4220/4220 4187/4187/4187
f 4187/4187/4187 4220/4220/4220 4188/4188/4188
f 4220/4220/4220 4221/4221/4221 4188/4188/4188
f 4188/4188/4188 4221/4221/4221 4189/4189/4189
f 4221/4221/4221 4222/4222/4222 4189/4189/4189
f 4189/4189/4189 4222/4222/4222 4190/4190/4190
f 4222/4222/4222 4223/4223/4223 4190/4190/4190
f 4190/4190/4190 4223/4223/4223 4191/4191/4191
f 4223/4223/4223 4224/4224/4224 4191/4191/4191
f 4192/4192/4192 4225/4225/4225 4193/4193/4193
f 4225/4225/4225 4226/4226/4226 4193/4193/4193
f 4193/4193/4193 4226/4226/4226 4194/4194/4194
f 4226/4226/4226 4227/4227/4227 4194/4194/4194
f 4194/4194/4194 4227/4227/4227 4195/4195/4195
f 4227/4227/4227 4228/4228/4228 4195/4195/4195
f 4195/4195/4195 4228/4228/4228 4196/4196/4196
f 4228/4228/4228 4229/4229/4229 4196/4196/4196
f 4196/4196/4196 4229/4229/4229 4197/4197/4197
f 4229/4229/4229 4230/4230/4230 4197/4197/4197
f 4197/4197/4197 4230/4230/4230 4198/4198/4198
f 4230/4230/4230 4231/4231/4231 4198/4198/4198
f 4198/4198/4198 4231/4231/4231 4199/4199/4199
f 4231/4231/4231 4232/4232/4232 4199/4199/4199
f 4199/4199/4199 4232/4232/4232 4200/4200/4200
f 4232/4232/4232 4233/4233/4233 4200/4200/4200
f 4200/4200/4200 4233/4233/4233 4201/4201/4201
f 4233/4233/4233 4234/4234/4234 4201/4201/4201
f 4201/4201/4201 4234/4234/4234 4202/4202/4202
f 4234/4234/4234 4235/4235/4235 4202/4202/4202
f 4202/4202/4202 4235/4235/4235 4203/4203/4203
f 4235/4235/4235 4236/4236/4236 4203/4203/4203
f 4203/4203/4203 4236/4236/4236 4204/4204/4204
f 4236/4236/4236 4237/4237/4237 4204/4204/4204
f 4204/4204/4204 4237/4237/4237 4205/4205/4205
f 4237/4237/4237 4238/4238/4238 4205/4205/4205
f 4205/4205/4205 4238/4238/4238 4206/4206/4206
f 4238/4238/4238 4239/4239/4239 4206/4206/4206
f 4206/4206/4206 4239/4239/4239 4207/4207/4207
f 4239/4239/4239 4240/4240/4240 4207/4207/4207
f 4207/4207/4207 4240/4240/4240 4208/4208/4208
f 4240/4240/4240 4241/4241/4241 4208/4208/4208
f 4208/4208/4208 4241/4241/4241 4209/4209/4209
f 4241/4241/4241 4242/4242/4242 4209/4209/4209
f 4209/4209/4209 4242/4242/4242 4210/4210/4210
f 4242/4242/4242 4243/4243/4243 4210/4210/4210
f 4210/4210/4210 4243/4243/4243 4211/4211/4211
f 4243/4243/4243 4244/4244/4244 4211/4211/4211
f 4211/4211/4211 4244/4244/4244 4212/4212/4212
f 4244/4244/4244 4245/4245/4245 4212/4212/4212
f 4212/4212/4212 4245/4245/4245 4213/4213/4213
f 4245/4245/4245 4246/4246/4246 4213/4213/4213
f 4213/4213/4213 4246/4246/4246 4214/4214/4214
f 4246/4246/4246 4247/4247/4247 4214/4214/4214
f 4214/4214/4214 4247/4247/4247 4215/4215/4215
f 4247/4247/4247 4248/4248/4248 4215/4215/4215
f 4215/4215/4215 4248/4248/4248 4216/4216/4216
f 4248/4248/4248 4249/4249/4249 4216/4216/4216
f 4216/4216/4216 4249/4249/4249 4217/4217/4217
f 4249/4249/4249 4250/4250/4250 4217/4217/4217
f 4217/4217/4217 4250/4250/4250 4218/4218/4218
f 4250/4250/4250 4251/4251/4251 4218/4218/4218
f 4218/4218/4218 4251/4251/4251 4219/4219/4219
f 4251/4251/4251 4252/4252/4252 4219/4219/4219
f 4219/4219/4219 4252/4252/4252 4220/4220/4220
f 4252/4252/4252 4253/4253/4253 4220/4220/4220
f 4220/4220/4220 4253/4253/4253 4221/4221/4221
f 4253/4253/4253 4254/4254/4254 4221/4221/4221
f 4221/4221/4221 4254/4254/4254 4222/4222/4222
f 4254/4254/4254 4255/4255/4255 4222/4222/4222
f 4222/4222/4222 4255/4255/4255 4223/4223/4223
f 4255/4255/4255 4256/4256/4256 4223/4223/4223
f 4223/4223/4223 4256/4256/4256 4224/4224/4224
f 4256/4256/4256 4257/4257/4257 4224/4224/4224
